Title,Author,Year
ELDERLY CARE IN INDIA: Societal and State Responses,S. Irudaya Rajan and Gayathri Balagopal (eds),2021
THE SOCIOLOGY OF AGING (Third Edition),Diana K. Harris,2020
ELDERLY WIDOWS: Socio-Economic and Demographic Study in Jharkhand,Sangeeta Gupta,2018
SOCIOLOGY OF AGEING: A Reader,"Ajaya Kumar Sahoo,0
SOCIAL WORK IN HEALTH AND AGEING: Global Perspectives ,"Barbara Berkman,0
AGEING AND ELDER ABUSE: A Study in Kerala,Daliya Sebastian,2013
AGEING: An Interdisciplinary Approach,Sarjoo Patel and Veena Gandotra (Eds),2011
AGEISM AND ELDER ABUSE ,Lynn McDonald and K.L. Sharma (Eds.),2011
WOMEN AGEING: Social Work Intervention,Vineeta Srivastava,2010
AGEING AND HEALTH IN INDIA ,C. Shanthi Johnson and S. Irudaya Rajan (Eds.),2010
DIMENSIONS OF AGEING: Indian Studies,K.L. Sharma (Ed.),2009
STUDIES IN GERONTOLOGY: Intergenerational Perspective ,K.L. Sharma (Ed.),2007
AGRICULTURAL GEOGRAPHY (Second Edition),Majid Husain,2020
AGRICULTURAL GEOGRAPHY (Second Edition),Majid Husain,2020
SMART AGRICULTURE: Ancient Wisdom and Modern Technology,"Punyatoya Patra,0
WATER RESOURCE MANAGEMENT: Problems and Prospects,Alpana Kateja (Ed.),2019
"INTEGRATED WATERSHED MANAGEMENT: Field Manual for Equitable, Productive and Sustainable Development",0
COMPARATIVE BIOGEOGRAPHY: Discovering and Classifying Biogeographical Patterns of a Dynamic Earth ,Lynne R. Parenti and Malte C. Ebach,2017
"GROUNDWATER GOVERNANCE: Development, Degradation & Management ",0
DAMS AND DEVELOPMENT IN INDIA,Arun Kumar Nayak,2016
MANAGING GROUNDWATER FOR IRRIGATED AGRICULTURE: The Relevance of Biodrainage Model,A.S. Kapoor ,2014
TRIBALS AND COMMUNITY FOREST MANAGEMENT,Madhusudan Bandi ,2013
TRADE LIBERALIZATION AND INDIAN AGRICULTURE ,Seema Bathla,2012
WATERSHED DEVELOPMENT AND HEALTH: Study of Child Nutrition in Rural Semi-Arid Region,Apoorvaa Pandit and Dipak Zade,2012
"POLITICAL ECONOMY OF WATERSHED MANAGEMENT: Policies, Institutions,0
ADMINISTRATION OF DESERT AND DROUGHT-PRONE ARID AREAS ,Rakesh Hooja and R.K. Choubisa (Eds.),2009
TRIBALS AND MODERN AGRICULTURE: Dynamics of Fertiliser Use in Madhya Pradesh,D.C. Sah,2009
AGRICULTURAL DEVELOPMENT POLICY: Concepts and Experiences,Roger D. Norton,2006
COMMUNITY WATER MANAGEMENT,G.S. Narwani,2005
WATER HARVESTING AND SUSTAINABLE SUPPLY IN INDIA ,R.N. Athavale,2003
"IRRIGATION DEVELOPMENT AND AGRARIAN CHANGE: A Study In Sindh, Pakistan",0
LAND DEGRADATION AND DESERTIFICATION ,V.C. Jha (Ed.),2003
GREENING THE DESERT: Motivating Settlers in the IGNP,Rakesh Hooja ,2001
PARTICIPATORY IRRIGATION MANAGEMENT: Paradigm for the 21st Century (2 Volume Set),L.K. Joshi and Rakesh Hooja (Eds),2000
AGRARIAN STRUCTURE & TENANCY MOVEMENTS ,G.V. Joshi ,2000
RESOURCE MANAGEMENT AND CONTOURS OF DEVELOPMENT: Reflections Through Macro-Micro Narratives, B.C. Barik (Ed.),2000
"DESERT, DROUGHT & DEVELOPMENT: Studies in Resource Management and Sustainability",0
TECHNOLOGICAL CHANGE IN INDIAN AGRICULTURE: A Regional Perspective,T.C. Sharma,1999
DEVELOPING AGRICULTURAL TECHNOLOGY: A Study of Andhra Pradesh Agriculture,A. Venkateswarlu,1998
NON-AGRICULTURAL EMPLOYMENT IN RURAL INDIA: The Case of Gujarat,"Rakesh Basant,0
CLIMATE & DRYLAND ECOLOGY,Yaseen Khan,1998
POLICIES FOR AGRICULTURAL DEVELOPMENT: Perspectives from States,V.S. Vyas and Pradeep Bhargava (Eds.),1997
URBAN WATER CRISIS: Rationale for Pricing,V. Ratna Reddy,1996
MANAGING IRRIGATION PROJECT: A Study of Chambal Valley Project,H.S. Srivastava,1996
GLOBALIZATION & AGRICULTURAL MARKETING,Harish Nayyar and P. Ramaswamy (Ed.),1995
LABOUR ABSORPTION IN AGRICULTURE,V. Ratna Reddy,1995
PLANNING FOR SUSTAINABILITY IN IRRIGATION: Command Area Development and Indira Gandhi canal Project,Rakesh Hooja and P.S. Kavdia (Eds.),1994
GEOGRAPHICAL PERSPECTIVES ON IRRIGATION,Ram Kumar Gurjar (Ed.),1990
REGIONAL PERSPECTIVE ON DRY FARMING,Salahuddin Qureshi,1989
"ETHNICITY, IDENTITY AND CULTURE: Scheduled Tribes of Andhra Pradesh and Telangana",0
DISADVANTAGED TRIBES OF INDIA: Regional Concerns,V. Srinivasa Rao (ed.),2021
TRIBAL LIVELIHOOD AND GOVERNANCE: Regional Concerns,V. Srinivasa Rao (ed.),2021
CHALLENGES OF TRIBAL DEVELOPMENT: Contemporary Social Concerns,V. Srinivasa Rao (ed.),2021
TRIBAL INTEGRATION IN INDIA: Northeast and Beyond,V. Srinivasa Rao (ed.),2021
SOCIOLOGY OF FOOD,Madhu Nagla,2020
"AN INTRODUCTION TO SOCIAL AND CULTURAL ANTHROPOLOGY: Small Places, Large Issues (Fourth Edition)",0
SOCIAL MOVEMENTS: A Cognitive Approach,Ron Eyerman and Andrew Jamison,2020
ANTHROPOLOGICAL THEORY TODAY,Henrietta L. Moore (ed),2020
ANTHROPOLOGY AND HEALTH,Rashmi Sinha (ed.),2019
ISSUES AND PERSPECTIVES IN ANTHROPOLOGY,Rashmi Sinha (Ed.),2019
TRIBALS & DEMOCRATIC POLITICS: Understanding from Agency Areas of Telangana and Andhra Pradesh,Sunkari Satyam,2019
CHANGE AND CONTINUITY AMONG TRIBES: The Idu Mishmis of Arunachal Pradesh,Tarun Mene and Sarit K. Chaudhuri (eds.),2019
ISSUES AND THEMES IN CONTEMPORARY SOCIETY: Essays in Honour of Professor Ishwar Modi,B.K. Nagla and Vinay Kumar Srivastava (Eds),2019
"TRIBAL LANGUAGE,LITERATURE AND FOLKLORE:  Emerging Approaches in Tribal Studies",0
MULTICULTURALISM,C.W. Watson,2019
CULTURE,Mark J. Smith,2019
CASTE,Ursula Sharma,2019
MULTICULTURALISM,C.W. Watson,2019
CULTURE  reinventing the social sciences,Mark J. Smith,2019
TRIBAL RELIGION: Continuity and Change among the Tangkhul Naga,Rimai Joy,2019
A HISTORY OF ANTHROPOLOGY (Second Edition),Thomas Hylland Eriksen and Finn Sivert Nielsen,2019
WHAT IS ANTHROPOLOGY? (Second Edition),Thomas Hylland Eriksen,2019
SOCIAL MOBILITY IN THE CASTE SYSTEM IN INDIA: An Interdisciplinary Symposium,James Silverberg (Ed.),2019
"CULTURES, IDENTITIES,0
REVISITING TRIBAL STUDIES: A Glimpse After Hundred Years,M.C. Behera (ed.),2018
ANTHROPOLOGY AND DEVELOPMENT: Understanding Contemporary Social Change,Jean-Pierre Olivier de Sardan,2018
THE LITTLE COMMUNITY AND PEASANT SOCIETY AND CULTURE,Robert Redfield,2018
TRADITIONAL INDIA: Structure and Change,Milton Singer (ed.),2018
HISTORY OF CASTE IN INDIA: Evidence of the Laws of Manu of the Social Conditions in India during the Third Century A.D.,S.V. Ketkar,2018
"TRIBES, CASTES AND DEVELOPMENT: Scenario in Three Villages of Madhya Pradesh",0
SOCIETY AND CULTURE IN INDIA: Their Dynamics through the Ages,"Indra Deva,0
EDUCATING EX-CRIMINAL TRIBES: Issues and Concerns,Malli Gandhi ,2017
RETHINKING TRIBE IN INDIAN CONTEXT: Realities Issues & Challenges ,Bidhan Kanti Das and Rajat Kanti Das (eds),2017
MANAGEMENT CULTURE IN INDIA: An Ethnographic Study,  M. Romesh Singh,2017
"CASTE, TRIBE AND GENDER: Politics of Self and the Other ",0
TRIBAL LAND QUESTION: Case of Andhra Pradesh,Palla Trinadha Rao ,2017
ANTHROPOLOGY AND HUMAN RIGHTS,Buddhadeb Chaudhuri and Subir Biswas (eds),2017
"MODERNITY, ETHNICITY AND DEVELOPMENT",0
"MIGRATION, IDENTITY AND CONFLICT: Lived Experience of Northeasterners in Delhi",0
STRATIFICATION AND SOCIAL CHANGE AMONG TRIBALS: An Anthropological Study among the Sherdukpens of Arunachal Pradesh,Rinchin Megejee,2017
TRIBAL SITUATION IN INDIA: Issues and Development (Second Revised Edition),Vidyut Joshi and Chandrakant Upadhyaya (eds),2017
GENDER IMPLICATIONS OF TRIBAL CUSTOMARY LAW: The Case of North-East India,"Melvil Pereira,0
THE VITALITY OF INDIA: A Regional Perspective,Gopal Krishan,2017
"CITIZENSHIP, NATIONALITY AND ETHNICITY: Reconciling Competing Identities",0
THE BACKGROUND TO CONTEMPORARY CRITICAL THEORY: From Kant to Levi Strauss,Jon Simons (ed.),2017
VILLAGE INDIA: Studies in the Little Community ,McKim Marriott (ed.),2017
TRIBAL STUDIES AND BEYOND: Contributions of D.N. Majumdar to Indian Anthropology,H.S Saksena,2017
INDIAN SOCIETY AND CULTURE,Vinita Pandey,2016
INDIAN SOCIETY AND CULTURE,Vinita Pandey,2016
MAX WEBER: An Intellectual Portrait ,Reinhard Bendix,2016
RESEARCH METHODS FOR CULTURAL STUDIES ,Michael Pickering (ed),2016
THE HINDU FAMILY IN ITS URBAN SETTING,Aileen D. Ross,2015
THEORIES OF MULTICULTURALISM: An Introduction,George Crowder,2015
DEVELOPMENT AND DISCONTENT IN TRIBAL INDIA,Yatindra Singh Sisodia and Tapas Kumar Dalapati (Eds) ,2015
IMAGINED COMMUNITIES: Reflections on the Origin and Spread of Nationalism,Benedict Anderson,2015
STRUCTURE & CHANGE IN INDIAN SOCIETY,"Milton Singer,0
"CASTE, MARRIAGE AND INEQUALITY: Studies from North and South India",0
MODERNITY AND ETHNIC PROCESSES IN INDIA,D.V. Kumar (Ed.),2014
"AN INTRODUCTION TO SOCIAL AND CULTURAL ANTHROPOLOGY: Small Places, Large Issues",0
ANTHROPOLOGY & HEALTH ISSUES,"Buddhadeb Chaudhuri,0
"RESOURCES, TRIBES AND DEVELOPMENT: Competing Interests and Contours of Possibilities",0
GENDERING MATERIAL CULTURE: Representations and Practice  ,Subhadra Mitra Channa Kamal K. Misra (Eds),2013
TRIBALS AND COMMUNITY FOREST MANAGEMENT,Madhusudan Bandi ,2013
"EXCLUSION, DISCRIMINATION AND STRATIFICATION : Tribes in Contemporary India",0
CROSS-CULTURAL RESEARCH METHODS ,Carol R. Ember and Melvin Ember ,2013
"GLOBALIZATION, NATIONAL DEVELOPMENT AND TRIBAL IDENTITY ",0
EXPLORATIONS IN CULTURAL ANTHROPOLOGY ,Colleen E. Boyd and Luke Eric Lassiter (eds.),2012
STUDIES IN SOCIAL AND PHYSICAL ANTHROPOLOGY ,Gopala Sarana and R.P. Srivastava (Eds.),2012
INTEGRAL ANTHROPOLOGY: Selected Anthropological Writings of J.V. Ferreira,Bernd Pflug and S.M. Michael (Eds.),2012
SOCIETY AND CULTURE: S.P. NAGENDRA,C. Lakshmanna and Jugendra Sahai (Eds.),2012
BIO-CULTURAL DEVELOPMENT OF SCHEDULED TRIBES: Policies and Issues,"P.K. Misra,0
WHAT IS CULTURAL STUDIES: A Reader,John Storey (ed.),2012
THE RISE OF ANTHROPOLOGICAL THEORY: A History of Theories of Culture (Updated Edition),Marvin Harris,2011
"POLLUTION, UNTOUCHABILITY AND HARIJANS ",0
"CULTURE, STRATIFICATION AND DEVELOPMENT ",0
AN INTRODUCTION TO ANTHROPOLOGICAL THEORIES AND THEORISTS (3rd edition),Jerry D. Moore,2011
"KASHMIR: CONTESTED IDENTITY: Closed Systems, Open Choices",0
THE ANTHROPOLOGY OF GLOBALIZATION: Cultural Anthropology Enters the 21st Century,Ted C. Lewellen,2010
"CULT, RELIGION AND SOCIETY: Polyandrous People of Western Himalaya",0
I. P. DESAI: A Pioneering Indian Sociologist,Ragini P. Shah,2010
TRIBAL ECONOMY AT CROSSROADS ,S.N. Chaudhary (Ed.),2010
ETHNOGRAPHY ,John D. Brewer,2010
KEY ISSUES IN CRITICAL & CULTURAL THEORY ,Kate McGowan,2009
"DIVERSITY, ETHNICITY AND IDENTITY IN SOUTH ASIA ",0
TRIBALS AND MODERN AGRICULTURE: Dynamics of Fertiliser Use in Madhya Pradesh,D.C. Sah,2009
THEORY & PRACTICE OF ETHNOGRAPHY: Readings from the Periphery,Eswarappa Kasi and Ramesh C. Malik (Eds.),2009
INDIGENOUS SCIENCE & TECHNOLOGY FOR SUSTAINABLE DEVELOPMENT ,V. Subramanyam (Ed.),2008
RESEARCH METHODS IN ANTHROPOLOGY: Qualitative and Quantitative Approaches (4th Edition),H. Russell Bernard,2008
IMPACT OF GLOBALISATION ON TRIBALS: In the Context of Kerala,Mathew Aerthayil,2008
INDIAN TRIBES AND THE MAINSTREAM,Sukant K. Chaudhury and Soumendra Mohan Patnaik (Eds.) ,2008
TRIBALS AND THE INDIAN CONSTITUTION: Functioning of Fifth Schedule in the State of Orissa,N.K. Behura and Nilakantha Panigrahi,2006
THE SOCIOLOGY OF CULTURE ,Boris Erasov and Yogendra Singh,2006
ANTHROPOLOGY: Theoretical Practice in Culture and Society,Michael Herzfeld,2004
CASTE AND RACE: Comparative Study of BR Ambedkar and Martin Luther King ,Mohan Dass Namishray,2003
MANAVSHASTRIYA VICHARAK (Anthropological Thinkers) (Hindi) ,Harikrishna Rawat,2003
MANAVSHASTRIYA VICHARAK (Anthropological Thinkers) (Hindi) ,Harikrishna Rawat,2003
AUTONOMY MOVEMENTS AND FEDERAL INDIA ,Bhupinder Singh,2002
"CULTURE, COMMUNITIES AND CHANGE",0
ETHNOGRAPHY OF A TRIBE: Study of Anwals of Uttarakhand Himalaya,B.S. Bisht ,2001
THE SADHUS OF INDIA: A Study of Hindu Asceticism,Robert Lewis Gross ,2001
SOCIAL ANTHROPOLOGY,S.L. Doshi and P.C. Jain,2001
SOCIAL ANTHROPOLOGY,S.L. Doshi and P.C. Jain,2001
TRADING COMMUNITY OF INDIA: An Anthropological Study of Ethnicity,Nilakantha Panigrahi and Premananda Panda ,2000
ETHNOGRAPHY AND PERSONHOOD: Notes from the Field,Michael W. Meister (ed.),2000
FOLK RELIGION: Change and Continuity,H S Bhatti ,2000
CULTURE CHANGE IN INDIA: Identity & Globalization,Yogendra Singh ,2000
CULTURE CHANGE IN INDIA: Identity & Globalization,Yogendra Singh ,2000
MULTI-CULTURALISM AND ETHNICITY IN GLOBAL CONTEXT,Satish K. Sharma (Ed.),1996
MODERNIZATION OF INDIAN TRADITION ,Yogendra Singh,1986
MODERNIZATION OF INDIAN TRADITION,Yogendra Singh,1986
SOCIAL PROBLEMS IN INDIA (Fourth Edition),Ram Ahuja,2021
UNDERDEVELOPMENT AND NAXALISM IN INDIA: Reflexive Discourse and Debates,Smita Verma (ed),2018
"WOMEN, VIOLENCE AND SOCIAL STIGMA: A Sociology of Burn Attacks",0
FEMALE JUVENILE DELINQUENCY,Saumya Shanker,2018
EDUCATING EX-CRIMINAL TRIBES: Issues and Concerns,Malli Gandhi ,2017
"GENDER, PATRIARCHY AND VIOLENCE: The Case of Punjab and Haryana",0
"CRIMINALISATION OF POLITICS: Caste, Land and the State",0
CRIMINOLOGY,Ram Ahuja,2015
CRIMINOLOGY,Ram Ahuja,2015
"VIOLENCE IN MEDIA AND SOCIETY: Literature, Film and TV",0
"CRIMINOLOGICAL THEORIES: Introduction, Evaluation,0
LEISURE AND CRIME,Mohammad M. Hussinat,1997
"ETHNICITY, IDENTITY AND CULTURE: Scheduled Tribes of Andhra Pradesh and Telangana",0
"AN INTRODUCTION TO SOCIAL AND CULTURAL ANTHROPOLOGY: Small Places, Large Issues (Fourth Edition)",0
ISSUES AND THEMES IN CONTEMPORARY SOCIETY: Essays in Honour of Professor Ishwar Modi,B.K. Nagla and Vinay Kumar Srivastava (Eds),2019
GLOBALIZATION AND CULTURE,John Tomlinson,2019
"LITERATURE, CULTURE AND SOCIETY",0
"TRIBAL LANGUAGE,LITERATURE AND FOLKLORE:  Emerging Approaches in Tribal Studies",0
MODERNIZATION OF ASIAN THEATRES: Process and Tradition,Yasushi Nagata and Ravi Chaturvedi (Eds.),2019
MULTICULTURALISM,C.W. Watson,2019
CULTURE,Mark J. Smith,2019
MULTICULTURALISM,C.W. Watson,2019
CULTURE  reinventing the social sciences,Mark J. Smith,2019
"CULTURE, HISTORY AND POLITICS: South Asian Narratives",0
"GENDER, CULTURE AND HONOUR: Gender Audit of Punjab and Haryana",0
"CULTURES, IDENTITIES,0
RELIGIOUS DEMOGRAPHY OF INDIA: Myths and Realities,Lancy Lobo and Jayesh Shah (eds),2018
ANTHROPOLOGY AND DEVELOPMENT: Understanding Contemporary Social Change,Jean-Pierre Olivier de Sardan,2018
INDIAN FICTION AND MULTICULTURALISM,J. Yellaiah and K. Damodar Rao (eds),2018
SOCIETY AND CULTURE IN INDIA: Their Dynamics through the Ages,"Indra Deva,0
CONTEMPORARY CULTURAL THEORY,"Andrew Milner,0
MANAGEMENT CULTURE IN INDIA: An Ethnographic Study,  M. Romesh Singh,2017
"MIGRATION, IDENTITY AND CONFLICT: Lived Experience of Northeasterners in Delhi",0
CONTEMPORARY INDIAN THEATRE: Theatricality and Artistic Crossovers ,Ravi Chaturvedi and Tapati Gupta (eds),2017
MODERNISM: A Cultural History,Tim Armstrong,2017
FEMINIST CRITICISM: Women as Contemporary Critics,Maggie Humm,2017
MEDIA & SOCIETY: Critical Perspectives (Second Edition),Graeme Burton,2017
MAPPING INDIAN DIASPORA: Contestations and Representations,Ajaya K. Sahoo (ed.),2017
KEY CONCEPTS IN LITERARY THEORY (3rd Edition),"Julian Wolfreys,0
POST-THEORY: New Directions in Criticism,"Martin McQuillan,0
THE BACKGROUND TO CONTEMPORARY CRITICAL THEORY: From Kant to Levi Strauss,Jon Simons (ed.),2017
FAITH MOVEMENTS AND SOCIAL TRANSFORMATION: Guru Charisma in Contemporary India,Samta P. Pandya,2017
WOMEN IN PATRIARCHY: Cross-Cultural Readings,Jasbir Jain (ed.),2017
RESEARCH METHODS FOR CULTURAL STUDIES ,Michael Pickering (ed),2016
"CULTURE, TRANSFORMATION AND IDENTITY: Travel,0
THEORIES OF MULTICULTURALISM: An Introduction,George Crowder,2015
GENDERING MATERIAL CULTURE: Representations and Practice  ,Subhadra Mitra Channa Kamal K. Misra (Eds),2013
EXPLORATIONS IN CULTURAL ANTHROPOLOGY ,Colleen E. Boyd and Luke Eric Lassiter (eds.),2012
CULTURAL NARRATIVES: Hybridity & Other Spaces,Jasbir Jain (ed.),2012
POSTMODERNISM OR THE CULTURAL LOGIC OF LATE CAPITALISM ,Fredric Jameson,2012
SOCIETY AND CULTURE: S.P. NAGENDRA,C. Lakshmanna and Jugendra Sahai (Eds.),2012
"GLOBALISATION, DEVELOPMENT AND CULTURE",0
WHAT IS CULTURAL STUDIES: A Reader,John Storey (ed.),2012
"CULTURE, NATURE AND LITERATURE",0
"WOMEN, RELIGION AND TRADITION: The Cult of Jogins,0
"CULTURE, STRATIFICATION AND DEVELOPMENT ",0
MUSLIM CULTURE IN INDIAN CINEMA ,Jasbir Jain (Ed.),2011
READING LITERARY CULTURE: Perspectives from Orissa,Sumanyu Satpathy,2009
KEY ISSUES IN CRITICAL & CULTURAL THEORY ,Kate McGowan,2009
RECONSTRUCTING IDENTITIES: Society Through Literature,Paramjit S. Judge and Gurpreet Bal (Eds.),2008
CULTURAL GEOGRAPHY: A Critical Dictionary of Key Concepts ,"David Atkinson,0
"CULTURAL HISTORY OF ANCIENT INDIA: Diversity, Syncretism,0
THE SOCIOLOGY OF CULTURE ,Boris Erasov and Yogendra Singh,2006
CULTURE CHANGE IN INDIA: Identity & Globalization,Yogendra Singh ,2000
"LITERARY INDIA: Comparative Studies in Aesthetics, Colonialism and Culture",0
DIMENSIONS OF SOCIAL CHANGE: Essays in Honour of Professor P.N. Pimpley,Paramjit S. Judgea and Satish K. Sharma (Eds.),1997
WOMEN IN POLICE IN INDIA: A Journey from Periphery to Core,Tumpa Mukherjee,2020
CADET DIARY: Psychology of Warrior Ethos and Cadet Leadership Development,Lt Col Dr Samir Rawat (Ed.),2018
STRESS AND RESILIENCE IN THE MILITARY,Lt Col Dr Samir Rawat (Ed.),2018
MILITARY PSYCHOLOGY: International Perspectives,Lt. Col Dr Samir Rawat (ed.),2017
MILITARY PSYCHOLOGY AND LEADERSHIP DEVELOPMENT,Lt. Col. Dr Samir Rawat (ed.),2017
POLICE TRAINING: Problems and Perspectives,Sankar Sen and A.K. Saxena (Eds.),1994
POLICE TRAINING IN COMMUNITY RELATIONS: Perspectives on the United States and India,R.P. Joshi,1993
STUDIES IN JAIN POPULATION AND DEMOGRAPHY,Prakash C. Jain (Ed.),2019
"POPULATION, FERTILITY,0
"EDUCATION, MIGRATION AND HUMAN DEVELOPMENT: Kerala Experience",0
ELDERLY WIDOWS: Socio-Economic and Demographic Study in Jharkhand,Sangeeta Gupta,2018
RELIGIOUS DEMOGRAPHY OF INDIA: Myths and Realities,Lancy Lobo and Jayesh Shah (eds),2018
"POPULATION, DEVELOPMENT AND ENVIRONMENT",0
POPULATION: An Introduction to Concepts and Issues (12th Edition),John R. Weeks,2018
DEMOGRAPHY: The Science of Population (Second Edition),Jay Weinstein and Vijayan K. Pillai,2017
POPULATION ISSUES: Studies from Uttar Pradesh and Bihar,"Harihar Sahoo,0
"MIGRATION, IDENTITY AND CONFLICT: Lived Experience of Northeasterners in Delhi",0
"POPULATION, HEALTH AND ENVIRONMENT",0
MIGRATION: The Boundaries of Equality and Justice ,Bill Jordan and Frank D,2015
INDIAS DEMOGRAPHY: Changing Demographic Scenario in India  ,P.K. Majumdar ,2013
"MIGRATION, HEALTH AND DEVELOPMENT ",0
POPULATION AND DEVELOPMENT: The Demographic Transition,Tim Dyson,2011
FUNDAMENTALS OF DEMOGRAPHY ,P.K. Majumdar,2010
POPULATION AND ENVIRONMENT LINKAGES ,C.P. Prakasam and R.B. Bhagat (Eds.),2007
INVOLUNTARY MIGRATION: Evidence from Sardar Sarovar Project,D.C. Sah,2003
REGIONAL DEVELOPMENT AND PLANNING,Janki Jiwan,2021
REGIONAL DEVELOPMENT AND PLANNING,Janki Jiwan,2021
POLITICS OF REGIONAL DEVELOPMENT: A Case Study of Maharashtra,"Gautam Kamble,0
SOCIOLOGY OF UNDERDEVELOPMENT,Carle C. Zimmerman and Richard E. DuWors (eds),2021
SOCIAL DYNAMICS OF THE URBAN: Studies from India,N. Jayaram  (ed.),2021
LAND AND DISASTER MANAGEMENT STRATEGIES IN ASIA,Huong Ha (ed.),2021
DEVELOPMENT AND SUSTAINABILITY: India in a Global Perspective,Sarmila Banerjee and Anjan Chakrabarti (eds),2021
"URBAN TRANSPORTATION AND THE ENVIRONMENT: Issues, Alternatives and Policy Analysis",0
"URBANIZATION IN ASIA: Governance, Infrastructure and the Environment",0
"INEQUALITY, POVERTY AND DEVELOPMENT IN INDIA: Focus on the North Eastern Region",0
"DECENTRALIZATION, COOPERATIVES AND RURAL DEVELOPMENT",0
AGRICULTURE AND RURAL TRANSFORMATION: Issues and Challenges (With Special Reference to North-East India),B. Kilangla Jamir and Giribabu M. (Eds),2020
SMART AGRICULTURE: Ancient Wisdom and Modern Technology,"Punyatoya Patra,0
"EDUCATION, HEALTH AND CITIZENSHIP: Three Dimensions of Empowering Adolescents",0
AN INTRODUCTION TO URBAN GEOGRAPHY,John R. Short,2019
SOCIAL BUSINESS: Transformational approach to a fair and just society,Fons van der Velden (Ed.),2019
BUREAUCRACY AND DEVELOPMENT ADMINISTRATION: A Case Study of Karnataka,Mouneshwara Srinivasrao,2019
"GEOGRAPHY, RESOURCES AND ENVIRONMENT (2 Volume Set)",0
SOCIAL DYNAMICS OF INCLUSIVE DEVELOPMENT,Rani Mehta,2019
KEY ISSUES IN DEVELOPMENT STUDIES: From the Local to the Global (Third Edition),Gerard McCann and Stephen McCloskey (Eds.),2019
SOCIAL INCLUSION AND DEVELOPMENT,Richard Pais and M.H. Makwana (eds),2018
"TWO DECADES OF PANCHAYAT RAJ IN INDIA: Experiences, Issues,0
UNDERDEVELOPMENT AND NAXALISM IN INDIA: Reflexive Discourse and Debates,Smita Verma (ed),2018
"POPULATION, DEVELOPMENT AND ENVIRONMENT",0
ANTHROPOLOGY AND DEVELOPMENT: Understanding Contemporary Social Change,Jean-Pierre Olivier de Sardan,2018
DEVELOPMENT,Anthony Payne and Nicola Phillips,2018
"TRIBES, CASTES AND DEVELOPMENT: Scenario in Three Villages of Madhya Pradesh",0
SUSTAINABLE DEVELOPMENT GOALS AND PANCHAYATS,Rajesh Kumar Sinha (ed.),2018
"HUNGER, DEPRIVATION AND SOCIAL EXCLUSION: A Political Economy Perspective",0
RETHINKING TRIBE IN INDIAN CONTEXT: Realities Issues & Challenges ,Bidhan Kanti Das and Rajat Kanti Das (eds),2017
RURAL DEVELOPMENT: Theories of peasant economy and agrarian change ,John Harriss (ed.) ,2017
HUMAN DEVELOPMENT AND DISPARITIES: Issues and Concerns for Northeast India ,Anupam Hazra (ed.),2017
"MODERNITY, ETHNICITY AND DEVELOPMENT",0
POPULATION ISSUES: Studies from Uttar Pradesh and Bihar,"Harihar Sahoo,0
TRIBAL SITUATION IN INDIA: Issues and Development (Second Revised Edition),Vidyut Joshi and Chandrakant Upadhyaya (eds),2017
EMERGING CHALLENGES OF GLOBALIZATION AND DEVELOPMENT,Surinder Kumar and Fahimuddin (Eds),2017
TAMING INDIAN INFLATION,Rahul Anand and Paul Cashin (eds),2017
SOCIETY AND DEVELOPMENT:  Regional Perspectives,Surjit Singh and Dhruv Raina (eds),2016
"GROUNDWATER GOVERNANCE: Development, Degradation & Management ",0
DAMS AND DEVELOPMENT IN INDIA,Arun Kumar Nayak,2016
WOMEN EMPOWERMENT AND DEVELOPMENT: Readings from Asia,Sameera Maiti (Ed.),2016
KEY ISSUES IN DEVELOPMENT STUDIES: From the Local to the Global,Gerard McCann And Stephen McCloskey (Eds),2015
"DIASPORA, DEVELOPMENT AND DISTRESS: Indians in the Persian Gulf",0
SOCIAL DEVELOPMENT IN ASIA: Diversity and Implications,Murli Desai ,2015
DEVELOPMENT AND ITS DISCONTENTS,Subhash Sharma ,2015
CRISES OF SOCIAL TRANSFORMATION IN INDIA,S.R. Ahlawat & Neerja Ahlawat (Eds) ,2015
MIGRATION: The Boundaries of Equality and Justice ,Bill Jordan and Frank D,2015
DEVELOPMENT STUDIES,Jeffery Haynes ,2015
DEVELOPMENT AND DISCONTENT IN TRIBAL INDIA,Yatindra Singh Sisodia and Tapas Kumar Dalapati (Eds) ,2015
SOCIAL DEVELOPMENT IN INDIA: Critical Assessment,Chhaya Patel ,2015
NON-GOVERNMENTAL ORGANIZATIONS: Origin and Development,"Suresh Chandra,0
SUSTAINABLE DEVELOPMENT: Local Issues and Global Agendas,R.B. Patil ,2014
"GOVERNANCE, DEVELOPMENT,0
RESOURCES AND REGIONAL DEVELOPMENT IN INDIA: Festschrift in Honour of Professor Baleshwar Thakur,"Rameshwar Thakur,0
"POLITY, CIVIL SOCIETY AND DEVELOPMENT: Modernization,0
"RESOURCES, TRIBES AND DEVELOPMENT: Competing Interests and Contours of Possibilities",0
"SOCIAL DEVELOPMENT, SOCIAL INEQUALITIES,0
RURAL GOVERNANCE: International Perspectives,"Lynda Cheshire,0
DEMOCRATIC GOVERNANCE AND HUMAN DEVELOPMENT : Stocktaking and Future Strategies  ,Yatindra Singh Sisodia (Ed.) ,2013
"DEVELOPMENT, GLOBALIZATION AND WOMEN",0
SMALL CITIES AND TOWNS IN GLOBAL ERA: Emerging Changes and Perspectives  ,R.N. Sharma and R.S. Sandhu  (Eds.),2013
SOCIOLOGY OF DISPLACEMENT: Policies and Practice,"Sakarama Somayaji,0
SOCIAL WORK AND SOCIAL DEVELOPMENT,Shweta Singh (Ed.),2013
DEVELOPMENT AND ITS HUMAN COST ,Anthony dias,2012
INTERROGATING DEVELOPMENT: Discourses on Development in India Today,Biswajit Ghosh (ed.),2012
SOCIAL CHANGE AND DEVELOPMENT ,D.V. Kumar (Ed.),2012
GLOBALIZATION: The Reader,John Beynon and David Dunkerley (eds),2012
"MODERNIZATION, GLOBALIZATION AND SOCIAL TRANSFORMATION ",0
PERSPECTIVES ON SOCIAL DEVELOPMENT ,Richard Pais (Ed.),2012
ISSUES IN WOMENS DEVELOPMENT,Anjali Kurane,2012
"SECTARIANISM, POLITICS AND DEVELOPMENT ",0
HUMAN DEVELOPMENT STRATEGY OF MGNREGA ,John Joseph Puthenkalam and M.K. George,2012
"GLOBALISATION, DEVELOPMENT AND CULTURE",0
BIO-CULTURAL DEVELOPMENT OF SCHEDULED TRIBES: Policies and Issues,"P.K. Misra,0
GLOBALIZATION AND SOCIAL CHANGE,Ellina Samantroy and Indu Upadhyay,2012
"GLOBALIZATION, CONSUMER CULTURE AND IDENTITY: The Middle Class in a Postmodern Society",0
"MIGRATION, HEALTH AND DEVELOPMENT ",0
"CULTURE, STRATIFICATION AND DEVELOPMENT ",0
HEALTH AND DEVELOPMENT: The Millennium Perspectives,K. Gangadharan (Ed.),2011
INDIAS NEW ECONOMIC POLICY: A Critical Analysis,Waquar Ahmed | Amitabh Kundu | Richard Peet (Eds.),2011
SOCIAL TRANSFORMATION AND DEVELOPMENT: In the Context of Globalization,Bhimasen Hantal,2011
POPULATION AND DEVELOPMENT: The Demographic Transition,Tim Dyson,2011
HEALTH AND GROWTH ,Michael Spence | Maureen Lewis (Eds.),2011
HISTORY OF SCIENCE AND TECHNOLOGY: Exploring New Themes,Rattan Lal Hangloo (Ed.),2011
THE GLOBALIZATION TURBULENCE: Emerging Tensions in Indian Society,Prashant Kumar Trivedi (Ed.),2011
GENDER AND DEVELOPMENT IN INDIA: Current Issues,U. Kalpagam,2011
"RELIGIOUS SECTS AND SOCIAL DEVELOPMENT: A Comparative Study of Jains, Christians and Sikhs",0
THE ECONOMIC THEORY OF GROWTH AND DEVELOPMENT ,David Z. Rich,2010
"HUMAN DEVELOPMENT, WELL-BEING & GLOBALIZATION ",0
ECOFEMINISM ,Maria Mies and Vandana Shiva,2010
"THEORIES OF DEVELOPMENT: Contentions, Argument,0
SOCIOLOGY OF DEVELOPMENT ,Sheobahal Singh,2010
AN INTRODUCTION TO SUSTAINABLE DEVELOPMENT  (Third Edition),Jennifer A. Elliott ,2010
SOCIOLOGY OF DEVELOPMENT ,Sheobahal Singh,2010
PERSPECTIVES ON ECONOMIC DEVELOPMENT AND SOCIAL CHANGE: Essays in Honour of Professor K.S. Chalam,Yagati Chinna Rao (Ed.),2009
DEVELOPMENT ISSUES ,P. Vijayalakshmi Reddy (Ed.),2009
THE DILEMMAS OF DEVELOPMENT WORK: Ethical Challenges in Regeneration,"Paul Hoggett,0
TOWARDS SOCIAL DEVELOPMENT: C.D. Deshmukh Memorial Lectures,K.S. Bhat (Ed.),2008
SELF-DEVELOPMENT AND SOCIAL TRANSFORMATIONS?: The Vision and Practice of the Self-Study Mobilization of Swadhyaya,Ananta Kumar Giri,2008
GEOINFORMATICS FOR DECENTRALIZED PLANNING AND GOVERNANCE ,M.S. Nathawat and A.C. Pandey (Eds.),2008
"POVERTY, SOCIAL CAPITAL AND NATURAL RESOURCE MANAGEMENT ",0
"GLOBALIZATION AND UNEVEN DEVELOPMENT: Neocolonialism, Multinational Corporations,0
UNDERSTANDING THE POLICY PROCESS: Analysing Welfare Policy and Practice,John Hudson and Stuart Lowe,2007
MEDIA POLICY AND GLOBALIZATION ,Paula Chakravartty and Katharine Sarikakis,2007
SUSTAINABILITY OF NGOs AND GLOBALISATION ,N. Ravichandran,2007
APPROACHES TO TRAINING AND DEVELOPMENT (3rd Edition) ,"Dugan Laird,0
INFORMATION SOCIETY AND DEVELOPMENT: The Kerala Experience,Antony Palackal and Wesley Shrum (Eds.),2007
SPACES OF COLONIALISM: Delhis Urban Governmentalities,Stephen Legg,2007
URBAN PLANNING IN INDIA ,Amiya Kumar Das,2007
AGRICULTURAL DEVELOPMENT POLICY: Concepts and Experiences,Roger D. Norton,2006
"GLOBALIZATION FOR DEVELOPMENT: Trade, Finance,0
DEVELOPMENT METHODS AND APPROACHES: Critical Reflections,Jo Rowlands,2006
DEVELOPMENT WITH WOMEN,Dorienne Rowan-Campbell,2006
DEVELOPMENT AND MANAGEMENT ,Tina Wallace,2006
DEBATING DEVELOPMENT: NGOs and the Future,Ernst Ligteringen,2006
DEVELOPMENT AND RIGHTS ,Firoze Manji,2006
"DEVELOPMENT, NGOs AND CIVIL SOCIETY ",0
URBAN DEVELOPMENT AND NEW LOCALISM: Urban Politics in Mumbai,Sudha Mohan,2005
THE NO-NONSENSE GUIDE TO WORLD POVERTY,Jeremy Seabrook,2005
THE NO-NONSENSE GUIDE TO INTERNATIONAL DEVELOPMENT,Maggie Black,2005
EMPOWERMENT AND POVERTY REDUCTION: A Sourcebook,Deepa Narayan (Ed.),2005
SOCIAL SECTOR IN INDIA: Changing Paradigms in Uttar Pradesh,S.K. Pant (Ed.),2005
"STATES, MARKETS,0
NGOs AND DEVELOPMENT: The Indian Scenario,"S.N. Pawar,0
"SOCIAL DEVELOPMENT IN INDIAN SUBCONTINENT: India, Pakistan and Bangladesh",0
"DEVELOPMENT, DISPLACEMENT AND RESETTLEMENT ",0
REINVENTING REGIONAL DEVELOPMENT: Festschrift to Honour Gopal Krishan,"Surya Kant,0
"ACHIEVING BROAD-BASED SUSTAINABLE DEVELOPMENT: Governance, Environment and Growth with Equity",0
DEVELOPMENT-INDUCED DISPLACEMENT: Case of Kerala,"Jose Murickan,0
"IRRIGATION DEVELOPMENT AND AGRARIAN CHANGE: A Study In Sindh, Pakistan",0
DEVELOPMENT AND DEMOCRACY IN INDIA,Shalendra D. Sharma,2003
SOCIAL DEVELOPMENT: Challenges Faced in an Unequal and Plural Society,M.S. Gore,2003
HUMAN DIMENSIONS OF SUSTAINABLE DEVELOPMENT ,R.B. Singh (Ed.),2002
RETHINKING DEVELOPMENT: Putting an End to Poverty,Henri Bartoli,2002
DEVELOPMENT AND DISPARITIES: Experiences from Southern India ,Kalipada Deb ,2001
RESOURCE MANAGEMENT AND CONTOURS OF DEVELOPMENT: Reflections Through Macro-Micro Narratives, B.C. Barik (Ed.),2000
"DESERT, DROUGHT & DEVELOPMENT: Studies in Resource Management and Sustainability",0
"PARADIGMS IN ECONOMIC DEVELOPMENT: Classic Perspectives, Critiques,0
FACETS OF DEVELOPMENT: Studies in Karnataka,Vinod Vyasulu,1997
ETHNICITY: Source of Strength? Source of Conflict?,J. Milton Yinger,1997
TECHNOLOGY AND DEVELOPMENT: Public Policy & Managerial Issues,Dhirendra Vajpeyi and R. Natarajan (Eds.),1991
WOMEN IN THE INDIAN DIASPORA: Historical Narratives and Contemporary Challenges,Amba Pande (ed.),2021
"WOMEN WRITERS OF THE SOUTH ASIAN DIASPORA: Interpreting Gender, Texts and Contexts",0
THE INDIAN DIASPORA: Historical and Contemporary Context,"Laxmi Narayan Kadekar,0
MAPPING SOUTH ASIAN DIASPORA: Recent Responses and Ruminations,Ajay K. Chaubey and Asis De (eds),2018
"CITIZENSHIP, NATIONALITY AND ETHNICITY: Reconciling Competing Identities",0
MAPPING INDIAN DIASPORA: Contestations and Representations,Ajaya K. Sahoo (ed.),2017
SOUTH ASIAN DIASPORIC CINEMA AND THEATRE: Re-visiting Screen and Stage in the New Millennium,Ajay K. Chaubey and Ashvin I. Devasundaram (eds),2017
SOUTH ASIAN DIASPORA NARRATIVES: Roots and Routes,Amit Sarwal,2016
"DIASPORA, DEVELOPMENT AND DISTRESS: Indians in the Persian Gulf",0
CONTEMPORARY INDIAN DIASPORA: Literary and Cultural Representations ,Angshuman Kar (Ed.) ,2015
THE DIASPORA WRITES HOME: Subcontinental Narratives,Jasbir Jain ,2015
"GENDER AND DIVERSITY: India, Canada and Beyond ",0
"DIASPORA, CULTURE AND IDENTITY",0
INDIAN DIASPORA: Between Modernity & Tradition ,Paramjit S. Judge (ed.),2015
"GLOBALISATION, DIASPORA AND BELONGING: Exploring Transnationalism and Gujarati Identity ",0
NEW ROUTES FOR DIASPORA STUDIES,"Sukanya Banerjee,0
SIKH DIASPORA : Legal Pluralism and Dispute Settlement ,Prit Paul,2013
HINDUISM AND THE DIASPORA ,P. Pratap Kumar ,2013
"GLOBAL INDIAN DIASPORA: History, Culture and Identity",0
INDIAN DIASPORA AND TRANSNATIONALISM,"Ajaya Kumar Sahoo,0
DIASPORIC TRANSFORMATIONS ,Sanjiv Kumar,2012
"DIASPORAS: concepts, intersections,0
WRITERS OF THE INDIAN DIASPORA: A Bio-Bibliographical Critical Sourcebook,Emmanuel S. Nelson,2010
RAJA RAOS SHORTER FICTION: The Enlightement Theme,Roshan Lal Sharma,2009
GITA MEHTA: Writing Home / Creating Homeland,Usha Bande,2008
SALMAN RUSHDIES EARLY FICTION ,Uma Parameswaran,2007
SOCIOLOGY OF DIASPORA: A Reader ( 2 Vols Set),Ajaya Kumar Sahoo and Brij Maharaj (Eds.),2007
MIGRATION AND SOCIETY: A Study of Displaced Kashmiri Pandits,Ravender Kumar Kaul,2005
"INDIANS IN AMERICA: One Stream, Two Waves,0
DISLOCATIONS AND MULTICULTURALISMS: Essay in Homage to Professor R.K. Kaul,Jasbir Jain (Ed.),2004
V.S. NAIPAUL: Nobel Prize Winner (Writers of the Indian Diaspora) (IInd Edition) ,Manjit Inder Singh ,2002
SUNITI NAMJOSHI: The Artful Transgressor,C. Vijayasree,2001
WRITERS OF THE INDIAN DIASPORA,Jasbir Jain (ed.),1998
CONTEMPORARY INDIAN THEATRE: Theatricality and Artistic Crossovers ,Ravi Chaturvedi and Tapati Gupta (eds),2017
SOUTH ASIAN DIASPORIC CINEMA AND THEATRE: Re-visiting Screen and Stage in the New Millennium,Ajay K. Chaubey and Ashvin I. Devasundaram (eds),2017
THEATRE AND DEMOCRACY ,Ravi Chaturvedi (Ed.),2008
CONTEMPORARY INDIAN DRAMA: astride two traditions,"Urmil Talwar,0
REGIONAL DEVELOPMENT AND PLANNING,Janki Jiwan,2021
REGIONAL DEVELOPMENT AND PLANNING,Janki Jiwan,2021
POLITICS OF REGIONAL DEVELOPMENT: A Case Study of Maharashtra,"Gautam Kamble,0
SOCIOLOGY OF UNDERDEVELOPMENT,Carle C. Zimmerman and Richard E. DuWors (eds),2021
NEOLIBERALISM AND WOMEN IN INDIA: Governmentality Perspectives,U. Kalpagam,2021
DEVELOPMENT AND SUSTAINABILITY: India in a Global Perspective,Sarmila Banerjee and Anjan Chakrabarti (eds),2021
"DECENTRALIZATION, COOPERATIVES AND RURAL DEVELOPMENT",0
AGRICULTURE AND RURAL TRANSFORMATION: Issues and Challenges (With Special Reference to North-East India),B. Kilangla Jamir and Giribabu M. (Eds),2020
POLITICAL ECONOMY OF WATER,Aparna Tiwari,2020
GENDER AND MOBILITY: A Critical Introduction,Elina Penttinen and Anitta Kynsilehto,2020
GENDER AND WORK: International Perspectives,"Sita Vanka,0
INDIAN FOREIGN POLICY: Identity and Issues,Ladhu R. Choudhary and Amna Sunmbul (Eds.),2019
KEY ISSUES IN DEVELOPMENT STUDIES: From the Local to the Global (Third Edition),Gerard McCann and Stephen McCloskey (Eds.),2019
ECONOMIC THOUGHT: A Brief History,Heinz D. Kurz,2018
ECONOMIC GEOGRAPHY (Second Edition) Revised and Updated,H.M. Saxena,2018
ECONOMIC GEOGRAPHY (Second Edition) Revised and Updated,H.M. Saxena,2018
DEVELOPMENT,Anthony Payne and Nicola Phillips,2018
"TRIBES, CASTES AND DEVELOPMENT: Scenario in Three Villages of Madhya Pradesh",0
SUSTAINABLE DEVELOPMENT GOALS AND PANCHAYATS,Rajesh Kumar Sinha (ed.),2018
"HUNGER, DEPRIVATION AND SOCIAL EXCLUSION: A Political Economy Perspective",0
"URBANIZATION AND HOUSING: State, Market and Consumer ",0
DEMOGRAPHY: The Science of Population (Second Edition),Jay Weinstein and Vijayan K. Pillai,2017
RURAL DEVELOPMENT: Theories of peasant economy and agrarian change ,John Harriss (ed.) ,2017
HUMAN DEVELOPMENT AND DISPARITIES: Issues and Concerns for Northeast India ,Anupam Hazra (ed.),2017
POPULATION ISSUES: Studies from Uttar Pradesh and Bihar,"Harihar Sahoo,0
WATER AND HEALTH,Alpana Kateja (ed.),2017
THE VITALITY OF INDIA: A Regional Perspective,Gopal Krishan,2017
EMERGING CHALLENGES OF GLOBALIZATION AND DEVELOPMENT,Surinder Kumar and Fahimuddin (Eds),2017
TAMING INDIAN INFLATION,Rahul Anand and Paul Cashin (eds),2017
"GROUNDWATER GOVERNANCE: Development, Degradation & Management ",0
POVERTY AND INEQUALITY: The Problem of Structural Inequality (Second Edition),Edward Royce,2016
ENTREPRENEURSHIP AND SOCIAL CAPITAL: Relationships and Start-ups in Indian ICT Industry ,Anirban Sengupta,2016
GLOBALIZATION: Key Thinkers,Andrew Jones,2016
"POPULATION, HEALTH AND ENVIRONMENT",0
KEY ISSUES IN DEVELOPMENT STUDIES: From the Local to the Global,Gerard McCann And Stephen McCloskey (Eds),2015
GENDER IN THE MARKET ECONOMY,Sudeshna Mukherjee (Ed.) ,2015
DEVELOPMENT AND ITS DISCONTENTS,Subhash Sharma ,2015
"GLOBALIZATION AND ENVIRONMENT: Discourse, Policies and Practices ",0
WOMEN AND MICROFINANCE: Prospects and Challenges ,Amit Kumar ,2015
DEVELOPMENT STUDIES,Jeffery Haynes ,2015
NON-GOVERNMENTAL ORGANIZATIONS: Origin and Development,"Suresh Chandra,0
RESOURCES AND REGIONAL DEVELOPMENT IN INDIA: Festschrift in Honour of Professor Baleshwar Thakur,"Rameshwar Thakur,0
GLOBALIZATION AND POSTCOLONIALISM: Hegemony and Resistance in the Twenty-first Century,Sankaran Krishna,2014
"THE NEW INDUSTRIAL GEOGRAPHY: Regions, Regulation and Institutions",0
CLUSTERS IN URBAN AND REGIONAL DEVELOPMENT,"Andy Cumbers,0
"MIGRATION IN INDIA : Links to Urbanization, Regional Disparities and Development Policies ",0
POVERTY AND SOCIAL EXCLUSION IN INDIA : Issues and Challenges ,Aparajita Chattopadhyay (Ed.) ,2013
INDIAS DEMOGRAPHY: Changing Demographic Scenario in India  ,P.K. Majumdar ,2013
TRIBALS AND COMMUNITY FOREST MANAGEMENT,Madhusudan Bandi ,2013
ECONOMIC GEOGRAPHY OF INDIA,T.C. Sharma,2013
ECONOMIC GEOGRAPHY OF INDIA,T.C. Sharma,2013
CULTURE AND ECONOMIC TRANSFORMATION,"Surjit Singh,0
FDI AND ECONOMIC GROWTH IN INDIA,"Narayan Sethi,0
INDUSTRIAL SOCIOLOGY,Narendar Singh,2012
TRADE LIBERALIZATION AND INDIAN AGRICULTURE ,Seema Bathla,2012
INDUSTRIAL GROWTH AND EMPLOYMENT ,Gursharan Bhalla Rastogi,2012
DEVELOPMENT AND ITS HUMAN COST ,Anthony dias,2012
INTERROGATING DEVELOPMENT: Discourses on Development in India Today,Biswajit Ghosh (ed.),2012
VULNERABILITY AND GLOBALISATION Perspectives and Analyses from India,N. Jayaram and D. Rajasekhar (eds.),2012
AUDOYOGIK SAMAJSHASTRA (Industrial Sociology) (Hindi) ,Viswanath Jha,2012
AUDOYOGIK SAMAJSHASTRA (Industrial Sociology) (Hindi) ,Viswanath Jha,2012
CLIMATE CHANGE: An Asian Perspective,Surjit Singh and Mohanakumar S (eds.),2012
"GLOBALIZATION, GROWTH AND EMPLOYMENT: Challenges and Opportunities",0
HUMAN DEVELOPMENT STRATEGY OF MGNREGA ,John Joseph Puthenkalam and M.K. George,2012
"GLOBALISATION, DEVELOPMENT AND CULTURE",0
GLOBALIZATION AND SOCIAL CHANGE,Ellina Samantroy and Indu Upadhyay,2012
"THE INEQUALITY READER: Contemporary and Foundational Readings in RACE, CLASS,0
ESSENTIAL STATISTICS FOR SOCIAL RESEARCH (Revised and Updated - Second Edition),Michael A. Malec,2012
QUALITATIVE DATA ANALYSIS ,Graham R. Gibbs,2011
"GLOBALIZATION, CONSUMER CULTURE AND IDENTITY: The Middle Class in a Postmodern Society",0
ECOFEMINISM REVISITED: Introduction to the Discourse,Chhaya Datar,2011
INDIAS NEW ECONOMIC POLICY: A Critical Analysis,Waquar Ahmed | Amitabh Kundu | Richard Peet (Eds.),2011
GLOBALIZATION AND GROWTH: Implications for a Post-Crisis World,Michael Spence | Danny Leipziger (Eds.),2011
HEALTH AND GROWTH ,Michael Spence | Maureen Lewis (Eds.),2011
"POLITICAL ECONOMY OF WATERSHED MANAGEMENT: Policies, Institutions,0
THE ECONOMIC THEORY OF GROWTH AND DEVELOPMENT ,David Z. Rich,2010
"HUMAN DEVELOPMENT, WELL-BEING & GLOBALIZATION ",0
GLOBALIZATION AND CHANGE: Perspectives from Punjab (Essays in Honour of Prof. S.S. Gill),"Ranjit Singh Ghuman,0
URBANIZATION AND GROWTH: Commission on Growth and Development,"Michael Spence,0
ENVIRONMENTAL ECONOMICS: A Critique of Benefit-Cost Analysis,Philip E. Graves,2010
"THEORIES OF DEVELOPMENT: Contentions, Argument,0
FUNDAMENTALS OF DEMOGRAPHY ,P.K. Majumdar,2010
INFORMAL SECTOR IN INDIAN ECONOMY: The Way Ahead,Dipa Mukherjee,2009
PERSPECTIVES ON ECONOMIC DEVELOPMENT AND SOCIAL CHANGE: Essays in Honour of Professor K.S. Chalam,Yagati Chinna Rao (Ed.),2009
GLOBALIZATION AND MARKET OUTCOMES: Strategic Evidences,V. Kurien Baby,2009
"UDARIKARAN, BHOOMANDLIKARAN AIVAM DALIT (Liberalization,0
THE DILEMMAS OF DEVELOPMENT WORK: Ethical Challenges in Regeneration,"Paul Hoggett,0
ANCIENT INDIAN ECONOMIC THOUGHT: Relevance for Today,Ratan Lal Basu and Raj Kumar Sen,2008
TRAPPED IN POVERTY: Chronic Poor in Remote Tribal Areas,D.C. Sah and Ashish Bhatt,2008
REGULATING GLOBALIZATION: Critical Approaches to Global Governance,Pierre de Senarclens and Ali Kazancigil (Eds.),2008
INFRASTRUCTURE AND DEVELOPMENT IN INDIA: Interlinkages and Policy Issues,Rajarshi Majumder,2008
"ECOLOGY, TECHNOLOGY AND ECONOMY: Continuity and Change among the Fisherfolk of Kerala",0
NGOS AND GLOBALIZATION: Development & Organizational Facets,Asok Kumar Sarkar (Ed.),2008
NGOs AND SOCIAL WELFARE: New Research Approaches,David Lewis and N. Ravichandran (Eds.),2008
"AMBEDKAR IN RETROSPECT: Essays on Economics, Politics & Society",0
"POVERTY, SOCIAL CAPITAL AND NATURAL RESOURCE MANAGEMENT ",0
POVERTY AND FERTILITY IN INDIA: Demographic Field Theory Perspective,Shekhar Mukherji,2007
RURAL HOUSING: Policies & Practices,Bhaskar Majumder,2007
SUSTAINABILITY OF NGOs AND GLOBALISATION ,N. Ravichandran,2007
THE IDEA OF POVERTY: ,Paul Spicker,2007
PUBLIC DISTRIBUTION SYSTEM AND TRIBAL DEVELOPMENT: A Study of Western Tribal Belt of Madhya Pradesh,Manu Gautam,2006
AGRICULTURAL DEVELOPMENT POLICY: Concepts and Experiences,Roger D. Norton,2006
"GLOBALIZATION FOR DEVELOPMENT: Trade, Finance,0
DEVELOPMENT METHODS AND APPROACHES: Critical Reflections,Jo Rowlands,2006
DEBATING DEVELOPMENT: NGOs and the Future,Ernst Ligteringen,2006
THE NO-NONSENSE GUIDE TO WORLD POVERTY,Jeremy Seabrook,2005
HINDU APPROACH TO INDIAN ECONOMY: Global Challenges & Opportunities,Bharat Jhunjhunwala,2005
INFORMATION TECHNOLOGY AND ECONOMIC GROWTH: Study of Leading States in India,R.G. Desai,2005
SOCIAL SECTOR IN INDIA: Changing Paradigms in Uttar Pradesh,S.K. Pant (Ed.),2005
FROM POST-INDUSTRIAL TO POST-MODERN SOCIETY (Second Edition) ,Krishan Kumar ,2005
GLOBALIZATION: The New Market Ideology,Manfred B. Steger,2004
"STATES, MARKETS,0
FINANCIAL CONTROL AND ENTERPRISE MANAGEMENT ,"R.K.Mishra,0
VISIONS OF POVERTY: Welfare Policy and Political Imagination,Robert Asen,2004
"POVERTY, FOOD SECURITY AND SUSTAINABILITY: Public Distribution System in India",0
HOUSING FINANCE AND THE URBAN POOR ,Peer Smets,2004
NONGOVERNMENTS: NGOs and the Political Development of the Third World,Julie Fisher,2003
BUSINESS ECONOMICS ,A.C. Gupta,2003
BUSINESS ECONOMICS ,A.C. Gupta,2003
"COMPARATIVE ECONOMICS SYSTEMS: Culture, Wealth,0
RETHINKING DEVELOPMENT: Putting an End to Poverty,Henri Bartoli,2002
REFASHIONING THE NEW ECONOMIC ORDER: Karnataka in Transition,Arun P. Bali (Ed.) ,2001
"DESERT, DROUGHT & DEVELOPMENT: Studies in Resource Management and Sustainability",0
CO-OPERATIVES AND ECONOMIC DEVELOPMENT,"Tapas R. Dash,0
RURAL LANDLESSNESS AND INSTITUTIONAL REFORMS: The Case of Bangladesh Agriculture,Md. Abdul Mannan Chowdhury,1998
EDUCATIONAL TECHNOLOGY FOR DISTANCE EDUCATION,Satish Rastogi (Ed),1998
ECONOMICS OF PRIMARY EDUCATION,D. Pulla Rao,1998
ECONOMICS OF PUBLIC WATER SUPPLY SYSTEM: with special reference to Kerala,Jacob John,1997
"PARADIGMS IN ECONOMIC DEVELOPMENT: Classic Perspectives, Critiques,0
POLICIES FOR AGRICULTURAL DEVELOPMENT: Perspectives from States,V.S. Vyas and Pradeep Bhargava (Eds.),1997
"NATURAL RESOURCES, ORGANIZATION AND TECHNOLOGY LINKAGES: Case of Wool-based Industry",0
CLASSICAL ECONOMIC THEORY,Sudhanshu Bhushan,1996
GLOBALIZATION & AGRICULTURAL MARKETING,Harish Nayyar and P. Ramaswamy (Ed.),1995
LABOUR ABSORPTION IN AGRICULTURE,V. Ratna Reddy,1995
INDUSTRIAL DEVELOPMENT AND PROBLEMS OF THE UPROOTED,I.U.B. Reddy,1994
ECONOMICS OF BEEKEEPING INDUSTRY,E. Raja Justus,1994
TEA ECONOMY OF INDIA,T. Chiranjeevi,1994
PERSPECTIVES ON INDUSTRIAL DEVELOPMENT IN INDIA,N.K.P. Sinha & M.B. Singh (Eds.),1993
EDUCATIONAL STATUS OF SCHEDULED TRIBES: Attainment and Challenges,"Ghanshyam Shah,0
EDUCATIONAL STATUS OF SCHEDULED CASTES: Attainment and Challenges,"Ghanshyam Shah,0
"EDUCATION, HEALTH AND CITIZENSHIP: Three Dimensions of Empowering Adolescents",0
HIGHER EDUCATION IN INDIA: The Changing Scenario,"S.L. Sharma,0
"EDUCATION, MIGRATION AND HUMAN DEVELOPMENT: Kerala Experience",0
EDUCATING EX-CRIMINAL TRIBES: Issues and Concerns,Malli Gandhi ,2017
RIGHT TO EDUCATION AND SCHOOLING,Deepa Idnani (ed.),2017
EDUCATION AND SOCIETY: Issues and Explanations in the Sociology of Education,Rob Moore,2017
AN INTRODUCTION TO COUNSELLING (3rd Edition) ,John McLeod,2015
SOCIOLOGY OF EDUCATION IN INDIA,N. Jayaram,2015
SOCIOLOGY OF EDUCATION,"B.V. Shah,0
"STATE, CIVIL SOCIETY AND RIGHT TO EDUCATION",0
"EDUCATION, RELIGION AND CREATIVITY",0
EDUCATIONAL PSYCHOLOGY: Experimentation in Problems and Methods in Teaching,L.N. Verma,2013
KEY CONCEPTS IN COUNSELLING AND PSYCHOTHERAPY: A Critical A-Z Guide to Theory ,"Vicki Smith,0
COMMUNITY COUNSELING: A Multicultural-Social Justice Perspective (4th edition) ,"Judith A. Lewis,0
EDUCATION AND FEDERALISM IN INDIA ,M.R. Kolhatkar,2012
VALUE EDUCATION AND SOCIAL TRANSFORMATION ,Naina Sharma (Ed.),2011
EDUCATION AND TEACHER PROFESSIONALISM ,Sthabir Khora,2011
GLOCAL ENVIRONMENTAL EDUCATION ,"Yukio Himiyama,0
THEORY AND PRACTICE OF GROUP COUNSELING ,"Ed E. Jacobs,0
COMMUNITY HEALTH EDUCATION ,Rameshwari Pandya,2010
COUNSELLING SKILL ,John McLeod,2009
RESTRUCTURING HIGHER EDUCATION IN INDIA ,Sudhanshu Bhushan,2009
MODERNIZATION AND DALIT EDUCATION: Ambedkar,K.S. Chalam,2008
HISTORY OF EDUCATION IN INDIA,Suresh C. Ghosh,2007
"FAMILY LIFE EDUCATION IN INDIA: Perspectives, Challenges,0
STRESS IN EDUCATION: Indian Experience,Sushila Singhal,2004
GIRLS LITERACY IN RURAL INDIA: Comparative Study of Maharashtra and Madhya Pradesh,Yatindra Singh Sisodia,2003
EDUCATIONAL TECHNOLOGY FOR DISTANCE EDUCATION,Satish Rastogi (Ed),1998
ECONOMICS OF PRIMARY EDUCATION,D. Pulla Rao,1998
HIGHER EDUCATION AND EMPLOYMENT,Mohammed Peer,1994
DEVELOPMENT AND SUSTAINABILITY: India in a Global Perspective,Sarmila Banerjee and Anjan Chakrabarti (eds),2021
"URBAN TRANSPORTATION AND THE ENVIRONMENT: Issues, Alternatives and Policy Analysis",0
"URBANIZATION IN ASIA: Governance, Infrastructure and the Environment",0
"GEOGRAPHY, RESOURCES AND ENVIRONMENT (2 Volume Set)",0
"ECOFEMINISM: Women, Culture,0
GREEN SOCIAL WORK: From Environmental Crises to Environmental Justice,Lena Dominelli,2018
"POPULATION, DEVELOPMENT AND ENVIRONMENT",0
NATURAL DISASTER AND WOMEN: A Gendered Perspective,Pradeep Kumar Parida (ed.),2018
GEOMATICS IN NATURAL DISASTERS,"SM. Ramasamy,0
BIOGEOGRAPHY,L.C. Agrawal,2018
BIOGEOGRAPHY,L.C. Agrawal,2018
"ENVIRONMENTAL SOCIOLOGY: Classical Foundations, Contemporary Insights ",0
COMPARATIVE BIOGEOGRAPHY: Discovering and Classifying Biogeographical Patterns of a Dynamic Earth ,Lynne R. Parenti and Malte C. Ebach,2017
MOUNTAIN GEOGRAPHY: Physical and Human Dimensions,"Martin F. Price,0
ENVIRONMENTAL GEOGRAPHY (Third Edition),H.M. Saxena,2017
ENVIRONMENTAL GEOGRAPHY (Third Edition),H.M. Saxena,2017
"ENVIRONMENTAL MOVEMENTS, STATE AND CIVIL SOCIETY",0
"URBANISATION, ENVIRONMENTAL DEGRADATION & QUALITY OF LIFE",0
"POPULATION, HEALTH AND ENVIRONMENT",0
"ENVIRONMENTAL ECOLOGY, BIODIVERSITY AND CLIMATE CHANGE: Towards Sustainable Development",0
"ENVIRONMENTAL ECOLOGY, BIODIVERSITY AND CLIMATE CHANGE: Towards Sustainable Development",0
"GLOBALIZATION AND ENVIRONMENT: Discourse, Policies and Practices ",0
SUSTAINABLE DEVELOPMENT: Local Issues and Global Agendas,R.B. Patil ,2014
"SOCIOLOGY AND ENVIRONMENTAL SUSTAINABILITY: A Study of Fragile Ecology, Health Risks and Population Pangs ",0
CLIMATE CHANGE: An Asian Perspective,Surjit Singh and Mohanakumar S (eds.),2012
AN INTRODUCTION TO ENVIRONMENT ,Vishwambhar Prasad Sati,2012
AN INTRODUCTION TO ENVIRONMENT ,Vishwambhar Prasad Sati,2012
ECOFEMINISM REVISITED: Introduction to the Discourse,Chhaya Datar,2011
"WOMEN, PANCHAYATS AND NATURAL RESOURCE MANAGEMENT ",0
ECOFEMINISM ,Maria Mies and Vandana Shiva,2010
ENVIRONMENTAL ECONOMICS: A Critique of Benefit-Cost Analysis,Philip E. Graves,2010
GLOCAL ENVIRONMENTAL EDUCATION ,"Yukio Himiyama,0
AN INTRODUCTION TO SUSTAINABLE DEVELOPMENT  (Third Edition),Jennifer A. Elliott ,2010
ENVIRONMENTAL MANAGEMENT (2nd Edition) ,H.M. Saxena,2010
ENVIRONMENTAL ISSUES: Behavioural Insights,Parul Rishi (Ed.),2009
A COMPANION TO ENVIRONMENTAL THOUGHT ,Peter Hay,2009
BIOGEOGRAPHY AND BIODIVERSITY ,R.B. Singh (Ed.),2009
"ENVIRONMENT, RESOURCES & SUSTAINABLE DEVELOPMENT: Essays in Honour of Professor Majid Husain",0
"ECOLOGY, TECHNOLOGY AND ECONOMY: Continuity and Change among the Fisherfolk of Kerala",0
"GLOBALIZATION AND UNEVEN DEVELOPMENT: Neocolonialism, Multinational Corporations,0
POPULATION AND ENVIRONMENT LINKAGES ,C.P. Prakasam and R.B. Bhagat (Eds.),2007
NATURAL HAZARDS AND DISASTER MANAGEMENT,R.B. Singh,2006
ENVIRONMENTAL STUDIES ,H.M. Saxena,2006
ENVIRONMENTAL STUDIES ,H.M. Saxena,2006
READINGS IN ENVIRONMENTAL ETHICS: Multidisciplinary Perspectives,D.C. Srivastava (Ed.),2005
GLOBAL ENVIRONMENTAL RISK ,Jeanne X. Kasperson and Roger E. Kasperson (Eds.),2003
GREENING THE DESERT: Motivating Settlers in the IGNP,Rakesh Hooja ,2001
ENVIRONMENT AND ORNITHOLOGY IN INDIA,Prakash Gole,1996
GEOMEDICAL ENVIRONMENT AND HEALTH CARE: A Study of Bundelkhand Region,R.C. Agnihotri,1995
"MODERNITY, ETHNICITY AND DEVELOPMENT",0
"CITIZENSHIP, NATIONALITY AND ETHNICITY: Reconciling Competing Identities",0
THEORIES OF MULTICULTURALISM: An Introduction,George Crowder,2015
MODERNITY AND ETHNIC PROCESSES IN INDIA,D.V. Kumar (Ed.),2014
"DIVERSITY, ETHNICITY AND IDENTITY IN SOUTH ASIA ",0
"AGEING, CARE AND WELL-BEING: Reinventing Social Gerontology (Essays in Honour of Professor Jacob John Kattakayam)",0
GENDER INEQUALITY AND DISCRIMINATION IN INDIA: Discourse and Dilemmas,Sumita Sarkar (ed.),2021
GENDER AND POLITICS: Perception and Participation (Role of Women in Punjab Politics),Ajaypal Kaur,2020
"WOMEN, LITERATURE,0
WOMEN IN GRASS-ROOTS GOVERNANCE,G. Satyanarayana,2020
WOMEN IN POLICE IN INDIA: A Journey from Periphery to Core,Tumpa Mukherjee,2020
GENDER LAW AND HEALTH: international perspectives,Sita Vanka and Rekha Pande (eds),2019
GENDER AND WORK: International Perspectives,"Sita Vanka,0
FEMINIST THEORY IN PRACTICE AND PROCESS,"Micheline R. Malson,0
GENDER AND STRUCTURAL VIOLENCE,Rekha Pande and Sita Vanka (Eds.),2019
FEMINISM,Jane Freedman,2019
FEMINISM,Jane Freedman,2019
"GENDER, POWER RELATIONS AND CHILDBIRTH: Negotiations with Cultural and Biomedical Discourses ",0
"GENDER, CULTURE AND HONOUR: Gender Audit of Punjab and Haryana",0
"ECOFEMINISM: Women, Culture,0
WHAT IS GENDER HISTORY?,Sonya O. Rose,2018
"WOMEN, VIOLENCE AND SOCIAL STIGMA: A Sociology of Burn Attacks",0
NATURAL DISASTER AND WOMEN: A Gendered Perspective,Pradeep Kumar Parida (ed.),2018
"FEMINIST POST-DEVELOPMENT THOUGHT: Rethinking Modernity, Post-Colonialism and Representation",0
"FEMINIST FUTURES: Reimagining Women, Culture and Development (Second Edition)",0
FEMALE JUVENILE DELINQUENCY,Saumya Shanker,2018
GENDER JUSTICE AND INCLUSION,Poornima Jain,2018
GENDER (2nd Edition),Harriet Bradley,2018
"GENDER, PATRIARCHY AND VIOLENCE: The Case of Punjab and Haryana",0
GENDER IMPLICATIONS OF TRIBAL CUSTOMARY LAW: The Case of North-East India,"Melvil Pereira,0
GENDER AND MANAGEMENT: International Perspectives,Sita Vanka (Ed.),2017
WIDOWS IN INDIA: Study of Varanasi and Vrindavan,Bindeshwar Pathak and Satyendra Tripathi,2016
GENDER DISCRIMINATION AND DEVELOPMENT PARADOX,Neerja Ahlawat (Ed.),2016
MARRIAGE AND FAMILY IN INDIA: Trends and Emerging Challenges,Jasmeet Sandhu (Ed.),2016
WOMEN EMPOWERMENT AND DEVELOPMENT: Readings from Asia,Sameera Maiti (Ed.),2016
SEXUAL ABUSE OF GIRL CHILDREN: Some Hidden Facts,Rama Achyut Pande,2016
EQUATING GENDER: Explorations in the Asia-Pacific,Divya Upadhyaya Joshi and Chompoonuh K. Permpoonwiwat (Eds),2016
FEMINIST SOCIAL THOUGHT: An Introduction to Six Key Thinkers ,Vidyut Bhagwat,2016
GENDER LENS: Womens Issues and Perspectives,Rekha Pande (Ed.) ,2015
THE HINDU FAMILY IN ITS URBAN SETTING,Aileen D. Ross,2015
GENDER IN THE MARKET ECONOMY,Sudeshna Mukherjee (Ed.) ,2015
FILMS AND FEMINISM: Essays in Indian Cinema,Jasbir Jain and Sudha Rai (Eds) ,2015
"GENDER AND DIVERSITY: India, Canada and Beyond ",0
MODERN FEMINIST THOUGHT: From the Second Wave to Post-Feminism,Imelda Whelehan ,2015
WOMEN'S HUMAN RIGHTS: Seeking Gender Justice in a Globalizing Age,Niamh Reilly ,2015
RELOCATING WOMENS EQUALITY,Pankaj Kumar and Sadhna Gupta (Eds),2015
PRACTISING FEMINIST CRITICISM: An Introduction ,Maggie Humm ,2015
RETHINKING GENDER,Roli Misra (Ed.) ,2014
WOMEN'S VULNERABILITY TO HIV/AIDS,"S.K. Singh,0
GENDERING MATERIAL CULTURE: Representations and Practice  ,Subhadra Mitra Channa Kamal K. Misra (Eds),2013
THEORIZING FEMINISM,Chandrakala Padia,2011
HEALING NARRATIVES OF WOMEN: A Psychological Perspective,Jyoti Anand,2011
WOMEN'S WELFARE PROGRAMMES,G. Madhavi,2011
GLOBALIZATION AND GENDER ,Sumita Sarkar and Manjari Srivastava (Eds),2011
ECOFEMINISM ,Maria Mies and Vandana Shiva,2010
HIV AND AIDS IN SOUTH ASIA: An Economic Development Risk,The World Bank,2010
"GENDER, SOCIAL STRUCTURE AND EMPOWERMENT: Status Report of Women in India",0
WOMEN IN JAINISM: A Case Study of Gujarat Inscriptions,Mrinal Joshi,2009
"FAMILY VIOLENCE IN INDIA: Human Rights, Issues,0
WOMEN IN DHARMASASTRAS: A Phenomenological and Critical Analysis,Chandrakala Padia (Ed.),2009
REPRODUCTIVE HEALTH IN INDIA: New Evidence,"Michael A. Koenig,0
FEMALE INFANTICIDE AND CHILD MARRIAGE ,Sambodh Goswami,2007
WOMENS PARTICIPATION IN PANCHAYTI RAJ: Nature and Effectiveness ,Pamela Singla,2007
CHILDLESS COUPLES: Social Consequences of Sterility and Infertility,Vinita Lavania,2006
"FAMILY LIFE EDUCATION IN INDIA: Perspectives, Challenges,0
GIRLS LITERACY IN RURAL INDIA: Comparative Study of Maharashtra and Madhya Pradesh,Yatindra Singh Sisodia,2003
FEMINISM IN SEARCH OF AN IDENTITY: The Indian Context,Meena Kelkar and Deepti Gangavane (eds),2003
"WOMEN, LAW AND PUBLIC OPINION ",0
"GENDER COMPOSITION: Values, Preferences and Behaviour ",0
WOMEN IN DISTRESS ,Neela Dabir,2000
"ROYALITY, FEUDALISM AND GENDER: As Portrayed by Foreign Travellers",0
WOMAN'S PLACE: Options and Limits in Professional Career,"U.R. Nahar,0
PRINCIPLES OF REMOTE SENSING,Paul J. Curran,2020
A PRIMER OF GIS: Fundamental Geographic and Cartographic Concepts,Francis Harvey,2018
GEOMATICS IN NATURAL DISASTERS,"SM. Ramasamy,0
Geographic Information Systems: Theory & Practice,"R. Ram Mohan Rao,0
DICTIONARY OF REMOTE SENSING AND GEOINFORMATICS,Anand Malik ,2016
REMOTE SENSING AND GEOGRAPHICAL INFORMATION SYSTEMS: Basics and Applications,P.R. Vyas (Ed.),2015
GEOMORPHOLOGY: A Systematic Analysis of Late Cenozoic Landforms (3rd edition),Arthur L. Bloom,2011
GEOMORPHOLOGY: A Systematic Analysis of Late Cenozoic Landforms (3rd edition),Arthur L. Bloom,2011
REGIONAL AND URBAN GIS: A Decision Support Approach,Timothy L. Nyerges and Piotr Jankowski,2010
GEOINFORMATICS FOR DECENTRALIZED PLANNING AND GOVERNANCE ,M.S. Nathawat and A.C. Pandey (Eds.),2008
MANAGING GEOGRAPHIC INFORMATION SYSTEMS (2nd Edition) ,Nancy J. Obermeyer and Jeffrey K. Pinto,2008
THE SOCIAL IMPLICATIONS OF GEOGRAPHIC INFORMATION SYSTEMS ,John Pickles (Ed.),2006
FIELD METHODS IN REMOTE SENSING ,Roger M. McCoy,2006
REGIONAL DEVELOPMENT AND PLANNING,Janki Jiwan,2021
REGIONAL DEVELOPMENT AND PLANNING,Janki Jiwan,2021
LAND AND DISASTER MANAGEMENT STRATEGIES IN ASIA,Huong Ha (ed.),2021
"URBANIZATION IN ASIA: Governance, Infrastructure and the Environment",0
PRINCIPLES OF REMOTE SENSING,Paul J. Curran,2020
AGRICULTURAL GEOGRAPHY (Second Edition),Majid Husain,2020
AGRICULTURAL GEOGRAPHY (Second Edition),Majid Husain,2020
SMART AGRICULTURE: Ancient Wisdom and Modern Technology,"Punyatoya Patra,0
"DISASTER, VULNERABILITY AND REHABILITATION: A Study of Uttarakhand",0
WATER RESOURCE MANAGEMENT: Problems and Prospects,Alpana Kateja (Ed.),2019
AN INTRODUCTION TO URBAN GEOGRAPHY,John R. Short,2019
 URBAN AND  REGIONAL PLANNING: A Systems Approach,J. Brian McLoughlin,2019
AN INTRODUCTION TO POLITICAL GEOGRAPHY (Second Edition),John Rennie Short,2019
"GEOGRAPHY, RESOURCES AND ENVIRONMENT (2 Volume Set)",0
GEOGRAPHY OF RAJASTHAN,H.M. Saxena,2019
GEOGRAPHY OF RAJASTHAN,H.M. Saxena,2019
"INTEGRATED WATERSHED MANAGEMENT: Field Manual for Equitable, Productive and Sustainable Development",0
A PRIMER OF GIS: Fundamental Geographic and Cartographic Concepts,Francis Harvey,2018
"ECOFEMINISM: Women, Culture,0
HUMAN GEOGRAPHY (5th Edition),Majid Husain,2018
HUMAN GEOGRAPHY (5th Edition),Majid Husain,2018
NATURAL DISASTER AND WOMEN: A Gendered Perspective,Pradeep Kumar Parida (ed.),2018
ECONOMIC GEOGRAPHY (Second Edition) Revised and Updated,H.M. Saxena,2018
ECONOMIC GEOGRAPHY (Second Edition) Revised and Updated,H.M. Saxena,2018
QUANTITATIVE METHODS IN GEOGRAPHY: An Introduction to Spatial Analysis,Peter J. Taylor,2018
FUNDAMENTALS OF PHYSICAL GEOGRAPHY (FIFTH EDITION): Revised and Enlarged,Majid Husain,2018
FUNDAMENTALS OF PHYSICAL GEOGRAPHY (FIFTH EDITION): Revised and Enlarged,Majid Husain,2018
GEOMATICS IN NATURAL DISASTERS,"SM. Ramasamy,0
BIOGEOGRAPHY,L.C. Agrawal,2018
BIOGEOGRAPHY,L.C. Agrawal,2018
Geographic Information Systems: Theory & Practice,"R. Ram Mohan Rao,0
POPULATION: An Introduction to Concepts and Issues (12th Edition),John R. Weeks,2018
DEMOGRAPHY: The Science of Population (Second Edition),Jay Weinstein and Vijayan K. Pillai,2017
COMPARATIVE BIOGEOGRAPHY: Discovering and Classifying Biogeographical Patterns of a Dynamic Earth ,Lynne R. Parenti and Malte C. Ebach,2017
MOUNTAIN GEOGRAPHY: Physical and Human Dimensions,"Martin F. Price,0
ENVIRONMENTAL GEOGRAPHY (Third Edition),H.M. Saxena,2017
ENVIRONMENTAL GEOGRAPHY (Third Edition),H.M. Saxena,2017
POPULATION ISSUES: Studies from Uttar Pradesh and Bihar,"Harihar Sahoo,0
NEW MODELS IN GEOGRAPHY (2 Volume Set),Richard Peet and Nigel Thrift (eds),2017
NEW MODELS IN GEOGRAPHY (2 Volume Set),Richard Peet and Nigel Thrift (eds),2017
WATER AND HEALTH,Alpana Kateja (ed.),2017
THE VITALITY OF INDIA: A Regional Perspective,Gopal Krishan,2017
"WATER ON EARTH: The Story of Its Origin, Habitats,0
"INDIAN AND WORLD GEOGRAPHY: Physical, Social and Economic",0
"INDIAN AND WORLD GEOGRAPHY: Physical, Social and Economic",0
"GROUNDWATER GOVERNANCE: Development, Degradation & Management ",0
"ENVIRONMENTAL MOVEMENTS, STATE AND CIVIL SOCIETY",0
DICTIONARY OF REMOTE SENSING AND GEOINFORMATICS,Anand Malik ,2016
DAMS AND DEVELOPMENT IN INDIA,Arun Kumar Nayak,2016
HUMAN BIOGEOGRAPHY,Alexander H. Harcourt,2016
GEOGRAPHY: Basic Concepts,Frank R. Spellman,2016
WORLD GEOGRAPHY (Fifth Edition: Revised and Enlarged) ,Majid Husain ,2016
WORLD GEOGRAPHY (Fifth Edition: Revised and Enlarged) ,Majid Husain,2016
"URBANISATION, ENVIRONMENTAL DEGRADATION & QUALITY OF LIFE",0
"POPULATION, HEALTH AND ENVIRONMENT",0
THEMES IN GEOGRAPHIC THOUGHT,Milton E. Harvey and Brian P. Holly (ed.),2016
"THE GEOGRAPHY OF RELIGION: Faith, Place,0
REMOTE SENSING AND GEOGRAPHICAL INFORMATION SYSTEMS: Basics and Applications,P.R. Vyas (Ed.),2015
"ENVIRONMENTAL ECOLOGY, BIODIVERSITY AND CLIMATE CHANGE: Towards Sustainable Development",0
"ENVIRONMENTAL ECOLOGY, BIODIVERSITY AND CLIMATE CHANGE: Towards Sustainable Development",0
"GLOBALIZATION AND ENVIRONMENT: Discourse, Policies and Practices ",0
HOUSING FOR THE URBAN POOR IN DEVELOPING COUNTRIES,"Brian C. Aldrich,0
EVOLUTION OF GEOGRAPHICAL THOUGHT (6th Edition),Majid Husain ,2015
EVOLUTION OF GEOGRAPHICAL THOUGHT (6th Edition),Majid Husain ,2015
ELECTORAL GEOGRAPHY,Seema Jalan ,2015
MIGRATION: The Boundaries of Equality and Justice ,Bill Jordan and Frank D,2015
DEVELOPMENT STUDIES,Jeffery Haynes ,2015
THE PRACTICE OF SOCIAL RESEARCH,Earl Babbie,2014
SUSTAINABLE DEVELOPMENT: Local Issues and Global Agendas,R.B. Patil ,2014
MANAGING GROUNDWATER FOR IRRIGATED AGRICULTURE: The Relevance of Biodrainage Model,A.S. Kapoor ,2014
RESOURCES AND REGIONAL DEVELOPMENT IN INDIA: Festschrift in Honour of Professor Baleshwar Thakur,"Rameshwar Thakur,0
MAKING POLITICAL GEOGRAPHY,John Agnew and Luca Muscara,2014
AN INTRODUCTION TO THE GEOGRAPHY OF TOURISM,Velvet Nelson,2014
RETHINKING URBAN DEVELOPMENT: Exploring Cosmopolitanism and Regionalism in Post-Industrial Cities,Vinita Pandey,2014
STUDIES IN GEOGRAPHY OF JAMMU AND KASHMIR,A.K. Kaul,2014
STUDIES IN GEOGRAPHY OF JAMMU AND KASHMIR,A.K. Kaul,2014
"RESOURCES, TRIBES AND DEVELOPMENT: Competing Interests and Contours of Possibilities",0
"CITIES IN GLOBALIZATION: Practices, Policies and Theories",0
"THE NEW INDUSTRIAL GEOGRAPHY: Regions, Regulation and Institutions",0
CLUSTERS IN URBAN AND REGIONAL DEVELOPMENT,"Andy Cumbers,0
"MIGRATION IN INDIA : Links to Urbanization, Regional Disparities and Development Policies ",0
INDIAS DEMOGRAPHY: Changing Demographic Scenario in India  ,P.K. Majumdar ,2013
SMALL CITIES AND TOWNS IN GLOBAL ERA: Emerging Changes and Perspectives  ,R.N. Sharma and R.S. Sandhu  (Eds.),2013
ECONOMIC GEOGRAPHY OF INDIA,T.C. Sharma,2013
ECONOMIC GEOGRAPHY OF INDIA,T.C. Sharma,2013
LEISURE & TOURISM: Cultural Paradigms,John Dodd and Veena Sharma (eds.),2012
POPULATION GEOGRAPHY: Tools & Issues,K. Bruce Newbold,2012
AN INTRODUCTION TO ENVIRONMENT ,Vishwambhar Prasad Sati,2012
AN INTRODUCTION TO ENVIRONMENT ,Vishwambhar Prasad Sati,2012
LIFE ABUNDANT: Remembering Dr A.B. Mukerji,Malovika Pawar (Ed.),2012
BIO-CULTURAL DEVELOPMENT OF SCHEDULED TRIBES: Policies and Issues,"P.K. Misra,0
WATERSHED DEVELOPMENT AND HEALTH: Study of Child Nutrition in Rural Semi-Arid Region,Apoorvaa Pandit and Dipak Zade,2012
INDIAS NEW ECONOMIC POLICY: A Critical Analysis,Waquar Ahmed | Amitabh Kundu | Richard Peet (Eds.),2011
GLOBALIZATION AND GROWTH: Implications for a Post-Crisis World,Michael Spence | Danny Leipziger (Eds.),2011
HEALTH AND GROWTH ,Michael Spence | Maureen Lewis (Eds.),2011
MODERN GEOGRAPHICAL THOUGHT ,Richard Peet,2011
GEOMORPHOLOGY: A Systematic Analysis of Late Cenozoic Landforms (3rd edition),Arthur L. Bloom,2011
GEOMORPHOLOGY: A Systematic Analysis of Late Cenozoic Landforms (3rd edition),Arthur L. Bloom,2011
GLOBAL MEDICAL GEOGRAPHY: Essays in Honour of Prof. Yola Verhasselt,Rais Akhtar and Nilofar Izhar (Eds.),2010
BHARAT MAIN ADHUNIK PARYATAN (Modern Tourism in India) (Hindi) ,"Atul Joshi,0
ECOFEMINISM ,Maria Mies and Vandana Shiva,2010
"THEORIES OF DEVELOPMENT: Contentions, Argument,0
GLOCAL ENVIRONMENTAL EDUCATION ,"Yukio Himiyama,0
REGIONAL AND URBAN GIS: A Decision Support Approach,Timothy L. Nyerges and Piotr Jankowski,2010
FUNDAMENTALS OF DEMOGRAPHY ,P.K. Majumdar,2010
TRANSPORT GEOGRAPHY,H.M. Saxena,2010
"INDIAN GEOGRAPHY: Perspectives, Concerns and Issues",0
ADMINISTRATION OF DESERT AND DROUGHT-PRONE ARID AREAS ,Rakesh Hooja and R.K. Choubisa (Eds.),2009
ENVIRONMENTAL ISSUES: Behavioural Insights,Parul Rishi (Ed.),2009
A COMPANION TO ENVIRONMENTAL THOUGHT ,Peter Hay,2009
BIOGEOGRAPHY AND BIODIVERSITY ,R.B. Singh (Ed.),2009
"URBANIZATION, DISPLACEMENT AND REHABILITATION: A Study of People Affected by Land Acquisition ",0
"ENVIRONMENT, RESOURCES & SUSTAINABLE DEVELOPMENT: Essays in Honour of Professor Majid Husain",0
GEOINFORMATICS FOR DECENTRALIZED PLANNING AND GOVERNANCE ,M.S. Nathawat and A.C. Pandey (Eds.),2008
GEOGRAPHY OF WATER RESOURCES ,R.K. Gurjar and B.C. Jat,2008
"HOW MAPS WORK: Representation, Visualization,0
MANAGING GEOGRAPHIC INFORMATION SYSTEMS (2nd Edition) ,Nancy J. Obermeyer and Jeffrey K. Pinto,2008
URBAN GEOGRAPHY ,L.N. Verma,2008
URBAN GEOGRAPHY ,L.N. Verma,2008
GEOGRAPHY OF WATER RESOURCES ,R.K. Gurjar and B.C. Jat,2008
"POVERTY, SOCIAL CAPITAL AND NATURAL RESOURCE MANAGEMENT ",0
"CENTRAL ASIA: Economy, Environment and Culture",0
MODELS IN GEOGRAPHY ,Majid Husain,2007
URBAN CRISIS: Culture and the Sustainability of Cities,M. Nadarajah and Ann Tomoko Yamamoto (Eds.),2007
EXPLANATION IN GEOGRAPHY ,David Harvey,2007
SPACES OF COLONIALISM: Delhis Urban Governmentalities,Stephen Legg,2007
URBAN PLANNING IN INDIA ,Amiya Kumar Das,2007
MODELS IN GEOGRAPHY ,Majid Husain,2007
EXPLANATION IN GEOGRAPHY ,David Harvey,2007
THE SOCIAL IMPLICATIONS OF GEOGRAPHIC INFORMATION SYSTEMS ,John Pickles (Ed.),2006
FIELD METHODS IN REMOTE SENSING ,Roger M. McCoy,2006
GEOGRAPHY WORKBOOK ,Majid Husain,2006
NATURAL HAZARDS AND DISASTER MANAGEMENT,R.B. Singh,2006
"RESEARCH METHODOLOGY IN GEOGRAPHY: Social, Spatial and Policy Dimensions ",0
ENVIRONMENTAL STUDIES ,H.M. Saxena,2006
ENVIRONMENTAL STUDIES ,H.M. Saxena,2006
INTERPRETING GLOBALISATION: Perspectives in International Relations,Rajen Harshe (Ed.),2005
THE NATURE OF GEOGRAPHY ,Richard Hartshorne,2005
POPULATION GEOGRAPHY ,Mohammad Izhar Hassan,2005
POPULATION GEOGRAPHY ,Mohammad Izhar Hassan,2005
MARKETING GEOGRAPHY ,H.M. Saxena,2004
"SOCIAL DEVELOPMENT IN INDIAN SUBCONTINENT: India, Pakistan and Bangladesh",0
REINVENTING REGIONAL DEVELOPMENT: Festschrift to Honour Gopal Krishan,"Surya Kant,0
A COMPANION TO TOURISM,"Alan A. Lew,0
MARKETING GEOGRAPHY ,H.M. Saxena,2004
"ACHIEVING BROAD-BASED SUSTAINABLE DEVELOPMENT: Governance, Environment and Growth with Equity",0
LAND DEGRADATION AND DESERTIFICATION ,V.C. Jha (Ed.),2003
RADICAL GEOGRAPHY: Alternative Viewpoints On Contemporary Social Issues,Richard Peet,2003
GEOGRAPHY OF INDIA,Ranjit Tirtha and Gopal Krishan,2002
HUMAN DIMENSIONS OF SUSTAINABLE DEVELOPMENT ,R.B. Singh (Ed.),2002
MARKETING AND SUSTAINABLE DEVELOPMENT ,Pooja Saxena,2002
GEOGRAPHY OF INDIA ,Ranjit Tirtha and Gopal Krishan,2002
THE NATURE OF GEOGRAPHY ,Richard Hartshorne,2002
GREENING THE DESERT: Motivating Settlers in the IGNP,Rakesh Hooja ,2001
GEOGRAPHY OF ASIA ,Ranjit Tirtha,2001
GEOGRAPHY OF ASIA ,Ranjit Tirtha,2001
LEPROSY IN INDIA: A Study in Medical Geography,Harshit Sinha ,2000
SYSTEMATIC GEOGRAPHY OF JAMMU & KASHMIR ,Majid Husain,2000
SYSTEMATIC GEOGRAPHY OF JAMMU & KASHMIR ,Majid Husain,2000
"DESERT, DROUGHT & DEVELOPMENT: Studies in Resource Management and Sustainability",0
SOCIAL GEOGRAPHY ,Aijazuddin Ahmad,1999
GEOGRAPHY OF POPULATION: Selected Essays,S.L. Kayastha ,1998
CLIMATE & DRYLAND ECOLOGY,Yaseen Khan,1998
GEOGRAPHY OF POPULATION: Selected Essays,S.L. Kayastha ,1998
INDIAN MEDIUM TOWNS: An Appraisal of their Role as Growth Centres,Jaymala Diddee (ed.),1997
INDIA IN THE INDIAN OCEAN: A Geopolitical Study,M.A.H. Siddiqi ,1997
POLITICAL GEOGRAPHY ,Sudeepta Adhikari,1997
POLITICAL GEOGRAPHY ,Sudeepta Adhikari,1997
HIMALAYAN GEOMORPHOLOGY: Study of Himalayan Ramganga Basin,V.C. Jha,1996
GEOGRAPHY OF ELECTIONS: The Indian Context,R.D. Dikshit (Ed.),1995
THE STUDY OF URBAN GEOGRAPHY,Harold Carter,1995
STATISTICAL GEOGRAPHY: Methods & Applications,Zamir Alvi ,1995
STATISTICAL GEOGRAPHY: Methods & Applications,Zamir Alvi,1995
GEOGRAPHY OF SETTLEMENTS ,R.Y. Singh,1994
LAND CEILING AND AFTER,L.C. Gupta,1994
GEOGRAPHY OF SETTLEMENTS ,R.Y. Singh,1994
POPULATION REDISTRIBUTION AND DEVELOPMENT IN SOUTH ASIA,Leszek A. Kosinski and K. Maudood Elahi (Eds.),1991
GEOGRAPHICAL PERSPECTIVES ON IRRIGATION,Ram Kumar Gurjar (Ed.),1990
REGIONAL PERSPECTIVE ON DRY FARMING,Salahuddin Qureshi,1989
MOUNTAIN GEOGRAPHY: Physical and Human Dimensions,"Martin F. Price,0
GLOBALIZATION AND CULTURE,John Tomlinson,2019
DICTIONARY OF GLOBALIZATION,Andrew Jones,2019
GLOBALIZATION IN QUESTION (Third Edition),"Paul Hirst,0
POLITICAL SOCIOLOGY FOR A GLOBALIZING WORLD,Michael S. Drake,2018
"GLOBALISATION, LEISURE AND SOCIAL CHANGE: Essays in Honour of Professor Ishwar P. Modi ",0
THE SOCIOLOGY OF GLOBALIZATION,Luke Martell,2017
EMERGING CHALLENGES OF GLOBALIZATION AND DEVELOPMENT,Surinder Kumar and Fahimuddin (Eds),2017
GLOBALIZATION AND HEALTH (Second Edition),Johanna Hanefeld (ed.),2017
GLOBALIZATION AND LITERATURE,Suman Gupta,2016
GLOBALIZATION: Key Thinkers,Andrew Jones,2016
"GLOBALIZATION AND ENVIRONMENT: Discourse, Policies and Practices ",0
"GLOBALISATION, DIASPORA AND BELONGING: Exploring Transnationalism and Gujarati Identity ",0
GLOBALIZATION AND POSTCOLONIALISM: Hegemony and Resistance in the Twenty-first Century,Sankaran Krishna,2014
VULNERABILITY AND GLOBALISATION Perspectives and Analyses from India,N. Jayaram and D. Rajasekhar (eds.),2012
GLOBALIZATION: The Reader,John Beynon and David Dunkerley (eds),2012
"MODERNIZATION, GLOBALIZATION AND SOCIAL TRANSFORMATION ",0
"GLOBALIZATION, GROWTH AND EMPLOYMENT: Challenges and Opportunities",0
"GLOBALISATION, DEVELOPMENT AND CULTURE",0
GLOBALIZATION AND SOCIAL CHANGE,Ellina Samantroy and Indu Upadhyay,2012
"GLOBALIZATION, CONSUMER CULTURE AND IDENTITY: The Middle Class in a Postmodern Society",0
GLOBALIZATION AND GROWTH: Implications for a Post-Crisis World,Michael Spence | Danny Leipziger (Eds.),2011
GLOBALIZATION AND GENDER ,Sumita Sarkar and Manjari Srivastava (Eds),2011
THE GLOBALIZATION TURBULENCE: Emerging Tensions in Indian Society,Prashant Kumar Trivedi (Ed.),2011
GLOBAL SOCIAL MOVEMENTS ,Robin Cohen and Shirin M. Rai,2011
STATE AND GLOBALIZATION ,Roop Singh Bareth and Damyanti Gupta (Eds.),2010
"HUMAN DEVELOPMENT, WELL-BEING & GLOBALIZATION ",0
GLOBALIZATION AND CHANGE: Perspectives from Punjab (Essays in Honour of Prof. S.S. Gill),"Ranjit Singh Ghuman,0
GLOBALIZATION AND HUMANITY ,Samir Dasgupta,2010
GLOBALIZATION: Key Ideas ,Malcolm Waters,2010
LITERATURE AND GLOBALIZATION: A Reader,Liam Connell and Nicky Marsh (Eds.),2010
GLOBALIZATION AND MARKET OUTCOMES: Strategic Evidences,V. Kurien Baby,2009
REGULATING GLOBALIZATION: Critical Approaches to Global Governance,Pierre de Senarclens and Ali Kazancigil (Eds.),2008
NGOS AND GLOBALIZATION: Development & Organizational Facets,Asok Kumar Sarkar (Ed.),2008
IMPACT OF GLOBALISATION ON TRIBALS: In the Context of Kerala,Mathew Aerthayil,2008
"GLOBALIZATION AND UNEVEN DEVELOPMENT: Neocolonialism, Multinational Corporations,0
SUSTAINABILITY OF NGOs AND GLOBALISATION ,N. Ravichandran,2007
"GLOBALIZATION FOR DEVELOPMENT: Trade, Finance,0
INTERPRETING GLOBALISATION: Perspectives in International Relations,Rajen Harshe (Ed.),2005
THE NO-NONSENSE GUIDE TO GLOBALIZATION,Wayne Ellwood,2005
GLOBALIZATION: The New Market Ideology,Manfred B. Steger,2004
GLOBAL TRANSFORMATIONS: Postmodernity and Beyond ,Ananta K. Giri ,1998
RESEARCHING SOCIAL PROBLEMS: With Model Researches,Medha Kumthekar (ed.),2020
SOCIOLOGY OF FOOD,Madhu Nagla,2020
ANTHROPOLOGY AND HEALTH,Rashmi Sinha (ed.),2019
GENDER LAW AND HEALTH: international perspectives,Sita Vanka and Rekha Pande (eds),2019
"EDUCATION, HEALTH AND CITIZENSHIP: Three Dimensions of Empowering Adolescents",0
"GENDER, POWER RELATIONS AND CHILDBIRTH: Negotiations with Cultural and Biomedical Discourses ",0
SOCIOLOGY OF HEALTH AND MEDICINE,Madhu Nagla,2018
SOCIOLOGY OF HEALTH AND MEDICINE,Madhu Nagla,2018
WATER AND HEALTH,Alpana Kateja (ed.),2017
GLOBALIZATION AND HEALTH (Second Edition),Johanna Hanefeld (ed.),2017
"HEALTH, HUMAN RIGHTS AND ETHICS: : The Sociological Study in Hospital Setting",0
MEDICAL SOCIOLOGY,M. Thamilarasan,2016
"POPULATION, HEALTH AND ENVIRONMENT",0
SOCIAL WORK IN HEALTH AND AGEING: Global Perspectives ,"Barbara Berkman,0
SOCIOLOGY OF HEALTH,Mohammad Akram,2014
WOMEN'S VULNERABILITY TO HIV/AIDS,"S.K. Singh,0
MATERNAL HEALTH IN INDIA: Contemporary Issues and Challenges,Mohammad Akram (Ed.),2014
ANTHROPOLOGY & HEALTH ISSUES,"Buddhadeb Chaudhuri,0
ABORTION IN INDIA: Myth and Reality,S.G. Kabra,2013
GENDER AND HEALTH,Madhu Nagla,2013
"DISABILITY, GENDER & STATE POLICY: Exploring Margins",0
TOTAL QUALITY SERVICE IN HEALTHCARE ,Usha Manjunath,2012
TRIBAL HEALTH AND NUTRITION ,S.N. Chaudhary (Ed.),2012
WATERSHED DEVELOPMENT AND HEALTH: Study of Child Nutrition in Rural Semi-Arid Region,Apoorvaa Pandit and Dipak Zade,2012
"POPULATION, GENDER AND REPRODUCTIVE HEALTH ",0
"HEALTH, CULTURE AND SOCIETY ",0
"MIGRATION, HEALTH AND DEVELOPMENT ",0
HEALTH AND DEVELOPMENT: The Millennium Perspectives,K. Gangadharan (Ed.),2011
HEALTH AND GROWTH ,Michael Spence | Maureen Lewis (Eds.),2011
HEALING NARRATIVES OF WOMEN: A Psychological Perspective,Jyoti Anand,2011
GLOBAL MEDICAL GEOGRAPHY: Essays in Honour of Prof. Yola Verhasselt,Rais Akhtar and Nilofar Izhar (Eds.),2010
AGEING AND HEALTH IN INDIA ,C. Shanthi Johnson and S. Irudaya Rajan (Eds.),2010
HIV AND AIDS IN SOUTH ASIA: An Economic Development Risk,The World Bank,2010
MANAGING QUALITY IN HEALTH CARE ,P.R. Sodani,2010
COMMUNITY HEALTH EDUCATION ,Rameshwari Pandya,2010
HEALTH DYNAMICS AND MARGINALISED COMMUNITIES ,Mohammad Akram (Ed.),2007
AIDS AND CIVIL SOCITY: India's Learning Curve,Radhika Ramasubban and Bhanwar Rishyasringa (Eds.),2005
LOOKING BACK LOOKING FORWARD: A Profile of Sexual and Reproductive Health in India,Shireen J. Jejeebhoy (Ed.),2004
LIBERALISATION AND URBAN SOCIAL SERVICES: Health and Education,C.N. Ray,2003
LEPROSY IN INDIA: A Study in Medical Geography,Harshit Sinha ,2000
"WOMEN, LITERATURE,0
ANTHROPOLOGICAL THEORY TODAY,Henrietta L. Moore (ed),2020
THEORIES AND NARRATIVES: Reflections on the Philosophy of History,Alex Callinicos,2020
BEYOND  POSTCOLONIALISM: dreams and realities of a nation (Second Edition),jasbir jain,2019
MAKING OF MODERN INDIA: Sociological Explorations into Postcolonial Indian Modernity,Paramjit S. Judge,2019
"CULTURE, HISTORY AND POLITICS: South Asian Narratives",0
A HISTORY OF ANTHROPOLOGY (Second Edition),Thomas Hylland Eriksen and Finn Sivert Nielsen,2019
HOMO HIERARCHICUS: The Caste System and its Implications,Louis Dumont,2019
NATIONAL MOVEMENT AND EMPOWERMENT OF WOMEN: Nation-Building in the United Provinces,Malabika Pande,2018
"POSTCOLONIAL CRITICISM: History, Theory and the Work of Fiction",0
WHAT IS GENDER HISTORY?,Sonya O. Rose,2018
ECONOMIC THOUGHT: A Brief History,Heinz D. Kurz,2018
HISTORIOGRAPHY OF ANCIENT INDIAN LAW: Paradigms from Imperialism to Postmodernism,Shiva Kant Tiwari,2018
SUBCONTINENTAL HISTORIES: literary reflections on the nineteenth and twentieth centuries,Jasbir Jain,2018
GENDER AND HISTORY,Rekha Pande (ed.),2018
MAX WEBER:An Intellectual Biography,Fritz Ringer,2018
TRADITIONAL INDIA: Structure and Change,Milton Singer (ed.),2018
HISTORY OF CASTE IN INDIA: Evidence of the Laws of Manu of the Social Conditions in India during the Third Century A.D.,S.V. Ketkar,2018
RESEARCH METHODS FOR HISTORY (Second Edition),Simon Gunn and Lucy Faire (eds),2017
CONGRESS AND INDIAN NATIONALISM: The Pre-Independence Phase,Richard Sisson and Stanley Wolpert (eds),2017
MODERNISM: A Cultural History,Tim Armstrong,2017
HISTORIOGRAPHY,Kirit K. Shah & Meherjyoti Sangle,2017
BHAKTI MOVEMENT AND LITERATURE: Re-forming a Tradition ,M. Rajagopalachary and K. Damodar Rao (eds) ,2016
MAPPING SUBALTERN STUDIES AND THE POSTCOLONIAL,Vinayak Chaturvedi (Ed.) ,2015
IMAGINED COMMUNITIES: Reflections on the Origin and Spread of Nationalism,Benedict Anderson,2015
INDIAN VILLAGE: A Conceptual History ,Manish Thakur,2014
WRITING NATION'S HISTORY: A Study of Three Postcolonial Texts,Amar Mishra,2014
"GLOBAL INDIAN DIASPORA: History, Culture and Identity",0
CHANGING WORLDS CHANGING NATIONS: The Concept of Nation in the Transnational Era,Joel Kuortti and Om Prakash Dwivedi (Eds.),2012
THEORISING RESISTANCE: Narratives in History and Politics,Jasbir Jain,2012
WOMENS LIBERATION: The Arya Samaj Movement in India,Sangeeta Sharma,2011
GANDHI'S VISION OF SOCIAL TRANSFORMATION ,Malabika Pande,2011
"MAIN CURRENTS IN INDIAN HISTORY: Ancient, Medieval and Modern (From the Beginnings to 1964)",0
HISTORY OF SCIENCE AND TECHNOLOGY: Exploring New Themes,Rattan Lal Hangloo (Ed.),2011
"KASHMIR: CONTESTED IDENTITY: Closed Systems, Open Choices",0
CONSTRUCTING RAJPOOTANA-RAJASTHAN: Collected Narratives in Remembrance of Bhupendra Hooja,"Rakesh Hooja,0
GENDER RELATIONS IN EARLY INDIA ,Vinita Chandra,2010
"CULTURE, POLITY AND ECONOMY ",0
RETHINKING RADICALISM IN INDIAN SOCIETY: Bhagat Singh and Beyond,"Jose George,0
WOMEN IN DHARMASASTRAS: A Phenomenological and Critical Analysis,Chandrakala Padia (Ed.),2009
ANCIENT INDIAN ECONOMIC THOUGHT: Relevance for Today,Ratan Lal Basu and Raj Kumar Sen,2008
"POLITICISATION OF HINDU RELIGION IN POSTMODERN INDIA: An Anatomy of the Worldwides, Identities and Strategies of Hindu Nationalists in Bharatiya Janata Party",0
"CULTURAL HISTORY OF ANCIENT INDIA: Diversity, Syncretism,0
MEDIEVAL INDIA: Problems and Possibilities,Radhika Seshan (Ed.),2006
REINVENTING THE CONGRESS: Economic Policies and Strategies Since 1991,V. Bijukumar,2006
HINDU NATIONALISTS OF MODERN INDIA: A Critical Study of the Intellectual Genealogy of Hindutva,J. Kuruvachira,2006
MUSLIM POLITICAL IDENTITY ,M.S. Jain,2005
ESSAYS ON INDIAN HISTORIOGRAPHY,H.A. Phadke,2005
THE ONE LIFE: COLERIDGE AND HINDUISM,Antonella  Riem  Natale,2005
"RAJPUT POLITY: Warriors, Peasants and Merchants (1700",0
INDIA'S HISTORY,Kongetira Chinnappa Ponnappa,2003
MULTIPLE HISTORIES: Culture and Society in the Study of Rajasthan,"Lawrence A. Babb,0
"CULTURE, COMMUNITIES AND CHANGE",0
TRADING COMMUNITY OF INDIA: An Anthropological Study of Ethnicity,Nilakantha Panigrahi and Premananda Panda ,2000
MUSLIM ETHOS: As Reflected in Urdu Literature,M.S. Jain,2000
ETHNOGRAPHY AND PERSONHOOD: Notes from the Field,Michael W. Meister (ed.),2000
"ROYALITY, FEUDALISM AND GENDER: As Portrayed by Foreign Travellers",0
"RELIGION, RITUAL AND ROYALTY",0
"NATIONALISM, SEPARATISM AND SECESSIONISM",0
"PEASANTS, ARTISANS AND ENTREPRENEURS: ECONOMY OF MARWAR IN THE SEVENTEENTH CENTURY",0
CRUSADER FOR SELF-RULE: Tej Bahadur Sapru & The Indian National Movement,Rima Hooja ,1999
WOMEN IN INDIAN NATIONAL CONGRESS (1921),Rajan Mahan ,1999
INDIAS PARTITION: Preludes and Legacies,Ramakant and Rajan Mahan (Eds.),1998
INDIAN ELITE AND NATIONALISM: A Study of Indo-English Fiction,Saroj Sharma,1997
"RAJASTHAN: Polity, Economy & Society",0
SOCIAL JUSTICE AND HUMAN RIGHTS IN INDIA,Namita Gupta (ed.),2021
CHILD RIGHTS IN INDIA: Challenges and Social Action,Geeta Chopra,2021
DEMOCRACY AND HUMAN RIGHTS,David Beetham,2020
GENDER VIOLENCE: International Perspectives,Rekha Pande and Sita Vanka (eds),2020
POLITICAL THEORY: Concepts and Debates,Keshab Chandra Ratha,2020
POLITICAL THEORY: Concepts and Debates,Keshab Chandra Ratha,2020
TRIBALS & DEMOCRATIC POLITICS: Understanding from Agency Areas of Telangana and Andhra Pradesh,Sunkari Satyam,2019
GENDER AND STRUCTURAL VIOLENCE,Rekha Pande and Sita Vanka (Eds.),2019
HUMAN RIGHTS IN INDIA: Prospective and Retrospective,Sudarshanam Gankidi (Ed.),2019
HUMAN RIGHTS: Concept and Standards,Janusz Symonides (Ed.),2019
NEW DIMENSIONS AND CHALLENGES FOR HUMAN RIGHTS,Janusz Symonides (Ed.),2019
DALIT ISSUES: Caste and Class Interface,T. Brahmanandam (ed.),2018
"SOCIAL JUSTICE: Theories, Issues and Movements",0
HUMAN RIGHTS: Text and Context,Subhash Sharma,2018
SOCIAL JUSTICE: Distributive Principles and Beyond ,M.P. Dube (ed.) ,2017
WHY SOCIAL JUSTICE MATTERS,Brian Barry,2017
ANTHROPOLOGY AND HUMAN RIGHTS,Buddhadeb Chaudhuri and Subir Biswas (eds),2017
RIGHT TO EDUCATION AND SCHOOLING,Deepa Idnani (ed.),2017
PROTEST: A Cultural Introduction to Social Movements,James M. Jasper,2017
"HEALTH, HUMAN RIGHTS AND ETHICS: : The Sociological Study in Hospital Setting",0
HUMAN RIGHTS & THE THIRD WORLD: Issues and Discourses,"Subrata Sankar Bagchi,0
MINORITY RIGHTS: Between Diversity and Community ,Jennifer Jackson Preece ,2015
WOMEN'S HUMAN RIGHTS: Seeking Gender Justice in a Globalizing Age,Niamh Reilly ,2015
INTERROGATING DEMOCRACY AND HUMAN RIGHTS: The Telangana People,Jagannatham Begari ,2014
UNIVERSAL HUMAN RIGHTS: In Theory and Practice,Jack Donnelly,2014
UPLIFTMENT OF OBCs: Human Rights Perspective,Najibul Hasan Khan,2012
DALIT RIGHTS / HUMAN RIGHTS ,Debi Chatterjee,2011
GENDER AND HUMAN RIGHTS: Narratives on Macro-Micro Realities,"Bishnu C. Barik,0
"FAMILY VIOLENCE IN INDIA: Human Rights, Issues,0
CHALLENGES IN HUMAN RIGHTS: A Social Work Perspective,Elisabeth Reichert (Ed.),2008
"WOMEN, GENDER,0
SOCIAL WORK AND HUMAN RIGHTS: A Foundation for Policy and Practice,Elisabeth Reichert,2003
"GLOBALISATION, LEISURE AND SOCIAL CHANGE: Essays in Honour of Professor Ishwar P. Modi ",0
LEISURE AND LIFE THROUGH THE AGES: Studies from Europe ,Ishwar Modi and Teus J. Kamphorst (eds),2017
"MAPPING LEISURE: Studies from Australia, Asia and Africa",0
AN INTRODUCTION TO THE GEOGRAPHY OF TOURISM,Velvet Nelson,2014
LEISURE & TOURISM: Cultural Paradigms,John Dodd and Veena Sharma (eds.),2012
INDIAN TRAVEL NARRATIVES ,Somdatta Mandal (Ed.),2010
KOREAN LEISURE: From Tradition to Modernity,Erwei Dong and Jouyeon Yi-Kook (Eds.),2010
A COMPANION TO TOURISM,"Alan A. Lew,0
"LEISURE, FAMILY AND LIFESTYLE: Unemployed Young People",0
LEISURE AND CRIME,Mohammad M. Hussinat,1997
PUSTAKALAYA PRABANDH (Library Management) (Hindi) ,"Kisni Navlani,0
INFORMATION SCIENCE AND JOURNALISM: A Symbiosis,Rabindra K. Mahapatra and Krushna C. Panda,2004
INFORMATION SERVICES IN ACADEMIC LIBRARIES: Study of ICSSR Institutes,S.S. Chandel,2003
PERSONNEL MANAGEMENT IN COLLEGE LIBRARIES ,S.P. Satarkar ,2000
LIBRARY AND INFORMATION SERVICES,K. Navalani and Sudha Trikha (Eds.),1999
WOMEN IN THE INDIAN DIASPORA: Historical Narratives and Contemporary Challenges,Amba Pande (ed.),2021
"WOMEN WRITERS OF THE SOUTH ASIAN DIASPORA: Interpreting Gender, Texts and Contexts",0
"WOMEN, LITERATURE,0
POSTMODERNITY AND ITS DISCONTENTS,Zygmunt Bauman,2020
THEORIES AND NARRATIVES: Reflections on the Philosophy of History,Alex Callinicos,2020
"INTERPRETING CINEMA: Adaptations, Intertextualities,0
MARXIST LITERARY CRITICISM TODAY,Barbara Foley,2019
BEYOND  POSTCOLONIALISM: dreams and realities of a nation (Second Edition),jasbir jain,2019
FEMINIST THEORY IN PRACTICE AND PROCESS,"Micheline R. Malson,0
"LITERATURE, CULTURE AND SOCIETY",0
"TRIBAL LANGUAGE,LITERATURE AND FOLKLORE:  Emerging Approaches in Tribal Studies",0
POSTMODERNITY (Second Edition),David Lyon,2019
DISCOURSE,David Howarth,2019
POSTMODERNITY (Second Edition),David Lyon,2019
DISCOURSE,David Howarth,2019
"CULTURE, HISTORY AND POLITICS: South Asian Narratives",0
THE INDIAN DIASPORA: Historical and Contemporary Context,"Laxmi Narayan Kadekar,0
MAPPING SOUTH ASIAN DIASPORA: Recent Responses and Ruminations,Ajay K. Chaubey and Asis De (eds),2018
FICTION AND FILM: Ruskin Bond's Romantic Imagination,Jaskiran Chopra,2018
"POSTCOLONIAL CRITICISM: History, Theory and the Work of Fiction",0
SUBCONTINENTAL HISTORIES: literary reflections on the nineteenth and twentieth centuries,Jasbir Jain,2018
"FEMINIST POST-DEVELOPMENT THOUGHT: Rethinking Modernity, Post-Colonialism and Representation",0
"FEMINIST FUTURES: Reimagining Women, Culture and Development (Second Edition)",0
INDIAN FICTION AND MULTICULTURALISM,J. Yellaiah and K. Damodar Rao (eds),2018
INTRODUCTION TO CRITICAL THEORY: Horkheimer to Habermas,David Held,2018
SOCIETAL REFLECTIONS IN POSTMODERN DRAMA: The Two-Character Play,Priti Bairathi,2018
CONTEMPORARY CULTURAL THEORY,"Andrew Milner,0
"FILMS, LITERATURE & CULTURE: Deepa Mehta",0
CONTEMPORARY INDIAN THEATRE: Theatricality and Artistic Crossovers ,Ravi Chaturvedi and Tapati Gupta (eds),2017
MODERNISM: A Cultural History,Tim Armstrong,2017
FEMINIST CRITICISM: Women as Contemporary Critics,Maggie Humm,2017
MAPPING INDIAN DIASPORA: Contestations and Representations,Ajaya K. Sahoo (ed.),2017
THE IDENTITY OF LITERATURE: A Reply to Jacques Derrida,Rajnath,2017
KEY CONCEPTS IN LITERARY THEORY (3rd Edition),"Julian Wolfreys,0
POST-THEORY: New Directions in Criticism,"Martin McQuillan,0
THE BACKGROUND TO CONTEMPORARY CRITICAL THEORY: From Kant to Levi Strauss,Jon Simons (ed.),2017
SOUTH ASIAN DIASPORIC CINEMA AND THEATRE: Re-visiting Screen and Stage in the New Millennium,Ajay K. Chaubey and Ashvin I. Devasundaram (eds),2017
WOMEN IN PATRIARCHY: Cross-Cultural Readings,Jasbir Jain (ed.),2017
POSTCOLONIAL INDIAN ENGLISH FICTION: Decentering the Nation,M. Rajagopalachary and K. Damodar Rao (Eds),2016
INTRODUCING LITERARY THEORIES: A Guide and Glossary,Julian Wolfreys (ed),2016
SOULFUL WHISPERS: An Autobiography in Verse ,Neeta Avtar Khurana ,2016
RESEARCH METHODS FOR CULTURAL STUDIES ,Michael Pickering (ed),2016
RESEARCH METHODS FOR ENGLISH STUDIES (Second Edition),Gabriele Griffin (ed),2016
SOUTH ASIAN DIASPORA NARRATIVES: Roots and Routes,Amit Sarwal,2016
GLOBALIZATION AND LITERATURE,Suman Gupta,2016
BHAKTI MOVEMENT AND LITERATURE: Re-forming a Tradition ,M. Rajagopalachary and K. Damodar Rao (eds) ,2016
ESSAYS ON INDIAN WRITING IN ENGLISH: Twice-Born or Cosmopolitan Literature?,Dieter Riemenschneider,2016
FEMINIST SOCIAL THOUGHT: An Introduction to Six Key Thinkers ,Vidyut Bhagwat,2016
"CULTURE, TRANSFORMATION AND IDENTITY: Travel,0
"POSTCOLONIALISM: Theory, Practice or Process?",0
"DIASPORA, DEVELOPMENT AND DISTRESS: Indians in the Persian Gulf",0
CONTEMPORARY INDIAN DIASPORA: Literary and Cultural Representations ,Angshuman Kar (Ed.) ,2015
THE DIASPORA WRITES HOME: Subcontinental Narratives,Jasbir Jain ,2015
FILMS AND FEMINISM: Essays in Indian Cinema,Jasbir Jain and Sudha Rai (Eds) ,2015
"GENDER AND DIVERSITY: India, Canada and Beyond ",0
"DIASPORA, CULTURE AND IDENTITY",0
INDIAN DIASPORA: Between Modernity & Tradition ,Paramjit S. Judge (ed.),2015
MODERN FEMINIST THOUGHT: From the Second Wave to Post-Feminism,Imelda Whelehan ,2015
CONTEMPORARY CRITICAL THEORISTS : From Lacan to Said,Jon Simons (ed.) ,2015
THEORIES OF MULTICULTURALISM: An Introduction,George Crowder,2015
POSTCOLONIALISM AND POLITICAL THEORY,Nalini Persram (Ed.) ,2015
MAPPING SUBALTERN STUDIES AND THE POSTCOLONIAL,Vinayak Chaturvedi (Ed.) ,2015
THE 21ST-CENTURY NOVEL: Notes from: The Edinburgh World Writers,Jonathan Bastable and Hannah McGill (Eds),2015
PRACTISING FEMINIST CRITICISM: An Introduction ,Maggie Humm ,2015
"GLOBALISATION, DIASPORA AND BELONGING: Exploring Transnationalism and Gujarati Identity ",0
WOMEN'S WRITING: Text & Context,Jasbir Jain (Ed),2014
WOMEN'S WRITING: Text & Context,Jasbir Jain (Ed),2014
DISCOURSING MINORITY: In-Text and Co-Text ,"Anisur Rahman,0
GLOBALIZATION AND POSTCOLONIALISM: Hegemony and Resistance in the Twenty-first Century,Sankaran Krishna,2014
NEW ROUTES FOR DIASPORA STUDIES,"Sukanya Banerjee,0
HABERMAS: Introduction and Analysis,David Ingram,2014
WRITING NATION'S HISTORY: A Study of Three Postcolonial Texts,Amar Mishra,2014
SOCIOLOGY OF POSTMODERNISM,Scott Lash,2013
WRITING SOCIETY THROUGH MEDIA: Ethnography of a Hindi Daily  ,Per Stahlberg,2013
HINDUISM AND THE DIASPORA ,P. Pratap Kumar ,2013
WORLD LITERATURE AND THE POLITICS OF THE MINORITY ,Jihee Han (Ed),2013
THE PHILOSOPHY OF MODERN LITERARY THEORY,Peter V. Zima,2013
SOCIOLOGY OF LITERATURE,Subhash Sharma,2013
"GLOBAL INDIAN DIASPORA: History, Culture and Identity",0
MICHEL FOUCAULT: Key Concepts,Dianna Taylor (ed.),2012
PIERRE BOURDIEU: Key Concepts,Michael Grenfell (ed.),2012
UNDERSTANDING POSTSTRUCTURALISM ,James Williams,2012
UNDERSTANDING FEMINISM ,Peta Bowden and Jane Mummery,2012
UNDERSTANDING POSTCOLONIALISM ,Jane Hiddleston,2012
THEODOR ADORNO: Key Concepts,Deborah Cook (ed.),2012
CULTURAL NARRATIVES: Hybridity & Other Spaces,Jasbir Jain (ed.),2012
POSTMODERNISM OR THE CULTURAL LOGIC OF LATE CAPITALISM ,Fredric Jameson,2012
"MALE IMAGE, FEMALE GAZE: Men in Shashi Deshpande",0
INDIAN DIASPORA AND TRANSNATIONALISM,"Ajaya Kumar Sahoo,0
CHANGING WORLDS CHANGING NATIONS: The Concept of Nation in the Transnational Era,Joel Kuortti and Om Prakash Dwivedi (Eds.),2012
DIASPORIC TRANSFORMATIONS ,Sanjiv Kumar,2012
THEORISING RESISTANCE: Narratives in History and Politics,Jasbir Jain,2012
CRITICISM AND IDEOLOGY: A Study in Marxist Literary Theory (New Edition),Terry Eagleton,2012
WHAT IS CULTURAL STUDIES: A Reader,John Storey (ed.),2012
"CULTURE, NATURE AND LITERATURE",0
FICTION AND SOCIETY: Narrativisation of Realities in the Novels of Shashi Deshpande and Githa Hariharan,Sarita Prabhakar,2011
"DIASPORAS: concepts, intersections,0
"THE WRITER AS CRITIC: Essays in Literature, History & Culture",0
THEORIZING FEMINISM,Chandrakala Padia,2011
"VIOLENCE IN MEDIA AND SOCIETY: Literature, Film and TV",0
HEALING NARRATIVES OF WOMEN: A Psychological Perspective,Jyoti Anand,2011
CONTEMPORARY FEMINIST THEORIES ,Stevi Jackson and Jackie Jones (Eds.),2011
POSTFEMINISM: Cultural Texts & Theories,Stephanie Genz and Benjamin A. Brabon,2011
MICHAEL ONDAATJE'S FICTION: Poetics of Exile,Avinash Jodha,2011
WHAT IS FILM THEORY?: An Introduction to Contemporary Debates,Richard Rushton and Gary Bettinson,2011
WHAT IS THEORY?: Cultural Theory as Discourse and Dialogue,Peter V. Zima,2011
MUSLIM CULTURE IN INDIAN CINEMA ,Jasbir Jain (Ed.),2011
LITERARY CONSTRUCTS OF THE SELF: Socio-Cultural Contexts,Santosh Gupta and Mini Nanda (Eds.),2010
WRITERS OF THE INDIAN DIASPORA: A Bio-Bibliographical Critical Sourcebook,Emmanuel S. Nelson,2010
DICTIONARY OF CONCEPTS IN LITERARY CRITICISM & THEORY ,Wendell V. Harris,2010
GENDER ISSUES: Attestations and Contestations,Rajul Bhargava (Ed.),2010
INDIAN TRAVEL NARRATIVES ,Somdatta Mandal (Ed.),2010
LITERATURE AND GLOBALIZATION: A Reader,Liam Connell and Nicky Marsh (Eds.),2010
"LANGUAGE, MEDIA & SOCIETY",0
READING LITERARY CULTURE: Perspectives from Orissa,Sumanyu Satpathy,2009
KEY ISSUES IN CRITICAL & CULTURAL THEORY ,Kate McGowan,2009
RAJA RAOS SHORTER FICTION: The Enlightement Theme,Roshan Lal Sharma,2009
RECONSTRUCTING IDENTITIES: Society Through Literature,Paramjit S. Judge and Gurpreet Bal (Eds.),2008
THEATRE AND DEMOCRACY ,Ravi Chaturvedi (Ed.),2008
GITA MEHTA: Writing Home / Creating Homeland,Usha Bande,2008
BHARTIYA DALIT SAHITYA KA VIDROHI SWAR (Dalit Literature in India) (Hindi) ,Vimal Thorat and Suraj Badtya,2008
CONTEMPORARY POETS IN ENGLISH ,Surya Nath Pandey,2007
SALMAN RUSHDIES EARLY FICTION ,Uma Parameswaran,2007
CONTEMPORARY BRITISH FICTION: History and the Present,Santosh Gupta and Preeti Bhatt (Eds.),2007
NARRATIVE OF THE VILLAGE: Centre of the Periphery,Jasbir Jain (Ed.),2006
WOMEN ON WOMEN: A Reading of Commonwealth Women Writers,"Amina Amin,0
HYBRIDITY AND POSTCOLONIALISM: Twentieth Century Indian Literature,Monika Fludernik (Ed.),2006
MEDIATING INDIAN WRITING IN ENGLISH: German Responses,Bernd-Peter Lange and Mala Pandurang (Eds.),2005
ETHNICITY AND IDENTITY: Global Performance,Ravi Chaturvedi and Brian Singleton (Eds.),2005
FILM AND FICTION: Word into Image,Somdatta Mandal,2005
FORM IN INDIAN MUSIC: A Study in Gharanas,Chetan Karnani ,2005
CONTEMPORARY INDIAN DRAMA: astride two traditions,"Urmil Talwar,0
THE ONE LIFE: COLERIDGE AND HINDUISM,Antonella  Riem  Natale,2005
"INDIANS IN AMERICA: One Stream, Two Waves,0
"OF NARRATIVES, NARRATORS ",0
"NARRATIVE CONSTRUCTION OF INDIA: Forster, Nehru and Rushdie",0
DISLOCATIONS AND MULTICULTURALISMS: Essay in Homage to Professor R.K. Kaul,Jasbir Jain (Ed.),2004
SHAKTI: Multidisciplinary Perspectives on Women,Ranjana Harish and Bharathi Harishankar (Eds.),2003
POSTCOLONIAL INDIAN WRITING: Between Co-Option And Resistance,Meenakshi Sharma,2003
V.S. NAIPAUL: Nobel Prize Winner (Writers of the Indian Diaspora) (IInd Edition) ,Manjit Inder Singh ,2002
T.S. ELIOT POETRY AND THEORY: Time and Creativity,Anju Dhadda Misra,2002
WOMEN IN THE PLAYS OF EUGENE O'NEILL AND TENNESSEE WILLIAMS ,Charu Mathur,2002
REALISM IN AMERICAN FICTION: Contribution of William Dean Howells,Sangeeta Handa ,2001
SUNITI NAMJOSHI: The Artful Transgressor,C. Vijayasree,2001
MUSLIM ETHOS: As Reflected in Urdu Literature,M.S. Jain,2000
LITERATURE & IDEOLOGY: Essays in Interpretation,Veena Singh (Ed.),1998
WRITERS OF THE INDIAN DIASPORA,Jasbir Jain (ed.),1998
CONCEPT OF EQUALITY AND IDEAL SOCIETY: Basaveshwaras Model,S.A. Palekar,1997
"LITERARY INDIA: Comparative Studies in Aesthetics, Colonialism and Culture",0
SOCIAL BUSINESS: Transformational approach to a fair and just society,Fons van der Velden (Ed.),2019
MANAGEMENT CULTURE IN INDIA: An Ethnographic Study,  M. Romesh Singh,2017
GENDER AND MANAGEMENT: International Perspectives,Sita Vanka (Ed.),2017
BUSINESS ETHICS AND CORPORATE SOCIAL RESPONSIBILITY: A Comparative Study of Selected Mega Marts in Jaipur City,Sanju Sharma ,2016
ENTREPRENEURSHIP AND SOCIAL CAPITAL: Relationships and Start-ups in Indian ICT Industry ,Anirban Sengupta,2016
ALTERNATIVE APPROACHES AND STRATEGIES OF HUMAN RESOURCES DEVELOPMENT,"T.V. Rao,0
INDUSTRIAL SOCIOLOGY,Narendar Singh,2012
"GLOBALIZATION, CONSUMER CULTURE AND IDENTITY: The Middle Class in a Postmodern Society",0
PUSTAKALAYA PRABANDH (Library Management) (Hindi) ,"Kisni Navlani,0
"MANAGING CHANGE, ORGANISATIONAL BEHAVIOUR AND HRD ",0
"TRAINING, CIVIL SERVICES & PERSONNEL ADMINISTRATION ",0
ETHICS AND HRD: A New Approach to Leading Responsible Organizations,Tim Hatcher,2007
APPROACHES TO TRAINING AND DEVELOPMENT (3rd Edition) ,"Dugan Laird,0
"GLOBALIZATION FOR DEVELOPMENT: Trade, Finance,0
DEVELOPMENT AND MANAGEMENT ,Tina Wallace,2006
"STATE, MARKET AND CIVIL SOCIETY: Issues and Interface",0
ETHNICITY IN INDUSTRIAL ORGANIZATIONS: Case of Two Organizations in Mumbai,Ernesto Noronha,2005
E-GOVERNANCE: A Change Management Tool,P. Panneervel,2005
"MARKETING: Strategy, Implementation and Control",0
"STATES, MARKETS,0
FINANCIAL CONTROL AND ENTERPRISE MANAGEMENT ,"R.K.Mishra,0
"MARKETING: Strategy, Implementation and Control",0
BUSINESS ECONOMICS ,A.C. Gupta,2003
BUSINESS ECONOMICS ,A.C. Gupta,2003
MARKETING AND SUSTAINABLE DEVELOPMENT ,Pooja Saxena,2002
COMMUNITY PARTICIPATION IN NATURAL RESOURCE MANAGEMENT,G.P. Mishra and B.K. Bajpai (eds),2001
TRADING COMMUNITY OF INDIA: An Anthropological Study of Ethnicity,Nilakantha Panigrahi and Premananda Panda ,2000
RESOURCE MANAGEMENT AND CONTOURS OF DEVELOPMENT: Reflections Through Macro-Micro Narratives, B.C. Barik (Ed.),2000
SRAMIK SAHABHAGITA AVAM AUDHYOGIK SAMBANDH (Workers Participation in Management and Industrial Relations) - Hindi,Dilip Kumar Singh,1999
"ENTREPRENEURSHIP, STRATEGIC MANAGEMENT AND GLOBALIZATION",0
TRAINING EVALUATION FOR RESULTS,A.K. Saxena,1997
MANAGERIAL EFFECTIVENESS,Bidhi Chand (Ed.),1997
PUBLIC SECTORS IN INDIA,S.K. Singh (Ed.),1997
MANAGEMENT OF URBAN LOCAL FINANCES: Study of Non-Octroi States,"Shyam Nath,0
ORGANIZATIONAL BEHAVIOUR: Contemporary Issues,J.L. Rastogi,1994
PARTICIPATION AND ORGANISATION DEVELOPMENT,Prayag Mehta,1989
ORGANIZATIONAL BEHAVIOUR PROCESSES,Udai Pareek,1988
MODERNIZATION OF ASIAN THEATRES: Process and Tradition,Yasushi Nagata and Ravi Chaturvedi (Eds.),2019
"FILMS, LITERATURE & CULTURE: Deepa Mehta",0
MEDIA SOCIOLOGY: A Reappraisal ,Silvio Waisbord (ed) ,2017
THE NEW MEDIA THEORY READER,Robert Hassan and Julian Thomas (eds),2017
SOUTH ASIAN DIASPORIC CINEMA AND THEATRE: Re-visiting Screen and Stage in the New Millennium,Ajay K. Chaubey and Ashvin I. Devasundaram (eds),2017
"WOMEN, MEDIA AND VIOLENCE",0
FILMS AND FEMINISM: Essays in Indian Cinema,Jasbir Jain and Sudha Rai (Eds) ,2015
GENDER AND THE MEDIA,Rosalind Gill,2014
WRITING SOCIETY THROUGH MEDIA: Ethnography of a Hindi Daily  ,Per Stahlberg,2013
"MEDIA, COMMUNICATION CULTURE: A Global Approach (Second Edition)",0
APPROACHES TO MEDIA: A Reader,Oliver Boyd-Barrett & Chris Newbold (eds.),2012
"GENDER, SOCIAL CHANGE AND THE MEDIA ",0
"VIOLENCE IN MEDIA AND SOCIETY: Literature, Film and TV",0
WHAT IS FILM THEORY?: An Introduction to Contemporary Debates,Richard Rushton and Gary Bettinson,2011
MUSLIM CULTURE IN INDIAN CINEMA ,Jasbir Jain (Ed.),2011
THEATRE AND DEMOCRACY ,Ravi Chaturvedi (Ed.),2008
ENTERING THE GLOBAL VILLAGE: Essays on the Sociology of Communication,Yogesh Atal,2008
KEY THEMES IN MEDIA THEORY ,Dan Laughey,2008
MEDIA POLICY AND GLOBALIZATION ,Paula Chakravartty and Katharine Sarikakis,2007
PRACTICAL RESEARCH METHODS FOR MEDIA AND CULTURAL STUDIES: Making People Count,"Maire Messenger Davies,0
ETHNICITY AND IDENTITY: Global Performance,Ravi Chaturvedi and Brian Singleton (Eds.),2005
FILM AND FICTION: Word into Image,Somdatta Mandal,2005
THE NO-NONSENSE GUIDE TO GLOBAL MEDIA,Peter Steven,2005
INFORMATION SCIENCE AND JOURNALISM: A Symbiosis,Rabindra K. Mahapatra and Krushna C. Panda,2004
RURAL CULTURE IN HINDI CINEMA: A Sociological Study,Shivam Singh,2020
"INTERPRETING CINEMA: Adaptations, Intertextualities,0
FICTION AND FILM: Ruskin Bond's Romantic Imagination,Jaskiran Chopra,2018
THE NEW MEDIA THEORY READER,Robert Hassan and Julian Thomas (eds),2017
MEDIA & SOCIETY: Critical Perspectives (Second Edition),Graeme Burton,2017
GENDER AND THE MEDIA,Rosalind Gill,2014
"MEDIA, COMMUNICATION CULTURE: A Global Approach (Second Edition)",0
"LANGUAGE, MEDIA & SOCIETY",0
SOCIAL JUSTICE AND HUMAN RIGHTS IN INDIA,Namita Gupta (ed.),2021
CRISIS OF DALIT LEADERSHIP,Shyam Lal,2021
"ETHNICITY, IDENTITY AND CULTURE: Scheduled Tribes of Andhra Pradesh and Telangana",0
DALIT MOVEMENT IN INDIA: Case of Maharashtra (Second Edition),P.G. Jogdand,2021
DISADVANTAGED TRIBES OF INDIA: Regional Concerns,V. Srinivasa Rao (ed.),2021
"BACKWARD AND DALIT MUSLIMS: Education, Employment and Poverty",0
EDUCATIONAL STATUS OF SCHEDULED TRIBES: Attainment and Challenges,"Ghanshyam Shah,0
EDUCATIONAL STATUS OF SCHEDULED CASTES: Attainment and Challenges,"Ghanshyam Shah,0
SCHEDULED CASTE ELITES,Jagan Karade,2019
DALIT MOVEMENT AND RADICAL LEFT: A Study in Telangana,Rajesh Kota,2019
MAKING OF MODERN INDIA: Sociological Explorations into Postcolonial Indian Modernity,Paramjit S. Judge,2019
UP AGAINST CASTE: Comparative Study of Ambedkar and Periyar (Revised Second Edition),Debi Chatterjee,2019
LEGACY OF AMBEDKAR: Analysis and Appraisal,Lancy Lobo and Dhananjay Kumar (Eds.),2019
SOCIAL DYNAMICS OF INCLUSIVE DEVELOPMENT,Rani Mehta,2019
HUMAN RIGHTS: Concept and Standards,Janusz Symonides (Ed.),2019
NEW DIMENSIONS AND CHALLENGES FOR HUMAN RIGHTS,Janusz Symonides (Ed.),2019
AMBEDKAR AND NATION-BUILDING,"Shyam Lal,0
SOCIAL INCLUSION AND DEVELOPMENT,Richard Pais and M.H. Makwana (eds),2018
DALIT ISSUES: Caste and Class Interface,T. Brahmanandam (ed.),2018
AMBEDKAR AND THE BHANGIS: Efforts for their Upliftment,Shyam Lal,2018
PANCHAYATI RAJ AND RESERVATION POLICY: Study of Impact of Reservation Policy on the Marginalised Sections of the Society,B.M. Sharma,2018
POLITICAL ELITE AMONG SCHEDULED CASTES,"Aluri Sundar Kumar Das,0
"HUNGER, DEPRIVATION AND SOCIAL EXCLUSION: A Political Economy Perspective",0
POLICY RESPONSES TO SOCIAL EXCLUSION: Towards Inclusion?,Janie Percy-Smith (ed.),2017
DALIT PARADIGM: Concept and Theory Building ,Priti Nath Saxena,2017
STRATIFICATION AND SOCIAL CHANGE AMONG TRIBALS: An Anthropological Study among the Sherdukpens of Arunachal Pradesh,Rinchin Megejee,2017
MINORITY RIGHTS: Between Diversity and Community ,Jennifer Jackson Preece ,2015
DISCOURSING MINORITY: In-Text and Co-Text ,"Anisur Rahman,0
WORLD LITERATURE AND THE POLITICS OF THE MINORITY ,Jihee Han (Ed),2013
BACKWARD CLASSES AND SOCIAL JUSTICE ,MH Makwana and Richard Pais (Eds.),2011
THEMES IN SOCIAL STRATIFICATION AND MOBILITY: Essays in Honour of Prof K.L. Sharma,"Ishwar Modi,0
MODERNIZATION AND DALIT EDUCATION: Ambedkar,K.S. Chalam,2008
AMBEDKAR AND DALIT MOVEMENT: Special Reference to Rajasthan,Shyamlal,2008
"AMBEDKAR IN RETROSPECT: Essays on Economics, Politics & Society",0
CASTE AND RACE: Comparative Study of BR Ambedkar and Martin Luther King ,Mohan Dass Namishray,2003
HANDBOOK OF SOCIAL WORK WITH GROUPS,"Charles D. Garvin,0
MAHATMA GANDHI AND HIS PHILOSOPHY,B.M. Sharma,2017
"CRITICAL ISSUES IN PEACE AND CONFLICT STUDIES: Theory, Practice,0
NEW PARADIGMS OF PEACE RESEARCH : The Asia-Pacific Context ,Akihiko Kimijima and Vidya Jain (Eds) ,2013
"PEACE, NON-VIOLENCE AND GANDHIAN CONCERNS ",0
PEOPLE POWER: Fifty Peacemakers and Their Communities,Michael True,2007
FORM IN INDIAN AND WESTERN MUSIC,Chetan Karnani,2021
MODERNIZATION OF ASIAN THEATRES: Process and Tradition,Yasushi Nagata and Ravi Chaturvedi (Eds.),2019
FICTION AND FILM: Ruskin Bond's Romantic Imagination,Jaskiran Chopra,2018
SOCIETAL REFLECTIONS IN POSTMODERN DRAMA: The Two-Character Play,Priti Bairathi,2018
CONTEMPORARY INDIAN THEATRE: Theatricality and Artistic Crossovers ,Ravi Chaturvedi and Tapati Gupta (eds),2017
SOUTH ASIAN DIASPORIC CINEMA AND THEATRE: Re-visiting Screen and Stage in the New Millennium,Ajay K. Chaubey and Ashvin I. Devasundaram (eds),2017
FORM IN INDIAN MUSIC: A Study in Gharanas,Chetan Karnani ,2005
CONTEMPORARY INDIAN DRAMA: astride two traditions,"Urmil Talwar,0
POLITICAL PHILOSOPHY OF SRI AUROBINDO: Nationalism and Internationalism,Richa Tiwari,2021
POSTMODERNITY AND ITS DISCONTENTS,Zygmunt Bauman,2020
THEORIES AND NARRATIVES: Reflections on the Philosophy of History,Alex Callinicos,2020
DISCOURSE,David Howarth,2019
JOHN RAWLS,Naresh Dadhich,2019
MODERN POLITICAL THOUGHT,Raymond Plant,2019
HINDU SOCIOLOGY: Book I : Non-Political; Book II : Political,Benoy Kumar Sarkar,2019
"POSTCOLONIAL CRITICISM: History, Theory and the Work of Fiction",0
RELEVANCE OF AMBEDKARISM IN INDIA (Second Edition),K.S. Chalam (ed.),2018
INTRODUCTION TO CRITICAL THEORY: Horkheimer to Habermas,David Held,2018
MAHATMA GANDHI AND HIS PHILOSOPHY,B.M. Sharma,2017
MODERNISM: A Cultural History,Tim Armstrong,2017
THE IDENTITY OF LITERATURE: A Reply to Jacques Derrida,Rajnath,2017
POST-THEORY: New Directions in Criticism,"Martin McQuillan,0
THE BACKGROUND TO CONTEMPORARY CRITICAL THEORY: From Kant to Levi Strauss,Jon Simons (ed.),2017
FAITH MOVEMENTS AND SOCIAL TRANSFORMATION: Guru Charisma in Contemporary India,Samta P. Pandya,2017
"THE GEOGRAPHY OF RELIGION: Faith, Place,0
"ETHICS, INTEGRITY AND APTITUDE: Foundational Values for Civil Service in India",0
"ETHICS, INTEGRITY AND APTITUDE: Foundational Values for Civil Service in India",0
CONTEMPORARY CRITICAL THEORISTS : From Lacan to Said,Jon Simons (ed.) ,2015
HABERMAS: Introduction and Analysis,David Ingram,2014
URBANIZATION AND RELIGIOUS TOLERANCE : Study of Hindu-Muslim Interactions in Varanasi,Anupama Pandey,2014
POLITICS AND RELIGION IN CONTEMPORARY INDIA,Ishwar Modi (Ed.),2014
HINDUISM AND THE DIASPORA ,P. Pratap Kumar ,2013
MICHEL FOUCAULT: Key Concepts,Dianna Taylor (ed.),2012
PIERRE BOURDIEU: Key Concepts,Michael Grenfell (ed.),2012
SOCIOLOGY OF RELIGION (Fifth Edition),Meredith B. McGuire,2012
THEODOR ADORNO: Key Concepts,Deborah Cook (ed.),2012
POSTMODERNISM OR THE CULTURAL LOGIC OF LATE CAPITALISM ,Fredric Jameson,2012
SOCIOLOGY AND BEYOND: Windows and Horizons,Ananta Kumar Giri,2012
PATTERNS IN PHILOSOPHY AND SOCIOLOGY OF RELIGIONS ,Mihaela Gligor and Sherry Sabbarwal (Eds),2011
"RELIGIOUS SECTS AND SOCIAL DEVELOPMENT: A Comparative Study of Jains, Christians and Sikhs",0
RETHINKING RELIGION ,Soumyajit Patra (Ed.),2010
GLOBALIZATION AND HUMANITY ,Samir Dasgupta,2010
WOMEN IN JAINISM: A Case Study of Gujarat Inscriptions,Mrinal Joshi,2009
WOMEN IN DHARMASASTRAS: A Phenomenological and Critical Analysis,Chandrakala Padia (Ed.),2009
SELF-DEVELOPMENT AND SOCIAL TRANSFORMATIONS?: The Vision and Practice of the Self-Study Mobilization of Swadhyaya,Ananta Kumar Giri,2008
PHENOMENOLOGICAL ETHICS: An Introduction,Benulal Dhar,2008
LUDWIG WITTGENSTEIN: Ethics and Religion,Kali Charan Pandey (Ed.),2008
ETHICS IN PUBLIC ADMINISTRATION: A Philosophical Approach,Patrick J. Sheeran,2006
SOCIAL REALITY AND TRADITION: Essays in Modes of Understanding,Bijoy H. Boruah and Ramashanker Misra (Eds.),2006
"THE POSTMODERN CONTROVERSY: Understanding Richard Rorty, Jacques Derrida and Jurgen Habermas",0
THE ONE LIFE: COLERIDGE AND HINDUISM,Antonella  Riem  Natale,2005
SECULARISATION OF INDIAN MIND: A Study of Political Ideas in India from 1885 to 1914,V. Indira Devi,2002
RETHINKING SOCIAL TRANSFORMATION: Criticism and Creativity at the Turn of the Millennium  ,Ananta Kumar Giri (Ed.),2001
MUKHYA BHARTIYA AUR PASCHATYA DARSHAN-DHARAYEN (Main Indian and Western Philosophical Thought) (Hindi) ,Yashdev Shalya and Bhagvati,1997
SOCIAL JUSTICE AND HUMAN RIGHTS IN INDIA,Namita Gupta (ed.),2021
CRISIS OF DALIT LEADERSHIP,Shyam Lal,2021
POLITICAL PHILOSOPHY OF SRI AUROBINDO: Nationalism and Internationalism,Richa Tiwari,2021
POLITICS OF REGIONAL DEVELOPMENT: A Case Study of Maharashtra,"Gautam Kamble,0
NEOLIBERALISM AND WOMEN IN INDIA: Governmentality Perspectives,U. Kalpagam,2021
GENDER AND POLITICS: Perception and Participation (Role of Women in Punjab Politics),Ajaypal Kaur,2020
POLITICAL ECONOMY OF WATER,Aparna Tiwari,2020
WOMEN IN GRASS-ROOTS GOVERNANCE,G. Satyanarayana,2020
SOCIAL MOVEMENTS: A Cognitive Approach,Ron Eyerman and Andrew Jamison,2020
DEMOCRACY AND HUMAN RIGHTS,David Beetham,2020
POLITICAL THEORY: Concepts and Debates,Keshab Chandra Ratha,2020
POLITICAL THEORY: Concepts and Debates,Keshab Chandra Ratha,2020
MARXIST LITERARY CRITICISM TODAY,Barbara Foley,2019
TRIBALS & DEMOCRATIC POLITICS: Understanding from Agency Areas of Telangana and Andhra Pradesh,Sunkari Satyam,2019
"EDUCATION, HEALTH AND CITIZENSHIP: Three Dimensions of Empowering Adolescents",0
GLOBALIZATION AND CULTURE,John Tomlinson,2019
DALIT MOVEMENT AND RADICAL LEFT: A Study in Telangana,Rajesh Kota,2019
MAKING OF MODERN INDIA: Sociological Explorations into Postcolonial Indian Modernity,Paramjit S. Judge,2019
DISCOURSE,David Howarth,2019
DEMOCRACY (Second Edition),Anthony Arblaster,2019
CLASS,Richard Scase,2019
IDEOLOGY (Second Edition),David McLellan,2019
STRUCTURATION,John Parker,2019
HOW PEOPLE VOTE? : Civic Literacy and Political Participation,Lancy Lobo and Jayesh Shah,2019
DISCOURSE,David Howarth,2019
CLASS,Richard Scase,2019
IDEOLOGY (Second Edition),David McLellan,2019
STRUCTURATION,John Parker,2019
JOHN RAWLS,Naresh Dadhich,2019
DEMOCRACY (Third Edition),Anthony Arblaster,2019
HUMAN RIGHTS IN INDIA: Prospective and Retrospective,Sudarshanam Gankidi (Ed.),2019
BUREAUCRACY AND DEVELOPMENT ADMINISTRATION: A Case Study of Karnataka,Mouneshwara Srinivasrao,2019
INDIAN FOREIGN POLICY: Identity and Issues,Ladhu R. Choudhary and Amna Sunmbul (Eds.),2019
CONTEMPORARY POLITICAL THEORY,Naresh Dadhich,2019
CONTEMPORARY POLITICAL THEORY,Naresh Dadhich,2019
AN INTRODUCTION TO POLITICAL GEOGRAPHY (Second Edition),John Rennie Short,2019
MODERN POLITICAL THOUGHT,Raymond Plant,2019
POLITICAL THOUGHT & POLITICAL THINKERS,Judith N. Shklar (Edited by Stanley Hoffmann),2019
HOMO HIERARCHICUS: The Caste System and its Implications,Louis Dumont,2019
THE CONSTITUTION OF SOCIETY,Edward Shils,2019
HINDU SOCIOLOGY: Book I : Non-Political; Book II : Political,Benoy Kumar Sarkar,2019
DEMOCRACY (Third Edition),Anthony Arblaster,2019
SOCIAL AND POLITICAL MOVEMENTS: Readings on Punjab,Harish K. Puri and Paramjit S. Judge (Eds.),2019
HUMAN RIGHTS: Concept and Standards,Janusz Symonides (Ed.),2019
NEW DIMENSIONS AND CHALLENGES FOR HUMAN RIGHTS,Janusz Symonides (Ed.),2019
AMBEDKAR AND NATION-BUILDING,"Shyam Lal,0
NATIONAL MOVEMENT AND EMPOWERMENT OF WOMEN: Nation-Building in the United Provinces,Malabika Pande,2018
GLOBALIZATION IN QUESTION (Third Edition),"Paul Hirst,0
PANCHAYATI RAJ: A Study of Rural Local Government in India,Henry Maddick,2018
"TWO DECADES OF PANCHAYAT RAJ IN INDIA: Experiences, Issues,0
PANCHAYATI RAJ AND RESERVATION POLICY: Study of Impact of Reservation Policy on the Marginalised Sections of the Society,B.M. Sharma,2018
"SOCIAL JUSTICE: Theories, Issues and Movements",0
UNDERDEVELOPMENT AND NAXALISM IN INDIA: Reflexive Discourse and Debates,Smita Verma (ed),2018
RELIGIOUS DEMOGRAPHY OF INDIA: Myths and Realities,Lancy Lobo and Jayesh Shah (eds),2018
HUMAN RIGHTS: Text and Context,Subhash Sharma,2018
POLITICAL ELITE AMONG SCHEDULED CASTES,"Aluri Sundar Kumar Das,0
RELEVANCE OF AMBEDKARISM IN INDIA (Second Edition),K.S. Chalam (ed.),2018
SOCIAL THEORY AND MODERNITY,Nigel Dodd,2018
INTRODUCTION TO CRITICAL THEORY: Horkheimer to Habermas,David Held,2018
POLITICAL SOCIOLOGY FOR A GLOBALIZING WORLD,Michael S. Drake,2018
POLITICAL THEORY: Concepts and Debates,Keshab Chandra Ratha,2020
POLITICAL THEORY,Nand Lal,2018
MIDDLE INDIA AND URBAN-RURAL DEVELOPMENT: Four Decades of Change,Barbara Harriss-White (ed.),2018
RESEARCH METHODS IN POLITICAL SCIENCE: An Introduction Using MicroCase (Eight Edition),Michael K. Le Roy,2018
COMPARATIVE POLITICS: Domestic Responses the Global Challenges (9th Edition),Charles Hauss,2018
SOCIAL JUSTICE: Distributive Principles and Beyond ,M.P. Dube (ed.) ,2017
WHAT IS A SOCIAL MOVEMENT?,Hank Johnston,2017
"CASTE, TRIBE AND GENDER: Politics of Self and the Other ",0
WHY SOCIAL JUSTICE MATTERS,Brian Barry,2017
POLICY RESPONSES TO SOCIAL EXCLUSION: Towards Inclusion?,Janie Percy-Smith (ed.),2017
ANTHROPOLOGY AND HUMAN RIGHTS,Buddhadeb Chaudhuri and Subir Biswas (eds),2017
MAHATMA GANDHI AND HIS PHILOSOPHY,B.M. Sharma,2017
DALIT PARADIGM: Concept and Theory Building ,Priti Nath Saxena,2017
RETHINKING PANCHAYATI RAJ,Sanhita Joshi,2017
PROTEST: A Cultural Introduction to Social Movements,James M. Jasper,2017
CONGRESS AND INDIAN NATIONALISM: The Pre-Independence Phase,Richard Sisson and Stanley Wolpert (eds),2017
"CITIZENSHIP, NATIONALITY AND ETHNICITY: Reconciling Competing Identities",0
TRIBAL SELF-GOVERNANCE: PESA and Its Implementation,Nupur Tiwari (Ed.) ,2016
POLITICS OF THE UNTOUCHABLES:  Congress and the Bhangis: A Socio-Political Analysis,Shyam Lal,2016
MARX AND MODERN POLITICAL THEORY: From Hobbes to Contemporary Feminism,Philip J. Kain,2016
INTRODUCTION TO POLITICAL THINKERS (Second Edition),Alan Ebenstein,2015
"CRIMINALISATION OF POLITICS: Caste, Land and the State",0
GOVERNANCE: Key Concepts,Anne Mette Kjaer,2015
A HISTORY OF POLITICAL THOUGHT: From Antiquity to the Present,Bruce Haddock,2015
"DECENTRALIZING RURAL GOVERNANCE AND DEVELOPMENT: Perspectives, Ideas and Experiences",0
HUMAN RIGHTS & THE THIRD WORLD: Issues and Discourses,"Subrata Sankar Bagchi,0
"POLITICAL THEORY AND THE MODERN STATE: Essays on State, Power,0
"ETHICS, INTEGRITY AND APTITUDE: Foundational Values for Civil Service in India",0
"ETHICS, INTEGRITY AND APTITUDE: Foundational Values for Civil Service in India",0
ELECTORAL GEOGRAPHY,Seema Jalan ,2015
MINORITY RIGHTS: Between Diversity and Community ,Jennifer Jackson Preece ,2015
POSTCOLONIALISM AND POLITICAL THEORY,Nalini Persram (Ed.) ,2015
"CRITICAL ISSUES IN PEACE AND CONFLICT STUDIES: Theory, Practice,0
IMAGINED COMMUNITIES: Reflections on the Origin and Spread of Nationalism,Benedict Anderson,2015
NON-GOVERNMENTAL ORGANIZATIONS: Origin and Development,"Suresh Chandra,0
INTERROGATING DEMOCRACY AND HUMAN RIGHTS: The Telangana People,Jagannatham Begari ,2014
"GOVERNANCE, DEVELOPMENT,0
MODERNITY AND ETHNIC PROCESSES IN INDIA,D.V. Kumar (Ed.),2014
"POLITY, CIVIL SOCIETY AND DEVELOPMENT: Modernization,0
MAKING POLITICAL GEOGRAPHY,John Agnew and Luca Muscara,2014
UNIVERSAL HUMAN RIGHTS: In Theory and Practice,Jack Donnelly,2014
HABERMAS: Introduction and Analysis,David Ingram,2014
FEDERALISM IN INDIA: Towards a Fresh Balance of Power,"Lancy Lobo,0
POLITICS AND RELIGION IN CONTEMPORARY INDIA,Ishwar Modi (Ed.),2014
"POLITICIANS, BUREAUCRATS AND ADMINISTRATIVE REFORMS",0
"SOCIAL DEVELOPMENT, SOCIAL INEQUALITIES,0
RURAL GOVERNANCE: International Perspectives,"Lynda Cheshire,0
AMBEDKARISM: Essays on Select Economic & Cultural Issues ,Praveen K. Jadhav ,2013
"STATE, CIVIL SOCIETY AND RIGHT TO EDUCATION",0
PERSPECTIVES ON GOVERNANCE AND SOCIETY : Essays in Honour of Professor  O.P. Dwivedi ,"Neelam Trivedi,0
DEMOCRATIC GOVERNANCE AND HUMAN DEVELOPMENT : Stocktaking and Future Strategies  ,Yatindra Singh Sisodia (Ed.) ,2013
DALIT EXCLUSION AND SUBORDINATION ,Rabindra Kumar ,2013
"URBAN DEVELOPMENT AND GOVERNANCE : Issues, Concerns and Challenges ",0
NEW PARADIGMS OF PEACE RESEARCH : The Asia-Pacific Context ,Akihiko Kimijima and Vidya Jain (Eds) ,2013
"DISABILITY, GENDER & STATE POLICY: Exploring Margins",0
FDI AND ECONOMIC GROWTH IN INDIA,"Narayan Sethi,0
PERSPECTIVES ON POLITICAL ORDER: East and West,Ramashray Roy ,2013
PERSPECTIVES ON GOVERNANCE AND SOCIETY: Essays in Honour of Professor O.P. Dwivedi,"Neelam Trivedi,0
BHARAT MAIN MANAV ADHIKAR: Human Rights in India (Hindi)  ,Dharmendra Singh,2012
UPLIFTMENT OF OBCs: Human Rights Perspective,Najibul Hasan Khan,2012
INTERROGATING DEVELOPMENT: Discourses on Development in India Today,Biswajit Ghosh (ed.),2012
GRASSROOTS GOVERNANCE: Gram Sabha in West Bengal,Amal Mandal,2012
POSTMODERNISM OR THE CULTURAL LOGIC OF LATE CAPITALISM ,Fredric Jameson,2012
BUREAUCRACY AND POLITICS ,Mohammed Ali Rafath,2012
CHANGING WORLDS CHANGING NATIONS: The Concept of Nation in the Transnational Era,Joel Kuortti and Om Prakash Dwivedi (Eds.),2012
EDUCATION AND FEDERALISM IN INDIA ,M.R. Kolhatkar,2012
"SECTARIANISM, POLITICS AND DEVELOPMENT ",0
BUREAUCRACY IN ACTION,I.C. Srivastava and B.D. Joshi (Eds.),2012
RESEARCH METHODS FOR PUBLIC ADMINISTRATORS,Gail Johnson,2012
GANDHI DARSHAN (Gandhian Philosophy): Samsamyik Sandharbh,Vidya Jain (Ed.),2012
GANDHI'S VISION OF SOCIAL TRANSFORMATION ,Malabika Pande,2011
CIVIL SERVICE TRAINING IN INDIA ,Rakesh Hooja and K.K. Parnami (Eds.),2011
DALIT RIGHTS / HUMAN RIGHTS ,Debi Chatterjee,2011
BHARTIYA RAJNITI MEIN KSHETRIYA DAL (Regional Party in Indian Politics) (Hindi) ,Ratnesh Kumar Misra,2011
INSTRUMENTS OF SOCIAL RESEARCH ,Jaspal Singh,2011
"KASHMIR: CONTESTED IDENTITY: Closed Systems, Open Choices",0
"PEACE, NON-VIOLENCE AND GANDHIAN CONCERNS ",0
POLITICAL SOCIOLOGY: A Critical Introduction,Keith Faulks,2011
WOMEN'S RIGHTS AS MULTICULTURAL CLAIMS: Reconfiguring Gender and Diversity in Political Philosophy,Monica Mookherjee,2011
GLOBAL SOCIAL MOVEMENTS ,Robin Cohen and Shirin M. Rai,2011
STATE AND GLOBALIZATION ,Roop Singh Bareth and Damyanti Gupta (Eds.),2010
"DEBATING NEW SOCIAL MOVEMENTS: Culture, Identity,0
CONSTRUCTING RAJPOOTANA-RAJASTHAN: Collected Narratives in Remembrance of Bhupendra Hooja,"Rakesh Hooja,0
"CULT, RELIGION AND SOCIETY: Polyandrous People of Western Himalaya",0
QUEST FOR PARTICIPATORY DEMOCRACY: Towards Understanding the Approach of Gandhi and Jayaprakash Narayan,Anand Kumar and Manish Tiwari (Eds.),2010
STUDIES IN SOCIAL PROTEST ,Shyamlal,2010
CIVIL SOCIETY PROCESSES AND THE STATE: The BGVS and the Literacy Campaigns,Denzil Saldanha,2010
RELEVANCE OF POLITICAL THEORY ,L.S. Rathore,2010
GENDER AND HUMAN RIGHTS: Narratives on Macro-Micro Realities,"Bishnu C. Barik,0
POSTMODERNISM AND GANDHI ,Upasana Pandey,2010
INDIAN ADMINISTRATION: Retrospect and Prospect,P.D. Sharma and B.M. Sharma,2009
ADMINISTRATION OF DESERT AND DROUGHT-PRONE ARID AREAS ,Rakesh Hooja and R.K. Choubisa (Eds.),2009
INDO-US NUCLEAR DEAL ,K.K. Parnami,2009
"DIVERSITY, ETHNICITY AND IDENTITY IN SOUTH ASIA ",0
MAPPING DALITS: Contemporary Reality and Future Prospects in Punjab,Paramjit S. Judge and Gurpreet Bal,2009
ELECTORAL REFORMS IN INDIA: Current Discourses,B. Vankatesh Kumar,2009
RETHINKING RADICALISM IN INDIAN SOCIETY: Bhagat Singh and Beyond,"Jose George,0
MAKING SENSE OF SOCIAL MOVEMENTS ,Nick Crossley,2009
SOCIAL WORK ADMINISTRATION AND DEVELOPMENT,Sanjay Bhattacharya,2009
INDIAN ADMINISTRATION: Retrospect and Prospect,P.D. Sharma and B.M. Sharma,2009
GANDHIAN PROTEST ,B. Arun Kumar,2008
"POLITICISATION OF HINDU RELIGION IN POSTMODERN INDIA: An Anatomy of the Worldwides, Identities and Strategies of Hindu Nationalists in Bharatiya Janata Party",0
GOVERNANCE AND THE GOVERNOR ,V.S. Singh,2008
THE PUBLIC ADMINISTRATION THEORY PRIMER ,H. George Frederickson and Kevin B. Smith,2008
BHARTIYA DALIT SAHITYA KA VIDROHI SWAR (Dalit Literature in India) (Hindi) ,Vimal Thorat and Suraj Badtya,2008
THEATRE AND DEMOCRACY ,Ravi Chaturvedi (Ed.),2008
CHALLENGES IN HUMAN RIGHTS: A Social Work Perspective,Elisabeth Reichert (Ed.),2008
"AMBEDKAR ON LAW, CONSTITUTION AND SOCIAL JUSTICE ",0
ADVANCED MODERN POLITICAL THEORY: Analysis and Technologies,S.L. Verma,2008
BHARTIYA DALIT SAHITYA KA VIDROHI SWAR (Dalit Literature in India) (Hindi) ,Vimal Thorat and Suraj Badtya,2008
ADVANCED MODERN POLITICAL THEORY: Analysis and Technologies,S.L. Verma,2008
"AMBEDKAR IN RETROSPECT: Essays on Economics, Politics & Society",0
BEYOND HINDUTVA ,S.L. Verma,2007
GENDER AND GOVERNANCE ,Lisa D. Brush,2007
PEOPLE POWER: Fifty Peacemakers and Their Communities,Michael True,2007
EXPERIMENT OF DIRECT DEMOCRACY: Gram Swaraj in Madhya Pradesh,Yatindra Singh Sisodia,2007
"TRAINING, CIVIL SERVICES & PERSONNEL ADMINISTRATION ",0
ARAKSHAN NITI AUR SHIKSHAK (Reservation Policy and Teachers) (Hindi) ,Niraj Priya,2007
DEFINING PUBLIC ADMINISTRATION: Selections from the International Encyclopedia of Public Policy and Administration,Jay M. Shafritz (Ed.),2007
THE IDEA OF POVERTY: ,Paul Spicker,2007
WOMENS PARTICIPATION IN PANCHAYTI RAJ: Nature and Effectiveness ,Pamela Singla,2007
"ADMINISTRATIVE THEORIES: Approaches, Concepts and Thinkers in Public Administration",0
"ADMINISTRATIVE THEORIES: Approaches, Concepts and Thinkers in Public Administration",0
TRIBALS AND THE INDIAN CONSTITUTION: Functioning of Fifth Schedule in the State of Orissa,N.K. Behura and Nilakantha Panigrahi,2006
COMMUNAL VIOLENCE AND MINORITIES: Gujarat Society in Ferment,Lancy Lobo and Biswaroop Das (Eds.),2006
ETHICS IN PUBLIC ADMINISTRATION: A Philosophical Approach,Patrick J. Sheeran,2006
REINVENTING THE CONGRESS: Economic Policies and Strategies Since 1991,V. Bijukumar,2006
HINDU NATIONALISTS OF MODERN INDIA: A Critical Study of the Intellectual Genealogy of Hindutva,J. Kuruvachira,2006
INTERPRETING GLOBALISATION: Perspectives in International Relations,Rajen Harshe (Ed.),2005
MUSLIM POLITICAL IDENTITY ,M.S. Jain,2005
"REGIONALISM, ETHNICITY AND LEFT POLITICS",0
THE NO-NONSENSE GUIDE TO INTERNATIONAL DEVELOPMENT,Maggie Black,2005
THE NO-NONSENSE GUIDE TO DEMOCRACY,Richard Swift,2005
THE NO-NONSENSE GUIDE TO ISLAM,Ziauddin Sardar and Merryl Wyn Davies,2005
THE NO-NONSENSE GUIDE TO TERRORISM,Jonathan Barker,2005
"RELIGION, IDENTITY AND NATIONHOOD: The Sikh Militant Movement",0
"GLOBAL TERRORISM: Melting Borders, Hardened Walls",0
EMPOWERMENT AND POVERTY REDUCTION: A Sourcebook,Deepa Narayan (Ed.),2005
E-GOVERNANCE: A Change Management Tool,P. Panneervel,2005
PRASHASNIK CHINTAN (Administrative Thought) (Hindi) ,Mangal Bihari,2003
NONGOVERNMENTS: NGOs and the Political Development of the Third World,Julie Fisher,2003
CONTEMPORARY POLITICAL IDEOLOGIES,Roger Eatwell and Anthony Wright (Eds.),2003
DEVELOPMENT AND DEMOCRACY IN INDIA,Shalendra D. Sharma,2003
SOCIAL DEVELOPMENT: Challenges Faced in an Unequal and Plural Society,M.S. Gore,2003
SECULARISATION OF INDIAN MIND: A Study of Political Ideas in India from 1885 to 1914,V. Indira Devi,2002
AUTONOMY MOVEMENTS AND FEDERAL INDIA ,Bhupinder Singh,2002
PANCHAYAT RAJ IN INDIA: Emerging Trends Across the States,R.P. JOSHI & G.S. NARWANI,2002
"POLITICS, SYMBOLS AND POLITICAL THEORY: Rethinking Gandhi",0
PRESIDENT IN INDIAN POLITICAL SYSTEM,Veena Sharma ,2001
BHARAT MEIN SAMVIDHANIK APATKAL (Constitutional Emergency in India) (Hindi) ,S.L. Varma and Brajmohan Sharma,2001
BEHAVIOURALISM AND POLITICAL THEORY: Contributions of David Easton and Lucian Pye,R.R. Sarana ,2001
MADHYAKALIN BHARTIYA RAJNITIK CHINTAN (Medieval Indian Political Thought) (Hindi) ,Santosh Sharma,2001
CONTESTING RESERVATIONS: The Indian Experiment on Affirmative Action,Sagar Preet Hooda ,2001
"RECONCEPTUALISING CASTE, CLASS AND TRIBE",0
"COMMUNALISM, ETHNICITY AND STATE POLITICS ",0
MUSLIM ETHOS: As Reflected in Urdu Literature,M.S. Jain,2000
MANDATE FOR POLITICAL TRANSITION: Reemergence of Vajpayee,Yogesh Atal ,2000
BHARTIYA RAJNITIK VYAVASTHA  (INDIAN POLITICAL SYSTEM) - Hindi,R.P. Joshi and R.S Adha (ed.),2000
COMMUNAL ANGLE IN INDIAN POLITICS,HARISH SHARMA ,2000
JOHN RAWLS: Concept of Justice,Ashok K. Upadhyay,1999
"NATIONALISM, SEPARATISM AND SECESSIONISM",0
HAROLD J. LASKI: State and Ideology,K. Chandra Shekhar ,1999
IRDP AND POVERTY ALLEVIATION,Sandeep Joshi,1999
POST-POKHRAN NUCLEAR POLITICS: Fresh Perspectives on Indo-US Relations,Pravin Sheth ,1999
COMMUNAL VIOLENCE AND ADMINISTRATION,Anamika Srivastva,1999
NUCLEARISATION IN SOUTH ASIA: Reactions and Responses,B.M. Jain and Eva-Maria Hexamer (eds.),1999
POWER ELITE IN INDIAN SOCIETY: Study of the Shekhawati Region in Rajasthan,Rajendra Sharma ,1999
LEGISLATORS IN INDIAN POLITICS,K.J. Vijayatilakam,1998
INDIAS PARTITION: Preludes and Legacies,Ramakant and Rajan Mahan (Eds.),1998
CRIMINAL JUSTICE ADMINISTRATION: The Relay Race for Criminal Justice,P.D. Sharma ,1998
RELIGION & CASTE POLITICS,Shyam Sundar Agarwalla,1998
PUBLIC SECTORS IN INDIA,S.K. Singh (Ed.),1997
POLITICAL GEOGRAPHY ,Sudeepta Adhikari,1997
POLITICAL GEOGRAPHY ,Sudeepta Adhikari,1997
"RAJASTHAN: Polity, Economy & Society",0
CHOMSKY'S POLITICS,Milan Rai,1996
WOMAN'S PLACE: Options and Limits in Professional Career,"U.R. Nahar,0
GEOGRAPHY OF ELECTIONS: The Indian Context,R.D. Dikshit (Ed.),1995
GEOMEDICAL ENVIRONMENT AND HEALTH CARE: A Study of Bundelkhand Region,R.C. Agnihotri,1995
POLICE TRAINING: Problems and Perspectives,Sankar Sen and A.K. Saxena (Eds.),1994
POLITICAL DIMENSIONS OF DEVELOPMENT,Iqbal Narain,1994
NUCLEAR POLITICS IN SOUTH ASIA: In Search of an Alternative Paradigm,B.M. Jain,1994
COMPARATIVE PUBLIC POLICY,Pradeep Saxena (Ed),1993
POLICE TRAINING IN COMMUNITY RELATIONS: Perspectives on the United States and India,R.P. Joshi,1993
"POPULATION, FERTILITY,0
POPULATION: An Introduction to Concepts and Issues (12th Edition),John R. Weeks,2018
DEMOGRAPHY: The Science of Population (Second Edition),Jay Weinstein and Vijayan K. Pillai,2017
"POPULATION, HEALTH AND ENVIRONMENT",0
INDIAS DEMOGRAPHY: Changing Demographic Scenario in India  ,P.K. Majumdar ,2013
POPULATION GEOGRAPHY: Tools & Issues,K. Bruce Newbold,2012
"POPULATION, GENDER AND REPRODUCTIVE HEALTH ",0
POPULATION AND DEVELOPMENT: The Demographic Transition,Tim Dyson,2011
FUNDAMENTALS OF DEMOGRAPHY ,P.K. Majumdar,2010
POVERTY AND FERTILITY IN INDIA: Demographic Field Theory Perspective,Shekhar Mukherji,2007
POPULATION AND ENVIRONMENT LINKAGES ,C.P. Prakasam and R.B. Bhagat (Eds.),2007
POPULATION GEOGRAPHY ,Mohammad Izhar Hassan,2005
POPULATION GEOGRAPHY ,Mohammad Izhar Hassan,2005
LOOKING BACK LOOKING FORWARD: A Profile of Sexual and Reproductive Health in India,Shireen J. Jejeebhoy (Ed.),2004
SOCIAL STRUCTURE AND FERTILITY BEHAVIOUR ,Satish K. Sharma and Niranjna ,2001
"GENDER COMPOSITION: Values, Preferences and Behaviour ",0
GEOGRAPHY OF POPULATION: Selected Essays,S.L. Kayastha ,1998
GEOGRAPHY OF POPULATION: Selected Essays,S.L. Kayastha ,1998
SOCIO-DEMOGRAPHIC PROFILE OF MUSLIMS: Study of Bhopal City,Chandralekha Lehri ,1997
CHILD-BEARING: A Social Phenomenon,Sandhya Kaul,1996
CENSUS AS SOCIAL DOCUMENT,"S.P. Mohanty,0
POPULATION REDISTRIBUTION AND DEVELOPMENT IN SOUTH ASIA,Leszek A. Kosinski and K. Maudood Elahi (Eds.),1991
MILITARY PSYCHOLOGY RESPONSE TO POST-PANDEMIC RECONSTRUCTION (Two Volume Set),"Lt Col Dr Samir Rawat,0
RESEARCHING SOCIAL PROBLEMS: With Model Researches,Medha Kumthekar (ed.),2020
WHITHER INDIAN PSYCHOLOGY,Ajit K Dalal,2019
WAGs: Psychology for the Military Spouse,Lt Col Dr Samir Rawat (ed.),2019
CADET DIARY 2.0: Psychology of Warrior Ethos and Cadet Leadership Development,Lt Col Dr Samir Rawat (Ed.),2019
"DISABILITY, REHABILITATION  AND SOCIAL WORK: The Indian Scenario",0
CADET DIARY: Psychology of Warrior Ethos and Cadet Leadership Development,Lt Col Dr Samir Rawat (Ed.),2018
STRESS AND RESILIENCE IN THE MILITARY,Lt Col Dr Samir Rawat (Ed.),2018
GROUP WORK: Process and Practice,"Marianne Schneider Corey,0
MILITARY PSYCHOLOGY: International Perspectives,Lt. Col Dr Samir Rawat (ed.),2017
MILITARY PSYCHOLOGY AND LEADERSHIP DEVELOPMENT,Lt. Col. Dr Samir Rawat (ed.),2017
AN INTRODUCTION TO COUNSELLING (3rd Edition) ,John McLeod,2015
EDUCATIONAL PSYCHOLOGY: Experimentation in Problems and Methods in Teaching,L.N. Verma,2013
KEY CONCEPTS IN COUNSELLING AND PSYCHOTHERAPY: A Critical A-Z Guide to Theory ,"Vicki Smith,0
COMMUNITY COUNSELING: A Multicultural-Social Justice Perspective (4th edition) ,"Judith A. Lewis,0
COUNSELING THEORY AND PRACTICE ,Edward S. Neukrug,2012
HEALING NARRATIVES OF WOMEN: A Psychological Perspective,Jyoti Anand,2011
THEORY AND PRACTICE OF GROUP COUNSELING ,"Ed E. Jacobs,0
COUNSELLING SKILL ,John McLeod,2009
CHILD DEVELOPMENT ,Shyam Sunder Shrimali,2008
CHILD DEVELOPMENT ,Shyam Sunder Shrimali,2008
TRIBAL LIVELIHOOD AND GOVERNANCE: Regional Concerns,V. Srinivasa Rao (ed.),2021
HOW PEOPLE VOTE? : Civic Literacy and Political Participation,Lancy Lobo and Jayesh Shah,2019
BUREAUCRACY AND DEVELOPMENT ADMINISTRATION: A Case Study of Karnataka,Mouneshwara Srinivasrao,2019
INDIAN FOREIGN POLICY: Identity and Issues,Ladhu R. Choudhary and Amna Sunmbul (Eds.),2019
PANCHAYATI RAJ: A Study of Rural Local Government in India,Henry Maddick,2018
"TWO DECADES OF PANCHAYAT RAJ IN INDIA: Experiences, Issues,0
RETHINKING PANCHAYATI RAJ,Sanhita Joshi,2017
SOCIAL POLICY: An Introduction (4th Edition),Ken Blakemore and Louise Warwick-Booth,2017
TRIBAL SELF-GOVERNANCE: PESA and Its Implementation,Nupur Tiwari (Ed.) ,2016
GOVERNANCE: Key Concepts,Anne Mette Kjaer,2015
"DECENTRALIZING RURAL GOVERNANCE AND DEVELOPMENT: Perspectives, Ideas and Experiences",0
"ETHICS, INTEGRITY AND APTITUDE: Foundational Values for Civil Service in India",0
"ETHICS, INTEGRITY AND APTITUDE: Foundational Values for Civil Service in India",0
SOCIAL ADMINISTRATION,Roger A. Lohmann and Nancy Lohmann ,2015
"GOVERNANCE, DEVELOPMENT,0
"POLITY, CIVIL SOCIETY AND DEVELOPMENT: Modernization,0
"POLITICIANS, BUREAUCRATS AND ADMINISTRATIVE REFORMS",0
RURAL GOVERNANCE: International Perspectives,"Lynda Cheshire,0
PERSPECTIVES ON GOVERNANCE AND SOCIETY : Essays in Honour of Professor  O.P. Dwivedi ,"Neelam Trivedi,0
DEMOCRATIC GOVERNANCE AND HUMAN DEVELOPMENT : Stocktaking and Future Strategies  ,Yatindra Singh Sisodia (Ed.) ,2013
"URBAN DEVELOPMENT AND GOVERNANCE : Issues, Concerns and Challenges ",0
PERSPECTIVES ON POLITICAL ORDER: East and West,Ramashray Roy ,2013
PERSPECTIVES ON GOVERNANCE AND SOCIETY: Essays in Honour of Professor O.P. Dwivedi,"Neelam Trivedi,0
GRASSROOTS GOVERNANCE: Gram Sabha in West Bengal,Amal Mandal,2012
BUREAUCRACY IN ACTION,I.C. Srivastava and B.D. Joshi (Eds.),2012
RESEARCH METHODS FOR PUBLIC ADMINISTRATORS,Gail Johnson,2012
CIVIL SERVICE TRAINING IN INDIA ,Rakesh Hooja and K.K. Parnami (Eds.),2011
SOCIAL POLICY: Themes and Approaches,Paul Spicker,2010
QUEST FOR PARTICIPATORY DEMOCRACY: Towards Understanding the Approach of Gandhi and Jayaprakash Narayan,Anand Kumar and Manish Tiwari (Eds.),2010
GRAM PANCHAYAT LEADERSHIP: The Grassroots Realities of Select Districts of Madhya Pradesh,Nalini Rewadikar,2010
INDIAN ADMINISTRATION: Retrospect and Prospect,P.D. Sharma and B.M. Sharma,2009
ADMINISTRATION OF DESERT AND DROUGHT-PRONE ARID AREAS ,Rakesh Hooja and R.K. Choubisa (Eds.),2009
INDIAN ADMINISTRATION: Retrospect and Prospect,P.D. Sharma and B.M. Sharma,2009
PANCHAYATI RAJ INSTITUTIONS AND RURAL DEVELOPMENT: Narratives on Inclusion of Excluded,B.C. Barik and U.C. Sahoo (Eds.),2009
GEOINFORMATICS FOR DECENTRALIZED PLANNING AND GOVERNANCE ,M.S. Nathawat and A.C. Pandey (Eds.),2008
GOVERNANCE AND THE GOVERNOR ,V.S. Singh,2008
PANCHAYATI RAJ SYSTEM AND DEVELOPMENT PLANNING: The Case of Sikkim,Hariprasad Chhetri,2008
THE PUBLIC ADMINISTRATION THEORY PRIMER ,H. George Frederickson and Kevin B. Smith,2008
"MANAGING CHANGE, ORGANISATIONAL BEHAVIOUR AND HRD ",0
UNDERSTANDING THE POLICY PROCESS: Analysing Welfare Policy and Practice,John Hudson and Stuart Lowe,2007
EXPERIMENT OF DIRECT DEMOCRACY: Gram Swaraj in Madhya Pradesh,Yatindra Singh Sisodia,2007
DEFINING PUBLIC ADMINISTRATION: Selections from the International Encyclopedia of Public Policy and Administration,Jay M. Shafritz (Ed.),2007
APPROACHES TO TRAINING AND DEVELOPMENT (3rd Edition) ,"Dugan Laird,0
"ADMINISTRATIVE THEORIES: Approaches, Concepts and Thinkers in Public Administration",0
"ADMINISTRATIVE THEORIES: Approaches, Concepts and Thinkers in Public Administration",0
ETHICS IN PUBLIC ADMINISTRATION: A Philosophical Approach,Patrick J. Sheeran,2006
E-GOVERNANCE: A Change Management Tool,P. Panneervel,2005
"LAW, STATE AND SOCIETY: Indian Context",0
PRASHASNIK CHINTAN (Administrative Thought) (Hindi) ,Mangal Bihari,2003
NONGOVERNMENTS: NGOs and the Political Development of the Third World,Julie Fisher,2003
"ACHIEVING BROAD-BASED SUSTAINABLE DEVELOPMENT: Governance, Environment and Growth with Equity",0
DEVELOPMENT AND DEMOCRACY IN INDIA,Shalendra D. Sharma,2003
PANCHAYAT RAJ IN INDIA: Emerging Trends Across the States,R.P. JOSHI & G.S. NARWANI,2002
VARNA VYAVASTHA: Governance through Caste System,Bharat Jhunjhunwala ,1999
COMMUNAL VIOLENCE AND ADMINISTRATION,Anamika Srivastva,1999
"BACKWARD AND DALIT MUSLIMS: Education, Employment and Poverty",0
STUDIES IN JAIN POPULATION AND DEMOGRAPHY,Prakash C. Jain (Ed.),2019
TRIBAL RELIGION: Continuity and Change among the Tangkhul Naga,Rimai Joy,2019
HINDU SOCIOLOGY: Book I : Non-Political; Book II : Political,Benoy Kumar Sarkar,2019
RELIGIOUS DEMOGRAPHY OF INDIA: Myths and Realities,Lancy Lobo and Jayesh Shah (eds),2018
FAITH MOVEMENTS AND SOCIAL TRANSFORMATION: Guru Charisma in Contemporary India,Samta P. Pandya,2017
"THE GEOGRAPHY OF RELIGION: Faith, Place,0
URBANIZATION AND RELIGIOUS TOLERANCE : Study of Hindu-Muslim Interactions in Varanasi,Anupama Pandey,2014
POLITICS AND RELIGION IN CONTEMPORARY INDIA,Ishwar Modi (Ed.),2014
SIKH DIASPORA : Legal Pluralism and Dispute Settlement ,Prit Paul,2013
HINDUISM AND THE DIASPORA ,P. Pratap Kumar ,2013
"EDUCATION, RELIGION AND CREATIVITY",0
SOCIOLOGY OF RELIGION (Fifth Edition),Meredith B. McGuire,2012
PATTERNS IN PHILOSOPHY AND SOCIOLOGY OF RELIGIONS ,Mihaela Gligor and Sherry Sabbarwal (Eds),2011
"WOMEN, RELIGION AND TRADITION: The Cult of Jogins,0
"RELIGIOUS SECTS AND SOCIAL DEVELOPMENT: A Comparative Study of Jains, Christians and Sikhs",0
RETHINKING RELIGION ,Soumyajit Patra (Ed.),2010
"CULT, RELIGION AND SOCIETY: Polyandrous People of Western Himalaya",0
WOMEN IN JAINISM: A Case Study of Gujarat Inscriptions,Mrinal Joshi,2009
WOMEN IN DHARMASASTRAS: A Phenomenological and Critical Analysis,Chandrakala Padia (Ed.),2009
"POLITICISATION OF HINDU RELIGION IN POSTMODERN INDIA: An Anatomy of the Worldwides, Identities and Strategies of Hindu Nationalists in Bharatiya Janata Party",0
LUDWIG WITTGENSTEIN: Ethics and Religion,Kali Charan Pandey (Ed.),2008
BEYOND HINDUTVA ,S.L. Verma,2007
HINDU NATIONALISTS OF MODERN INDIA: A Critical Study of the Intellectual Genealogy of Hindutva,J. Kuruvachira,2006
THE ONE LIFE: COLERIDGE AND HINDUISM,Antonella  Riem  Natale,2005
MUSLIM ETHOS: As Reflected in Urdu Literature,M.S. Jain,2000
PRINCIPLES OF REMOTE SENSING,Paul J. Curran,2020
GEOMATICS IN NATURAL DISASTERS,"SM. Ramasamy,0
Geographic Information Systems: Theory & Practice,"R. Ram Mohan Rao,0
DICTIONARY OF REMOTE SENSING AND GEOINFORMATICS,Anand Malik ,2016
REMOTE SENSING AND GEOGRAPHICAL INFORMATION SYSTEMS: Basics and Applications,P.R. Vyas (Ed.),2015
THE LOGIC OF SOCIAL RESEARCH,Arthur L. Stinchcombe,2019
WRITING SOCIAL SCIENCE: A Personal Narrative,Paramjit S. Judge,2019
STATISTICS: A Tool for Social Research (10th Edition),Joseph F. Healey,2018
RESEARCH METHODS FOR HISTORY (Second Edition),Simon Gunn and Lucy Faire (eds),2017
RESEARCH IN SOCIAL WORK (Third Edition),Anne E. Fortune and William J. Reid,2017
PRACTICE OF SOCIAL RESEARCH: Social Work Perspective (Second Edition),D.K. Lal Das,2017
PRACTICE OF SOCIAL RESEARCH: Social Work Perspective (Second Edition),D.K. Lal Das,2017
METHODOLOGIES IN SOCIAL RESEARCH,"Ronald Yesudhas,0
HISTORIOGRAPHY,Kirit K. Shah & Meherjyoti Sangle,2017
RESEARCH METHODS FOR CULTURAL STUDIES ,Michael Pickering (ed),2016
RESEARCH METHODS FOR ENGLISH STUDIES (Second Edition),Gabriele Griffin (ed),2016
THE BASICS OF SOCIAL RESEARCH ,Earl Babbie,2015
THE PRACTICE OF SOCIAL RESEARCH,Earl Babbie,2014
THE SURVEY METHODS WORKBOOK,"Alan Buckingham,0
CROSS-CULTURAL RESEARCH METHODS ,Carol R. Ember and Melvin Ember ,2013
DOING SOCIAL WORK RESEARCH,Roger Smith ,2013
QUALITATIVE RESEARCH IN SOCIAL WORK,Edmund Sherman and William j. Reid (Eds.),2013
RESEARCH METHODS FOR PUBLIC ADMINISTRATORS,Gail Johnson,2012
ESSENTIAL STATISTICS FOR SOCIAL RESEARCH (Revised and Updated - Second Edition),Michael A. Malec,2012
QUALITATIVE DATA ANALYSIS ,Graham R. Gibbs,2011
APPLYING SOCIAL STATISTICS: An Introduction to Quantitative Reasoning in Sociology,Jay Alan Weinstein,2011
INSTRUMENTS OF SOCIAL RESEARCH ,Jaspal Singh,2011
AN INTRODUCTION TO APPLYING SOCIAL WORK THEORIES AND METHODS ,Barbra Teater,2011
DESIGNS OF SOCIAL RESEARCH,D.K. Lal Das,2011
METHODS FOR SOCIAL WORK RESEARCH ,"Allen Rubin,0
METHODOLOGY FOR SOCIAL WORK RESEARCH ,"Allen Rubin,0
SOCIAL RESEARCH,Tim May,2009
RESEARCH METHODS FOR SOCIAL WORK ,D.K. Lal Das and Vanila Bhaskaran (Eds.),2008
DOING SOCIAL RESEARCH ,Leonard Cargan ,2008
RESEARCH METHODS IN ANTHROPOLOGY: Qualitative and Quantitative Approaches (4th Edition),H. Russell Bernard,2008
DESIGNS OF SOCIAL RESEARCH ,D.K. Lal Das,2008
PRACTICAL RESEARCH METHODS FOR MEDIA AND CULTURAL STUDIES: Making People Count,"Maire Messenger Davies,0
"RESEARCH METHODOLOGY IN GEOGRAPHY: Social, Spatial and Policy Dimensions ",0
SURVEYS IN SOCIAL RESEARCH,D.A. de Vaus,2003
RESEARCH METHODS ,Ram Ahuja,2001
RESEARCH METHODS ,Ram Ahuja,2001
A METHODOLOGY FOR SOCIAL RESEARCH ,GIDEON SJOBERG & ROGER NETT,1992
A METHODOLOGY FOR SOCIAL RESEARCH ,GIDEON SJOBERG & ROGER NETT,1992
RURAL CULTURE IN HINDI CINEMA: A Sociological Study,Shivam Singh,2020
GREEN SOCIAL WORK: From Environmental Crises to Environmental Justice,Lena Dominelli,2018
"TWO DECADES OF PANCHAYAT RAJ IN INDIA: Experiences, Issues,0
PANCHAYATI RAJ AND RESERVATION POLICY: Study of Impact of Reservation Policy on the Marginalised Sections of the Society,B.M. Sharma,2018
THE LITTLE COMMUNITY AND PEASANT SOCIETY AND CULTURE,Robert Redfield,2018
SUSTAINABLE DEVELOPMENT GOALS AND PANCHAYATS,Rajesh Kumar Sinha (ed.),2018
MIDDLE INDIA AND URBAN-RURAL DEVELOPMENT: Four Decades of Change,Barbara Harriss-White (ed.),2018
RURAL DEVELOPMENT: Theories of peasant economy and agrarian change ,John Harriss (ed.) ,2017
RETHINKING PANCHAYATI RAJ,Sanhita Joshi,2017
ANALYSING COMMUNITY WORK: Theory and Practice (Second Edition),Keith Popple,2017
VILLAGE INDIA: Studies in the Little Community ,McKim Marriott (ed.),2017
SOCIETY AND DEVELOPMENT:  Regional Perspectives,Surjit Singh and Dhruv Raina (eds),2016
"DECENTRALIZING RURAL GOVERNANCE AND DEVELOPMENT: Perspectives, Ideas and Experiences",0
CRISES OF SOCIAL TRANSFORMATION IN INDIA,S.R. Ahlawat & Neerja Ahlawat (Eds) ,2015
"CRITICAL RURAL THEORY: Structure, Space,0
INDIAN VILLAGE: A Conceptual History ,Manish Thakur,2014
RURAL GOVERNANCE: International Perspectives,"Lynda Cheshire,0
PANCHAYATS AND BUILDING OF MODEL VILLAGES,M.V. Rao and E. Venkatesu (Eds),2013
GRASSROOTS GOVERNANCE: Gram Sabha in West Bengal,Amal Mandal,2012
CHANGING VILLAGE INDIA,Brij Raj Chauhan and A. Satyanarayana (Eds),2012
RURAL DEVELOPMENT: Concept and Recent Approaches ,A. Thomas William and A.J. Christopher,2011
"WOMEN, PANCHAYATS AND NATURAL RESOURCE MANAGEMENT ",0
"ADIVASI BHARAT : EK SAMAJIK, SANSKRITIK AIVAM VIKASATMAK VIVECHAN (Hindi) : Tribal India: Social,0
WOMEN'S WELFARE PROGRAMMES,G. Madhavi,2011
GRAM PANCHAYAT LEADERSHIP: The Grassroots Realities of Select Districts of Madhya Pradesh,Nalini Rewadikar,2010
ADIVASI VIKAS AIVAM GAIR-SARKARI SANGATHAN (Tribal Development and NGOs) (Hindi) ,Udai Singh Rajput,2010
"CULTURE, POLITY AND ECONOMY ",0
"PANCHAYATI RAJ, PARTICIPATION AND DECENTRALIZATION ",0
PANCHAYATI RAJ INSTITUTIONS AND RURAL DEVELOPMENT: Narratives on Inclusion of Excluded,B.C. Barik and U.C. Sahoo (Eds.),2009
"VOLUNTARY SECTOR AND RURAL DEVELOPMENT: Concept, Practice and a New Approach to Remove Rural Poverty",0
PANCHAYATI RAJ SYSTEM AND DEVELOPMENT PLANNING: The Case of Sikkim,Hariprasad Chhetri,2008
NGOS AND GLOBALIZATION: Development & Organizational Facets,Asok Kumar Sarkar (Ed.),2008
ENTERING THE GLOBAL VILLAGE: Essays on the Sociology of Communication,Yogesh Atal,2008
NGOs AND SOCIAL WELFARE: New Research Approaches,David Lewis and N. Ravichandran (Eds.),2008
DISABILITY AND SOCIAL EXCLUSION IN RURAL INDIA ,Insa Klasing,2007
EXPERIMENT OF DIRECT DEMOCRACY: Gram Swaraj in Madhya Pradesh,Yatindra Singh Sisodia,2007
RURAL HOUSING: Policies & Practices,Bhaskar Majumder,2007
WOMENS PARTICIPATION IN PANCHAYTI RAJ: Nature and Effectiveness ,Pamela Singla,2007
NARRATIVE OF THE VILLAGE: Centre of the Periphery,Jasbir Jain (Ed.),2006
NGOs IN INDIA: A Cross-Sectional Study,R. Sooryamoorthy and K.D. Gangrade,2006
COMMUNITY DEVELOPMENT: A Critical Approach,Margaret Ledwith,2006
"POVERTY, FOOD SECURITY AND SUSTAINABILITY: Public Distribution System in India",0
GRAMIN SAMAJ MEIN NIYOJIT SAMAJIK PARIVARTAN (Planned Social Change in Rural India) (Hindi) ,Om Prakash Sharma,2004
GIRLS LITERACY IN RURAL INDIA: Comparative Study of Maharashtra and Madhya Pradesh,Yatindra Singh Sisodia,2003
COMMUNICATING RURAL DEVELOPMENT: Strategies and Alternatives,Rashmi Jain,2003
"IRRIGATION DEVELOPMENT AND AGRARIAN CHANGE: A Study In Sindh, Pakistan",0
PANCHAYAT RAJ IN INDIA: Emerging Trends Across the States,R.P. JOSHI & G.S. NARWANI,2002
COMMUNITY PARTICIPATION IN NATURAL RESOURCE MANAGEMENT,G.P. Mishra and B.K. Bajpai (eds),2001
CULTURAL FACTORS IN RURAL DEVELOPMENT,Dilip Shah and Syed Rahim ,2000
TECHNOLOGY AND RURAL DEVELOPMENT: Need for Organisational Renewal,Ch. Bala Ramulu ,2000
SOCIAL CHANGE THROUGH LAND REFORMS,Paramjit S. Judge,1999
IRDP AND POVERTY ALLEVIATION,Sandeep Joshi,1999
PLANNED DEVELOPMENT AMONG TRIBALS: A Comparative Study of Bhils and Minas,P.C. Jain,1999
RURAL SOCIOLOGY ,S.L. Doshi and P.C. Jain,1999
RURAL SOCIOLOGY ,S.L. Doshi and P.C. Jain,1999
SOCIAL GEOGRAPHY ,Aijazuddin Ahmad,1999
CO-OPERATIVES AND ECONOMIC DEVELOPMENT,"Tapas R. Dash,0
RURAL LANDLESSNESS AND INSTITUTIONAL REFORMS: The Case of Bangladesh Agriculture,Md. Abdul Mannan Chowdhury,1998
NON-AGRICULTURAL EMPLOYMENT IN RURAL INDIA: The Case of Gujarat,"Rakesh Basant,0
SOCIAL STRUCTURE AND RURAL DEVELOPMENT,I.S. Chauhan and V.S. Bais,1995
INDUSTRIAL DEVELOPMENT AND PROBLEMS OF THE UPROOTED,I.U.B. Reddy,1994
PERSPECTIVES ON INDUSTRIAL DEVELOPMENT IN INDIA,N.K.P. Sinha & M.B. Singh (Eds.),1993
DAIRY CO-OPERATIVIZATION: An Instrument of Social Change,Dilip R. Shah,1992
INDUSTRIALIZATION AND PEASANT SOCIAL FORMATION,S.D. Badgaiyan,1992
INTEGRATED AREA DEVELOPMENT: A Case Study of Rath Tahsil-Hamirpur-Uttar Pradesh,R.K. Srivastava,1992
SOCIOLOGY OF HEALTH AND MEDICINE,Madhu Nagla,2018
SOCIOLOGY OF HEALTH AND MEDICINE,Madhu Nagla,2018
Geographic Information Systems: Theory & Practice,"R. Ram Mohan Rao,0
THE SOCIOLOGY OF SCIENCE: Theoretical and Empirical Investigations ,Robert K. Merton,2017
MARGINALITIES IN INDIA: Themes and Perspectives,Asmita Bhattacharyya and Sudeep Basu (eds),2021
SOCIAL DYNAMICS OF INCLUSIVE DEVELOPMENT,Rani Mehta,2019
PANCHAYATI RAJ AND RESERVATION POLICY: Study of Impact of Reservation Policy on the Marginalised Sections of the Society,B.M. Sharma,2018
GENDER JUSTICE AND INCLUSION,Poornima Jain,2018
"HUNGER, DEPRIVATION AND SOCIAL EXCLUSION: A Political Economy Perspective",0
POLICY RESPONSES TO SOCIAL EXCLUSION: Towards Inclusion?,Janie Percy-Smith (ed.),2017
A THEORY OF POVERTY AND SOCIAL EXCLUSION,Bill Jordan,2015
POLICY RESPONSES TO SOCIAL EXCLUSION: Towards Inclusion?,Janie Percy-Smith (ed.),2017
SOCIAL POLICY FOR SOCIAL WORK: Placing Social Work in its Wider Context,Lorraine Green & Karen Clarke,2016
"DISABILITY, GENDER & STATE POLICY: Exploring Margins",0
SOCIAL POLICY: Themes and Approaches,Paul Spicker,2010
"AMBEDKAR ON LAW, CONSTITUTION AND SOCIAL JUSTICE ",0
"AGEING, CARE AND WELL-BEING: Reinventing Social Gerontology (Essays in Honour of Professor Jacob John Kattakayam)",0
CHILD RIGHTS IN INDIA: Challenges and Social Action,Geeta Chopra,2021
ADOLESCENCE IN URBAN INDIA: Cultural Construction in a Society in Transition,Shagufa Kapadia,2021
ELDERLY CARE IN INDIA: Societal and State Responses,S. Irudaya Rajan and Gayathri Balagopal (eds),2021
JOURNEYS IN SOCIAL WORK EDUCATION IN INDIA: Emerging Reflections,"Murli Desai,0
RESEARCHING SOCIAL PROBLEMS: With Model Researches,Medha Kumthekar (ed.),2020
THE SOCIOLOGY OF AGING (Third Edition),Diana K. Harris,2020
"DISASTER, VULNERABILITY AND REHABILITATION: A Study of Uttarakhand",0
SOCIAL BUSINESS: Transformational approach to a fair and just society,Fons van der Velden (Ed.),2019
SOCIAL WORK PRACTICE: Expanding Scope and Challenges,C.P. Singh and Vanita Dhingra (Eds.),2019
DIRECT SOCIAL WORK PRACTICE: Theory and Skills (9th edition),"Dean H. Hepworth,0
"ECOFEMINISM: Women, Culture,0
ELDERLY WIDOWS: Socio-Economic and Demographic Study in Jharkhand,Sangeeta Gupta,2018
CONTEMPORARY SOCIAL WORK PRACTICE: A Handbook for Students,Barbra Teater (ed.),2018
GREEN SOCIAL WORK: From Environmental Crises to Environmental Justice,Lena Dominelli,2018
"WOMEN, VIOLENCE AND SOCIAL STIGMA: A Sociology of Burn Attacks",0
SOCIAL WORK IN GLOBALIZING WORLD: Practices and Challenges,Sanjoy Roy,2018
"DISABILITY, REHABILITATION  AND SOCIAL WORK: The Indian Scenario",0
FEMALE JUVENILE DELINQUENCY,Saumya Shanker,2018
IDEAS FOR SOCIAL CHANGE: Life and Mission of Dr. Bindeshwar Pathak,S.P. Singh (ed.),2018
GROUP WORK: Process and Practice,"Marianne Schneider Corey,0
SOCIOLOGY FOR SOCIAL WORKERS (Second Edition),"Anne Llewellyn,0
RESEARCH IN SOCIAL WORK (Third Edition),Anne E. Fortune and William J. Reid,2017
MILITARY PSYCHOLOGY: International Perspectives,Lt. Col Dr Samir Rawat (ed.),2017
PRACTICE OF SOCIAL RESEARCH: Social Work Perspective (Second Edition),D.K. Lal Das,2017
PRACTICE OF SOCIAL RESEARCH: Social Work Perspective (Second Edition),D.K. Lal Das,2017
ANALYSING COMMUNITY WORK: Theory and Practice (Second Edition),Keith Popple,2017
SOCIAL WORK WITH GROUPS (3rd Edition),Helen Northen and Roselle Kurland,2017
SOCIAL POLICY: An Introduction (4th Edition),Ken Blakemore and Louise Warwick-Booth,2017
METHODOLOGIES IN SOCIAL RESEARCH,"Ronald Yesudhas,0
INDIAN SOCIETY AND CULTURE,Vinita Pandey,2016
INDIAN SOCIETY AND CULTURE,Vinita Pandey,2016
MARRIAGE AND FAMILY IN INDIA: Trends and Emerging Challenges,Jasmeet Sandhu (Ed.),2016
SEXUAL ABUSE OF GIRL CHILDREN: Some Hidden Facts,Rama Achyut Pande,2016
SOCIAL POLICY FOR SOCIAL WORK: Placing Social Work in its Wider Context,Lorraine Green & Karen Clarke,2016
SOCIAL WORK: The Value-Based Profession,Gracious Thomas (Ed.),2016
AN INTRODUCTION TO COUNSELLING (3rd Edition) ,John McLeod,2015
SOCIOLOGY OF AGEING: A Reader,"Ajaya Kumar Sahoo,0
SOCIAL WORK AND SOCIAL WELFARE: An Introduction,"Rosalie Ambrosino,0
Guy Shuttlesworth & Robert Ambrosino",2015,1195
SOCIAL DEVELOPMENT IN ASIA: Diversity and Implications,Murli Desai ,2015
CRISES OF SOCIAL TRANSFORMATION IN INDIA,S.R. Ahlawat & Neerja Ahlawat (Eds) ,2015
SOCIAL WORK IN HEALTH AND AGEING: Global Perspectives ,"Barbara Berkman,0
SOCIAL WORK AND HUMAN RELATIONS,H.Y. Siddiqui ,2015
SOCIAL DEVELOPMENT IN INDIA: Critical Assessment,Chhaya Patel ,2015
SOCIAL ADMINISTRATION,Roger A. Lohmann and Nancy Lohmann ,2015
THE SOCIAL WORK INTERVIEW (Fifth Edition) ,Alfred Kadushin and Goldie Kadushin,2015
NON-GOVERNMENTAL ORGANIZATIONS: Origin and Development,"Suresh Chandra,0
UNITY IN DIVERSITY: The Indian Experience in Nation-Building,M.S. Gore,2015
WOMEN'S VULNERABILITY TO HIV/AIDS,"S.K. Singh,0
THEORY AND PERSPECTIVES IN SOCIAL WORK,Samta P. Pandya ,2014
"GOVERNANCE, DEVELOPMENT,0
THE SURVEY METHODS WORKBOOK,"Alan Buckingham,0
MATERNAL HEALTH IN INDIA: Contemporary Issues and Challenges,Mohammad Akram (Ed.),2014
ABORTION IN INDIA: Myth and Reality,S.G. Kabra,2013
GENDER AND HEALTH,Madhu Nagla,2013
"DISABILITY, GENDER & STATE POLICY: Exploring Margins",0
DOING SOCIAL WORK RESEARCH,Roger Smith ,2013
THEORY AND PRACTICE OF COMMUNITY SOCIAL WORK,Samuel H. Taylor and Robert W. Roberts (Eds),2013
THEORY AND PRACTICE OF SOCIAL CASE WORK (2nd Edition),Gordon Hamilton,2013
KEY CONCEPTS IN COUNSELLING AND PSYCHOTHERAPY: A Critical A-Z Guide to Theory ,"Vicki Smith,0
AGEING AND ELDER ABUSE: A Study in Kerala,Daliya Sebastian,2013
QUALITATIVE RESEARCH IN SOCIAL WORK,Edmund Sherman and William j. Reid (Eds.),2013
SOCIAL WORK SKILLS AND KNOWLEDGE: A Practice Handbook,Pamela Trevithick,2013
SOCIAL WORK AND DRUG USE,"Ian Paylor,0
SOCIAL WORK AND SOCIAL DEVELOPMENT,Shweta Singh (Ed.),2013
GLOBAL PERSPECTIVES ON GENDER AND WORK: Readings and Interpretations,Jacqueline Goodman (Ed.),2012
COMMUNITY COUNSELING: A Multicultural-Social Justice Perspective (4th edition) ,"Judith A. Lewis,0
COUNSELING THEORY AND PRACTICE ,Edward S. Neukrug,2012
TOTAL QUALITY SERVICE IN HEALTHCARE ,Usha Manjunath,2012
SOCIAL CHANGE AND DEVELOPMENT ,D.V. Kumar (Ed.),2012
THE SHORT GUIDE TO SOCIAL WORK ,Robert Adams,2012
THE SHORT GUIDE TO GENDER ,Kath Woodward,2012
THE SHORT GUIDE TO COMMUNITY DEVELOPMENT ,Alison Gilchrist and Marilyn Taylor,2012
PERSPECTIVES ON SOCIAL DEVELOPMENT ,Richard Pais (Ed.),2012
FIELDWORK IN SOCIAL WORK,Sanjoy Roy,2012
UNDERSTANDING SOCIAL WORK: History and Context,John Pierson,2012
SOCIAL WORK PERSPECTIVES ON HUMAN BEHAVIOUR,Margarete Parrish,2012
AGEING: An Interdisciplinary Approach,Sarjoo Patel and Veena Gandotra (Eds),2011
THE PRACTICE OF GENERALIST SOCIAL WORK (2nd edition),"Julie Birkenmaier,0
DICTIONARY OF SOCIAL WORK ,John Pierson and Martin Thomas,2011
AGEISM AND ELDER ABUSE ,Lynn McDonald and K.L. Sharma (Eds.),2011
SOCIAL CASEWORK: A Problem-solving Process,Helen Harris Perlman,2011
SOCIAL WORK AND SOCIAL WORK EDUCATION ,M.S. Gore,2011
WOMEN'S WELFARE PROGRAMMES,G. Madhavi,2011
AN INTRODUCTION TO APPLYING SOCIAL WORK THEORIES AND METHODS ,Barbra Teater,2011
SOCIAL POLICY: Themes and Approaches,Paul Spicker,2010
CIVIL SOCIETY PROCESSES AND THE STATE: The BGVS and the Literacy Campaigns,Denzil Saldanha,2010
IDEOLOGIES AND SOCIAL WORK: Historical and Contemporary Analyses,Murli Desai,2010
THEORY AND PRACTICE OF GROUP COUNSELING ,"Ed E. Jacobs,0
DIRECT SOCIAL WORK PRACTICE: Theoretical Perspectives,Joseph Walsh,2010
EVALUATING SOCIAL WORK PRACTICE ,Charles H. Zastrow,2010
METHODS FOR SOCIAL WORK RESEARCH ,"Allen Rubin,0
METHODOLOGY FOR SOCIAL WORK RESEARCH ,"Allen Rubin,0
SOCIAL CASEWORK: A Therapeutic Approach,R.K. Upadhyay,2010
SOCIAL CASEWORK: A Therapeutic Approach,R.K. Upadhyay,2010
IDEOLOGIES AND SOCIAL WORK: Historical and Contemporary Analyses,Murli Desai,2010
SOCIAL WORK SKILLS: A Practice Handbook (2nd Edition),Pamela Trevithick,2009
COUNSELLING SKILL ,John McLeod,2009
SOCIAL WORK: Making a Difference,Viviene Cree and Steve Myers,2009
SOCIAL WORK ADMINISTRATION AND DEVELOPMENT,Sanjay Bhattacharya,2009
SOCIAL WORK PRACTICE: Religio-Philosophical Foundations ,Chhaya Patel (Ed.),2009
RESEARCH METHODS FOR SOCIAL WORK ,D.K. Lal Das and Vanila Bhaskaran (Eds.),2008
GROUP WORK: Theories and Practices,H.Y. Siddiqui,2008
GROUP WORK: Theories and Practices,H.Y. Siddiqui,2008
"SOCIAL WORK PRACTICE: Concepts, Processes,0
HANDBOOK OF SOCIAL WORK WITH GROUPS,"Charles D. Garvin,0
COMMUNITY DEVELOPMENT: A Critical Approach,Margaret Ledwith,2006
WHAT IS PROFESSIONAL SOCIAL WORK? (2nd Edtion) ,Malcolm Payne,2006
SOCIAL WORK VALUES AND ETHICS (2nd Edition),Frederic G. Reamer,2005
SUPERVISION IN SOCIAL WORK (4th Edition) ,Alfred Kadushin and Daniel Harkness,2004
METHODOLOGY OF PROGRESSIVE SOCIAL WORK EDUCATION ,Murli Desai,2004
SOCIAL WORK AND HUMAN RIGHTS: A Foundation for Policy and Practice,Elisabeth Reichert,2003
SURVEYS IN SOCIAL RESEARCH,D.A. de Vaus,2003
RESEARCH FOR SOCIAL WORKERS: An Introduction to Methods (2nd Edition),Margaret Alston and Wendy Bowles,2003
SRAMIK SAHABHAGITA AVAM AUDHYOGIK SAMBANDH (Workers Participation in Management and Industrial Relations) - Hindi,Dilip Kumar Singh,1999
"AGEING, CARE AND WELL-BEING: Reinventing Social Gerontology (Essays in Honour of Professor Jacob John Kattakayam)",0
GENDER INEQUALITY AND DISCRIMINATION IN INDIA: Discourse and Dilemmas,Sumita Sarkar (ed.),2021
CRISIS OF DALIT LEADERSHIP,Shyam Lal,2021
"ETHNICITY, IDENTITY AND CULTURE: Scheduled Tribes of Andhra Pradesh and Telangana",0
A COMPREHENSIVE DICTIONARY OF SOCIOLOGY (2 Volume Set),J.P. Singh,2021
A COMPREHENSIVE DICTIONARY OF SOCIOLOGY,J.P. Singh,2021
DALIT MOVEMENT IN INDIA: Case of Maharashtra (Second Edition),P.G. Jogdand,2021
POLITICAL PHILOSOPHY OF SRI AUROBINDO: Nationalism and Internationalism,Richa Tiwari,2021
POLITICS OF REGIONAL DEVELOPMENT: A Case Study of Maharashtra,"Gautam Kamble,0
GENDER AND GLOBALISATION,"Rekha Pande,0
DISADVANTAGED TRIBES OF INDIA: Regional Concerns,V. Srinivasa Rao (ed.),2021
TRIBAL LIVELIHOOD AND GOVERNANCE: Regional Concerns,V. Srinivasa Rao (ed.),2021
SOCIOLOGY OF UNDERDEVELOPMENT,Carle C. Zimmerman and Richard E. DuWors (eds),2021
SOCIAL PROBLEMS IN INDIA (Fourth Edition),Ram Ahuja,2021
SOCIAL PROBLEMS IN INDIA (Fourth Edition),Ram Ahuja,2021
NEOLIBERALISM AND WOMEN IN INDIA: Governmentality Perspectives,U. Kalpagam,2021
MILITARY PSYCHOLOGY RESPONSE TO POST-PANDEMIC RECONSTRUCTION (Two Volume Set),"Lt Col Dr Samir Rawat,0
SOCIOLOGICAL THEORY (Fifth Edition),George Ritzer,2021
SOCIAL DYNAMICS OF THE URBAN: Studies from India,N. Jayaram  (ed.),2021
CHILD RIGHTS IN INDIA: Challenges and Social Action,Geeta Chopra,2021
DEVELOPMENT AND SUSTAINABILITY: India in a Global Perspective,Sarmila Banerjee and Anjan Chakrabarti (eds),2021
ADOLESCENCE IN URBAN INDIA: Cultural Construction in a Society in Transition,Shagufa Kapadia,2021
MARGINALITIES IN INDIA: Themes and Perspectives,Asmita Bhattacharyya and Sudeep Basu (eds),2021
"INEQUALITY, POVERTY AND DEVELOPMENT IN INDIA: Focus on the North Eastern Region",0
ELDERLY CARE IN INDIA: Societal and State Responses,S. Irudaya Rajan and Gayathri Balagopal (eds),2021
RURAL CULTURE IN HINDI CINEMA: A Sociological Study,Shivam Singh,2020
SOCIOLOGY OF G.S. GHURYE (Revised Second Edition),S.K. Pramanick,2020
RESEARCHING SOCIAL PROBLEMS: With Model Researches,Medha Kumthekar (ed.),2020
"BACKWARD AND DALIT MUSLIMS: Education, Employment and Poverty",0
WOMEN IN GRASS-ROOTS GOVERNANCE,G. Satyanarayana,2020
POSTMODERNITY AND ITS DISCONTENTS,Zygmunt Bauman,2020
SOCIOLOGY OF FOOD,Madhu Nagla,2020
THE SOCIOLOGY OF AGING (Third Edition),Diana K. Harris,2020
GENDER AND MOBILITY: A Critical Introduction,Elina Penttinen and Anitta Kynsilehto,2020
"AN INTRODUCTION TO SOCIAL AND CULTURAL ANTHROPOLOGY: Small Places, Large Issues (Fourth Edition)",0
SOCIAL MOVEMENTS: A Cognitive Approach,Ron Eyerman and Andrew Jamison,2020
ANTHROPOLOGICAL THEORY TODAY,Henrietta L. Moore (ed),2020
WOMEN IN POLICE IN INDIA: A Journey from Periphery to Core,Tumpa Mukherjee,2020
GENDER VIOLENCE: International Perspectives,Rekha Pande and Sita Vanka (eds),2020
EDUCATIONAL STATUS OF SCHEDULED TRIBES: Attainment and Challenges,"Ghanshyam Shah,0
EDUCATIONAL STATUS OF SCHEDULED CASTES: Attainment and Challenges,"Ghanshyam Shah,0
SOCIOLOGY: A multiple paradigm science,George Ritzer,2020
COUNTRY TOWN NEXUS: Studies in Social Transformation in Contemporary India,"K.L. Sharma,0
MARXIST LITERARY CRITICISM TODAY,Barbara Foley,2019
ANTHROPOLOGY AND HEALTH,Rashmi Sinha (ed.),2019
ISSUES AND PERSPECTIVES IN ANTHROPOLOGY,Rashmi Sinha (Ed.),2019
TRIBALS & DEMOCRATIC POLITICS: Understanding from Agency Areas of Telangana and Andhra Pradesh,Sunkari Satyam,2019
CHANGE AND CONTINUITY AMONG TRIBES: The Idu Mishmis of Arunachal Pradesh,Tarun Mene and Sarit K. Chaudhuri (eds.),2019
GENDER LAW AND HEALTH: international perspectives,Sita Vanka and Rekha Pande (eds),2019
"DISASTER, VULNERABILITY AND REHABILITATION: A Study of Uttarakhand",0
GENDER AND WORK: International Perspectives,"Sita Vanka,0
SCHEDULED CASTE ELITES,Jagan Karade,2019
ISSUES AND THEMES IN CONTEMPORARY SOCIETY: Essays in Honour of Professor Ishwar Modi,B.K. Nagla and Vinay Kumar Srivastava (Eds),2019
"EDUCATION, HEALTH AND CITIZENSHIP: Three Dimensions of Empowering Adolescents",0
NEW RULES OF SOCIOLOGICAL METHOD (2nd Edition),Anthony Giddens,2019
GLOBALIZATION AND CULTURE,John Tomlinson,2019
DICTIONARY OF GLOBALIZATION,Andrew Jones,2019
FEMINIST THEORY IN PRACTICE AND PROCESS,"Micheline R. Malson,0
DALIT MOVEMENT AND RADICAL LEFT: A Study in Telangana,Rajesh Kota,2019
MAKING OF MODERN INDIA: Sociological Explorations into Postcolonial Indian Modernity,Paramjit S. Judge,2019
"LITERATURE, CULTURE AND SOCIETY",0
STUDIES IN JAIN POPULATION AND DEMOGRAPHY,Prakash C. Jain (Ed.),2019
GENDER AND STRUCTURAL VIOLENCE,Rekha Pande and Sita Vanka (Eds.),2019
SOCIOLOGY IN INDIA: A Perspective from Sociology of Knowledge (Second Edition),Surendra Sharma,2019
SOCIOLOGY IN INDIA: A Perspective from Sociology of Knowledge (Second Edition),Surendra Sharma,2019
UP AGAINST CASTE: Comparative Study of Ambedkar and Periyar (Revised Second Edition),Debi Chatterjee,2019
POSTMODERNITY (Second Edition),David Lyon,2019
CASTE,Ursula Sharma,2019
DISCOURSE,David Howarth,2019
MULTICULTURALISM,C.W. Watson,2019
FEMINISM,Jane Freedman,2019
CULTURE,Mark J. Smith,2019
DEMOCRACY (Second Edition),Anthony Arblaster,2019
CLASS,Richard Scase,2019
IDEOLOGY (Second Edition),David McLellan,2019
STRUCTURATION,John Parker,2019
INTRODUCING SOCIOLOGY,Bhupendra K. Nagla and Sheobahal Singh,2019
INTRODUCING SOCIOLOGY,Bhupendra K. Nagla and Sheobahal Singh,2019
POSTMODERNITY (Second Edition),David Lyon,2019
CASTE,Ursula Sharma,2019
DISCOURSE,David Howarth,2019
MULTICULTURALISM,C.W. Watson,2019
FEMINISM,Jane Freedman,2019
CULTURE  reinventing the social sciences,Mark J. Smith,2019
CLASS,Richard Scase,2019
IDEOLOGY (Second Edition),David McLellan,2019
STRUCTURATION,John Parker,2019
"GENDER, POWER RELATIONS AND CHILDBIRTH: Negotiations with Cultural and Biomedical Discourses ",0
RURAL SOCIETY IN INDIA (Second Edition),K.L. Sharma,2019
LEGACY OF AMBEDKAR: Analysis and Appraisal,Lancy Lobo and Dhananjay Kumar (Eds.),2019
POSTMODERN SOCIAL THEORY,George Ritzer,2019
SOCIAL DYNAMICS OF INCLUSIVE DEVELOPMENT,Rani Mehta,2019
SOCIAL WORK PRACTICE: Expanding Scope and Challenges,C.P. Singh and Vanita Dhingra (Eds.),2019
SOCIAL MOBILITY IN THE CASTE SYSTEM IN INDIA: An Interdisciplinary Symposium,James Silverberg (Ed.),2019
KEY ISSUES IN DEVELOPMENT STUDIES: From the Local to the Global (Third Edition),Gerard McCann and Stephen McCloskey (Eds.),2019
THE LOGIC OF SOCIAL RESEARCH,Arthur L. Stinchcombe,2019
HOMO HIERARCHICUS: The Caste System and its Implications,Louis Dumont,2019
THE CONSTITUTION OF SOCIETY,Edward Shils,2019
HINDU SOCIOLOGY: Book I : Non-Political; Book II : Political,Benoy Kumar Sarkar,2019
"POPULATION, FERTILITY,0
WRITING SOCIAL SCIENCE: A Personal Narrative,Paramjit S. Judge,2019
"GENDER, CULTURE AND HONOUR: Gender Audit of Punjab and Haryana",0
SOCIAL AND POLITICAL MOVEMENTS: Readings on Punjab,Harish K. Puri and Paramjit S. Judge (Eds.),2019
THE INDIAN DIASPORA: Historical and Contemporary Context,"Laxmi Narayan Kadekar,0
AMBEDKAR AND NATION-BUILDING,"Shyam Lal,0
DIRECT SOCIAL WORK PRACTICE: Theory and Skills (9th edition),"Dean H. Hepworth,0
"ECOFEMINISM: Women, Culture,0
HIGHER EDUCATION IN INDIA: The Changing Scenario,"S.L. Sharma,0
"EDUCATION, MIGRATION AND HUMAN DEVELOPMENT: Kerala Experience",0
SOCIAL INCLUSION AND DEVELOPMENT,Richard Pais and M.H. Makwana (eds),2018
ELDERLY WIDOWS: Socio-Economic and Demographic Study in Jharkhand,Sangeeta Gupta,2018
DALIT ISSUES: Caste and Class Interface,T. Brahmanandam (ed.),2018
NATIONAL MOVEMENT AND EMPOWERMENT OF WOMEN: Nation-Building in the United Provinces,Malabika Pande,2018
AMBEDKAR AND THE BHANGIS: Efforts for their Upliftment,Shyam Lal,2018
MAPPING SOUTH ASIAN DIASPORA: Recent Responses and Ruminations,Ajay K. Chaubey and Asis De (eds),2018
"CULTURES, IDENTITIES,0
GLOBALIZATION IN QUESTION (Third Edition),"Paul Hirst,0
WHAT IS GENDER HISTORY?,Sonya O. Rose,2018
FRONTIERS OF SOCIAL THEORY: The New Syntheses  ,George Ritzer (ed.),2018
SOCIOLOGICAL THEORY: A Book of Readings (5th Edition),Lewis A. Coser and Bernard Rosenberg,2018
SOCIOLOGICAL THEORY A Book of Readings (Fifth Edition),Lewis A. Coser and Bernard Rosenberg (eds),2018
CONTEMPORARY SOCIAL WORK PRACTICE: A Handbook for Students,Barbra Teater (ed.),2018
GREEN SOCIAL WORK: From Environmental Crises to Environmental Justice,Lena Dominelli,2018
PANCHAYATI RAJ: A Study of Rural Local Government in India,Henry Maddick,2018
"TWO DECADES OF PANCHAYAT RAJ IN INDIA: Experiences, Issues,0
PANCHAYATI RAJ AND RESERVATION POLICY: Study of Impact of Reservation Policy on the Marginalised Sections of the Society,B.M. Sharma,2018
"SOCIAL JUSTICE: Theories, Issues and Movements",0
UNDERDEVELOPMENT AND NAXALISM IN INDIA: Reflexive Discourse and Debates,Smita Verma (ed),2018
RELIGIOUS DEMOGRAPHY OF INDIA: Myths and Realities,Lancy Lobo and Jayesh Shah (eds),2018
SOCIOLOGY OF HEALTH AND MEDICINE,Madhu Nagla,2018
SOCIOLOGY OF HEALTH AND MEDICINE,Madhu Nagla,2018
"WOMEN, VIOLENCE AND SOCIAL STIGMA: A Sociology of Burn Attacks",0
REVISITING TRIBAL STUDIES: A Glimpse After Hundred Years,M.C. Behera (ed.),2018
SOCIAL WORK IN GLOBALIZING WORLD: Practices and Challenges,Sanjoy Roy,2018
GENDER AND HISTORY,Rekha Pande (ed.),2018
"POPULATION, DEVELOPMENT AND ENVIRONMENT",0
HUMAN RIGHTS: Text and Context,Subhash Sharma,2018
POLITICAL ELITE AMONG SCHEDULED CASTES,"Aluri Sundar Kumar Das,0
"DISABILITY, REHABILITATION  AND SOCIAL WORK: The Indian Scenario",0
"FEMINIST POST-DEVELOPMENT THOUGHT: Rethinking Modernity, Post-Colonialism and Representation",0
"FEMINIST FUTURES: Reimagining Women, Culture and Development (Second Edition)",0
ANTHROPOLOGY AND DEVELOPMENT: Understanding Contemporary Social Change,Jean-Pierre Olivier de Sardan,2018
THE IDEA OF  SOCIAL STRUCTURE: Papers in Honor of Robert K. Merton,Lewis A. Coser (ed.),2018
RELEVANCE OF AMBEDKARISM IN INDIA (Second Edition),K.S. Chalam (ed.),2018
FEMALE JUVENILE DELINQUENCY,Saumya Shanker,2018
GENDER JUSTICE AND INCLUSION,Poornima Jain,2018
SOCIAL THEORY AND MODERNITY,Nigel Dodd,2018
INTRODUCTION TO CRITICAL THEORY: Horkheimer to Habermas,David Held,2018
GENDER (2nd Edition),Harriet Bradley,2018
DEVELOPMENT,Anthony Payne and Nicola Phillips,2018
MAX WEBER:An Intellectual Biography,Fritz Ringer,2018
THE LITTLE COMMUNITY AND PEASANT SOCIETY AND CULTURE,Robert Redfield,2018
POLITICAL SOCIOLOGY FOR A GLOBALIZING WORLD,Michael S. Drake,2018
TRADITIONAL INDIA: Structure and Change,Milton Singer (ed.),2018
HISTORY OF CASTE IN INDIA: Evidence of the Laws of Manu of the Social Conditions in India during the Third Century A.D.,S.V. Ketkar,2018
IDEAS FOR SOCIAL CHANGE: Life and Mission of Dr. Bindeshwar Pathak,S.P. Singh (ed.),2018
MIDDLE INDIA AND URBAN-RURAL DEVELOPMENT: Four Decades of Change,Barbara Harriss-White (ed.),2018
SOCIETY AND CULTURE IN INDIA: Their Dynamics through the Ages,"Indra Deva,0
CONTEMPORARY CULTURAL THEORY,"Andrew Milner,0
POPULATION: An Introduction to Concepts and Issues (12th Edition),John R. Weeks,2018
STATISTICS: A Tool for Social Research (10th Edition),Joseph F. Healey,2018
SOCIAL JUSTICE: Distributive Principles and Beyond ,M.P. Dube (ed.) ,2017
EDUCATING EX-CRIMINAL TRIBES: Issues and Concerns,Malli Gandhi ,2017
SOCIOLOGY FOR SOCIAL WORKERS (Second Edition),"Anne Llewellyn,0
RETHINKING TRIBE IN INDIAN CONTEXT: Realities Issues & Challenges ,Bidhan Kanti Das and Rajat Kanti Das (eds),2017
"GLOBALISATION, LEISURE AND SOCIAL CHANGE: Essays in Honour of Professor Ishwar P. Modi ",0
"URBANIZATION AND HOUSING: State, Market and Consumer ",0
"ENVIRONMENTAL SOCIOLOGY: Classical Foundations, Contemporary Insights ",0
DEMOGRAPHY: The Science of Population (Second Edition),Jay Weinstein and Vijayan K. Pillai,2017
WHAT IS A SOCIAL MOVEMENT?,Hank Johnston,2017
"CASTE, TRIBE AND GENDER: Politics of Self and the Other ",0
WHY SOCIAL JUSTICE MATTERS,Brian Barry,2017
THE SOCIOLOGY OF GLOBALIZATION,Luke Martell,2017
MEDIA SOCIOLOGY: A Reappraisal ,Silvio Waisbord (ed) ,2017
POLICY RESPONSES TO SOCIAL EXCLUSION: Towards Inclusion?,Janie Percy-Smith (ed.),2017
TRIBAL LAND QUESTION: Case of Andhra Pradesh,Palla Trinadha Rao ,2017
ANTHROPOLOGY AND HUMAN RIGHTS,Buddhadeb Chaudhuri and Subir Biswas (eds),2017
RIGHT TO EDUCATION AND SCHOOLING,Deepa Idnani (ed.),2017
RURAL DEVELOPMENT: Theories of peasant economy and agrarian change ,John Harriss (ed.) ,2017
HUMAN DEVELOPMENT AND DISPARITIES: Issues and Concerns for Northeast India ,Anupam Hazra (ed.),2017
"MODERNITY, ETHNICITY AND DEVELOPMENT",0
DALIT PARADIGM: Concept and Theory Building ,Priti Nath Saxena,2017
POPULATION ISSUES: Studies from Uttar Pradesh and Bihar,"Harihar Sahoo,0
RETHINKING PANCHAYATI RAJ,Sanhita Joshi,2017
"MIGRATION, IDENTITY AND CONFLICT: Lived Experience of Northeasterners in Delhi",0
STRATIFICATION AND SOCIAL CHANGE AMONG TRIBALS: An Anthropological Study among the Sherdukpens of Arunachal Pradesh,Rinchin Megejee,2017
LEISURE AND LIFE THROUGH THE AGES: Studies from Europe ,Ishwar Modi and Teus J. Kamphorst (eds),2017
SOCIAL THEORY AND SOCIAL STRUCTURE: Revised and Enlarged Edition,Robert K. Merton,2017
THE SOCIOLOGY OF SCIENCE: Theoretical and Empirical Investigations ,Robert K. Merton,2017
THE NEW MEDIA THEORY READER,Robert Hassan and Julian Thomas (eds),2017
PROTEST: A Cultural Introduction to Social Movements,James M. Jasper,2017
TRIBAL SITUATION IN INDIA: Issues and Development (Second Revised Edition),Vidyut Joshi and Chandrakant Upadhyaya (eds),2017
"GENDER, PATRIARCHY AND VIOLENCE: The Case of Punjab and Haryana",0
PRACTICE OF SOCIAL RESEARCH: Social Work Perspective (Second Edition),D.K. Lal Das,2017
PRACTICE OF SOCIAL RESEARCH: Social Work Perspective (Second Edition),D.K. Lal Das,2017
WATER AND HEALTH,Alpana Kateja (ed.),2017
GENDER IMPLICATIONS OF TRIBAL CUSTOMARY LAW: The Case of North-East India,"Melvil Pereira,0
THE VITALITY OF INDIA: A Regional Perspective,Gopal Krishan,2017
"CITIZENSHIP, NATIONALITY AND ETHNICITY: Reconciling Competing Identities",0
EDUCATION AND SOCIETY: Issues and Explanations in the Sociology of Education,Rob Moore,2017
ANALYSING COMMUNITY WORK: Theory and Practice (Second Edition),Keith Popple,2017
EMERGING CHALLENGES OF GLOBALIZATION AND DEVELOPMENT,Surinder Kumar and Fahimuddin (Eds),2017
GENDER AND MANAGEMENT: International Perspectives,Sita Vanka (Ed.),2017
FEMINIST CRITICISM: Women as Contemporary Critics,Maggie Humm,2017
MEDIA & SOCIETY: Critical Perspectives (Second Edition),Graeme Burton,2017
SOCIAL POLICY: An Introduction (4th Edition),Ken Blakemore and Louise Warwick-Booth,2017
GLOBALIZATION AND HEALTH (Second Edition),Johanna Hanefeld (ed.),2017
METHODOLOGIES IN SOCIAL RESEARCH,"Ronald Yesudhas,0
MAPPING INDIAN DIASPORA: Contestations and Representations,Ajaya K. Sahoo (ed.),2017
THE BACKGROUND TO CONTEMPORARY CRITICAL THEORY: From Kant to Levi Strauss,Jon Simons (ed.),2017
VILLAGE INDIA: Studies in the Little Community ,McKim Marriott (ed.),2017
FAITH MOVEMENTS AND SOCIAL TRANSFORMATION: Guru Charisma in Contemporary India,Samta P. Pandya,2017
TRIBAL STUDIES AND BEYOND: Contributions of D.N. Majumdar to Indian Anthropology,H.S Saksena,2017
"HEALTH, HUMAN RIGHTS AND ETHICS: : The Sociological Study in Hospital Setting",0
"DALIT MIDDLE CLASS: Mobility, Identity and Politics of Caste",0
SOCIETY AND DEVELOPMENT:  Regional Perspectives,Surjit Singh and Dhruv Raina (eds),2016
TRIBAL SELF-GOVERNANCE: PESA and Its Implementation,Nupur Tiwari (Ed.) ,2016
MEDICAL SOCIOLOGY,M. Thamilarasan,2016
BUSINESS ETHICS AND CORPORATE SOCIAL RESPONSIBILITY: A Comparative Study of Selected Mega Marts in Jaipur City,Sanju Sharma ,2016
INDIAN SOCIETY AND CULTURE,Vinita Pandey,2016
"CONTEMPORARY GENDER ISSUES: Identity, Status and Empowerment ",0
SOCIAL MOVEMENTS IN TRIBAL INDIA,S.N. Chaudhary (Ed.),2016
INDIAN SOCIETY AND CULTURE,Vinita Pandey,2016
"WOMEN, MEDIA AND VIOLENCE",0
"ENVIRONMENTAL MOVEMENTS, STATE AND CIVIL SOCIETY",0
POLITICS OF THE UNTOUCHABLES:  Congress and the Bhangis: A Socio-Political Analysis,Shyam Lal,2016
WIDOWS IN INDIA: Study of Varanasi and Vrindavan,Bindeshwar Pathak and Satyendra Tripathi,2016
GENDER DISCRIMINATION AND DEVELOPMENT PARADOX,Neerja Ahlawat (Ed.),2016
MARRIAGE AND FAMILY IN INDIA: Trends and Emerging Challenges,Jasmeet Sandhu (Ed.),2016
POVERTY AND INEQUALITY: The Problem of Structural Inequality (Second Edition),Edward Royce,2016
MAX WEBER: An Intellectual Portrait ,Reinhard Bendix,2016
RESEARCH METHODS FOR CULTURAL STUDIES ,Michael Pickering (ed),2016
WOMEN EMPOWERMENT AND DEVELOPMENT: Readings from Asia,Sameera Maiti (Ed.),2016
SEXUAL ABUSE OF GIRL CHILDREN: Some Hidden Facts,Rama Achyut Pande,2016
"MAPPING LEISURE: Studies from Australia, Asia and Africa",0
GLOBALIZATION AND LITERATURE,Suman Gupta,2016
GLOBALIZATION: Key Thinkers,Andrew Jones,2016
EQUATING GENDER: Explorations in the Asia-Pacific,Divya Upadhyaya Joshi and Chompoonuh K. Permpoonwiwat (Eds),2016
"URBANISATION, ENVIRONMENTAL DEGRADATION & QUALITY OF LIFE",0
"POPULATION, HEALTH AND ENVIRONMENT",0
CLASSICAL SOCIOLOGICAL THEORY (Sixth Edition),George Ritzer ,2016
MODERN SOCIOLOGICAL THEORY (Seventh Edition),George Ritzer,2016
SOCIOLOGY OF AGEING: A Reader,"Ajaya Kumar Sahoo,0
THE EMERGENCE OF SOCIOLOGICAL THEORY,"Jonathan H. Turner,0
THE BASICS OF SOCIAL RESEARCH ,Earl Babbie,2015
GENDER LENS: Womens Issues and Perspectives,Rekha Pande (Ed.) ,2015
"TRIBAL WOMEN: Yesterday, Today and Tomorrow",0
"GENDER, IDENTITY AND MULTIPLE MARGINALITIES: Essays in Honour of Professor Yogendra Singh",0
WOMEN IN CONTEMPORARY INDIAN SOCIETY,Seema Pandey,2015
"CRIMINALISATION OF POLITICS: Caste, Land and the State",0
"DECENTRALIZING RURAL GOVERNANCE AND DEVELOPMENT: Perspectives, Ideas and Experiences",0
HUMAN RIGHTS & THE THIRD WORLD: Issues and Discourses,"Subrata Sankar Bagchi,0
THE HINDU FAMILY IN ITS URBAN SETTING,Aileen D. Ross,2015
A THEORY OF POVERTY AND SOCIAL EXCLUSION,Bill Jordan,2015
KEY ISSUES IN DEVELOPMENT STUDIES: From the Local to the Global,Gerard McCann And Stephen McCloskey (Eds),2015
"DIASPORA, DEVELOPMENT AND DISTRESS: Indians in the Persian Gulf",0
SOCIOLOGY OF EDUCATION IN INDIA,N. Jayaram,2015
"ALCOHOLISM, FAMILY AND SOCIAL WORK PRACTICE",0
SOCIAL DEVELOPMENT IN ASIA: Diversity and Implications,Murli Desai ,2015
CASTE DISCRIMINATION,Jagan Karade (Ed.),2015
GENDER IN THE MARKET ECONOMY,Sudeshna Mukherjee (Ed.) ,2015
CASTE-BASED EXCLUSION,Jagan Karade (Ed.) ,2015
DEVELOPMENT AND ITS DISCONTENTS,Subhash Sharma ,2015
"GLOBALIZATION AND ENVIRONMENT: Discourse, Policies and Practices ",0
CRISES OF SOCIAL TRANSFORMATION IN INDIA,S.R. Ahlawat & Neerja Ahlawat (Eds) ,2015
HOUSING FOR THE URBAN POOR IN DEVELOPING COUNTRIES,"Brian C. Aldrich,0
"GENDER AND DIVERSITY: India, Canada and Beyond ",0
WOMEN AND MICROFINANCE: Prospects and Challenges ,Amit Kumar ,2015
INDIAN DIASPORA: Between Modernity & Tradition ,Paramjit S. Judge (ed.),2015
CONTEMPORARY CRITICAL THEORISTS : From Lacan to Said,Jon Simons (ed.) ,2015
THEORIES OF MULTICULTURALISM: An Introduction,George Crowder,2015
MINORITY RIGHTS: Between Diversity and Community ,Jennifer Jackson Preece ,2015
SOCIAL WORK IN HEALTH AND AGEING: Global Perspectives ,"Barbara Berkman,0
MIGRATION: The Boundaries of Equality and Justice ,Bill Jordan and Frank D,2015
DEVELOPMENT STUDIES,Jeffery Haynes ,2015
"CLASSICAL SOCIAL THEORY AND MODERN SOCIETY: Marx, Durkheim,0
DEVELOPMENT AND DISCONTENT IN TRIBAL INDIA,Yatindra Singh Sisodia and Tapas Kumar Dalapati (Eds) ,2015
"CRITICAL RURAL THEORY: Structure, Space,0
WOMEN'S HUMAN RIGHTS: Seeking Gender Justice in a Globalizing Age,Niamh Reilly ,2015
"IN DEFENCE OF SOCIOLOGY: Essays, Interpretations & Rejoinders ",0
RELOCATING WOMENS EQUALITY,Pankaj Kumar and Sadhna Gupta (Eds),2015
SOCIAL WORK AND HUMAN RELATIONS,H.Y. Siddiqui ,2015
MAPPING SUBALTERN STUDIES AND THE POSTCOLONIAL,Vinayak Chaturvedi (Ed.) ,2015
SOCIAL DEVELOPMENT IN INDIA: Critical Assessment,Chhaya Patel ,2015
IMAGINED COMMUNITIES: Reflections on the Origin and Spread of Nationalism,Benedict Anderson,2015
SOCIAL ADMINISTRATION,Roger A. Lohmann and Nancy Lohmann ,2015
NON-GOVERNMENTAL ORGANIZATIONS: Origin and Development,"Suresh Chandra,0
RETHINKING SOCIOLOGY: A Critique of Contemporary Theory ,Irving M. Zeitlin ,2015
STRUCTURE & CHANGE IN INDIAN SOCIETY,"Milton Singer,0
CRIMINOLOGY,Ram Ahuja,2015
CRIMINOLOGY,Ram Ahuja,2015
THE MAKING OF SOCIOLOGY: A Study of Sociological Theory (2 Volume Set) ,Ronald Fletcher,2015
UNITY IN DIVERSITY: The Indian Experience in Nation-Building,M.S. Gore,2015
"CASTE, MARRIAGE AND INEQUALITY: Studies from North and South India",0
THE PRACTICE OF SOCIAL RESEARCH,Earl Babbie,2014
SOCIOLOGY OF HEALTH,Mohammad Akram,2014
WOMEN'S VULNERABILITY TO HIV/AIDS,"S.K. Singh,0
UNDERSTANDING URBAN POVERTY IN INDIA: Experiences from Mumbai ,Olivier Brito and Aditya Singh (Eds.) ,2014
SUSTAINABLE DEVELOPMENT: Local Issues and Global Agendas,R.B. Patil ,2014
INDIA BETWEEN TRADITION AND MODERNITY,"Joanna Kurczewska,0
"SOCIOLOGY AND ENVIRONMENTAL SUSTAINABILITY: A Study of Fragile Ecology, Health Risks and Population Pangs ",0
"GLOBALISATION, DIASPORA AND BELONGING: Exploring Transnationalism and Gujarati Identity ",0
"GOVERNANCE, DEVELOPMENT,0
INDIAN VILLAGE: A Conceptual History ,Manish Thakur,2014
MODERNITY AND ETHNIC PROCESSES IN INDIA,D.V. Kumar (Ed.),2014
RESOURCES AND REGIONAL DEVELOPMENT IN INDIA: Festschrift in Honour of Professor Baleshwar Thakur,"Rameshwar Thakur,0
"POLITY, CIVIL SOCIETY AND DEVELOPMENT: Modernization,0
SOCIAL THEORY AND MODERN SOCIOLOGY,Anthony Giddens,2014
THE SURVEY METHODS WORKBOOK,"Alan Buckingham,0
GLOBALIZATION AND POSTCOLONIALISM: Hegemony and Resistance in the Twenty-first Century,Sankaran Krishna,2014
NEW ROUTES FOR DIASPORA STUDIES,"Sukanya Banerjee,0
RETHINKING URBAN DEVELOPMENT: Exploring Cosmopolitanism and Regionalism in Post-Industrial Cities,Vinita Pandey,2014
UNIVERSAL HUMAN RIGHTS: In Theory and Practice,Jack Donnelly,2014
HABERMAS: Introduction and Analysis,David Ingram,2014
"AN INTRODUCTION TO SOCIAL AND CULTURAL ANTHROPOLOGY: Small Places, Large Issues",0
URBANIZATION AND RELIGIOUS TOLERANCE : Study of Hindu-Muslim Interactions in Varanasi,Anupama Pandey,2014
POLITICS AND RELIGION IN CONTEMPORARY INDIA,Ishwar Modi (Ed.),2014
ANTHROPOLOGY & HEALTH ISSUES,"Buddhadeb Chaudhuri,0
"RESOURCES, TRIBES AND DEVELOPMENT: Competing Interests and Contours of Possibilities",0
SOCIOLOGY OF EDUCATION,"B.V. Shah,0
SOCIOLOGY OF POSTMODERNISM,Scott Lash,2013
"CITIES IN GLOBALIZATION: Practices, Policies and Theories",0
CLUSTERS IN URBAN AND REGIONAL DEVELOPMENT,"Andy Cumbers,0
"SOCIAL DEVELOPMENT, SOCIAL INEQUALITIES,0
SIKH DIASPORA : Legal Pluralism and Dispute Settlement ,Prit Paul,2013
"STATE, CIVIL SOCIETY AND RIGHT TO EDUCATION",0
WRITING SOCIETY THROUGH MEDIA: Ethnography of a Hindi Daily  ,Per Stahlberg,2013
HINDUISM AND THE DIASPORA ,P. Pratap Kumar ,2013
"MIGRATION IN INDIA : Links to Urbanization, Regional Disparities and Development Policies ",0
POVERTY AND SOCIAL EXCLUSION IN INDIA : Issues and Challenges ,Aparajita Chattopadhyay (Ed.) ,2013
"URBAN DEVELOPMENT AND GOVERNANCE : Issues, Concerns and Challenges ",0
ABORTION IN INDIA: Myth and Reality,S.G. Kabra,2013
"MARGINALITY, EXCLUSION AND SOCIAL JUSTICE ",0
"EDUCATION, RELIGION AND CREATIVITY",0
PANCHAYATS AND BUILDING OF MODEL VILLAGES,M.V. Rao and E. Venkatesu (Eds),2013
"EXCLUSION, DISCRIMINATION AND STRATIFICATION : Tribes in Contemporary India",0
CULTURE AND ECONOMIC TRANSFORMATION,"Surjit Singh,0
CONTEMPORARY SOCIOLOGY,H.K. Rawat,2013
CONTEMPORARY SOCIOLOGY,H.K. Rawat,2013
CROSS-CULTURAL RESEARCH METHODS ,Carol R. Ember and Melvin Ember ,2013
AGEING AND ELDER ABUSE: A Study in Kerala,Daliya Sebastian,2013
SOCIOLOGY OF DISPLACEMENT: Policies and Practice,"Sakarama Somayaji,0
SOCIAL THEORY: The Multicultural and Classic Readings ,Charles Lemert (Ed.),2013
SOCIAL WORK AND DRUG USE,"Ian Paylor,0
SOCIAL WORK AND SOCIAL DEVELOPMENT,Shweta Singh (Ed.),2013
CLASS AND STRATIFICATION: (Third Edition),Rosemary Crompton,2013
SOCIOLOGY OF LITERATURE,Subhash Sharma,2013
INDIAN SOCIOLOGICAL THOUGHT (Second Edition),B.K. Nagla,2013
INDIAN SOCIOLOGICAL THOUGHT (Second Edition),B.K. Nagla,2013
CASTE AND CLASS IN INDIA,K.L. Sharma (Ed.),2012
GLOBAL PERSPECTIVES ON GENDER AND WORK: Readings and Interpretations,Jacqueline Goodman (Ed.),2012
EXPLORATIONS IN CULTURAL ANTHROPOLOGY ,Colleen E. Boyd and Luke Eric Lassiter (eds.),2012
INDUSTRIAL SOCIOLOGY,Narendar Singh,2012
MACRO SOCIAL WORK PRACTICE: A Strengths Perspective  ,"Dennis D. Long,0
TRADE LIBERALIZATION AND INDIAN AGRICULTURE ,Seema Bathla,2012
LEISURE & TOURISM: Cultural Paradigms,John Dodd and Veena Sharma (eds.),2012
INDUSTRIAL GROWTH AND EMPLOYMENT ,Gursharan Bhalla Rastogi,2012
STUDIES IN SOCIAL AND PHYSICAL ANTHROPOLOGY ,Gopala Sarana and R.P. Srivastava (Eds.),2012
BHARAT MAIN MANAV ADHIKAR: Human Rights in India (Hindi)  ,Dharmendra Singh,2012
DEVELOPMENT AND ITS HUMAN COST ,Anthony dias,2012
TOTAL QUALITY SERVICE IN HEALTHCARE ,Usha Manjunath,2012
INTERROGATING DEVELOPMENT: Discourses on Development in India Today,Biswajit Ghosh (ed.),2012
MICHEL FOUCAULT: Key Concepts,Dianna Taylor (ed.),2012
PIERRE BOURDIEU: Key Concepts,Michael Grenfell (ed.),2012
UNDERSTANDING POSTSTRUCTURALISM ,James Williams,2012
UNDERSTANDING FEMINISM ,Peta Bowden and Jane Mummery,2012
UNDERSTANDING POSTCOLONIALISM ,Jane Hiddleston,2012
SOCIAL CHANGE AND DEVELOPMENT ,D.V. Kumar (Ed.),2012
SOCIOLOGY OF RELIGION (Fifth Edition),Meredith B. McGuire,2012
THEODOR ADORNO: Key Concepts,Deborah Cook (ed.),2012
VULNERABILITY AND GLOBALISATION Perspectives and Analyses from India,N. Jayaram and D. Rajasekhar (eds.),2012
AUDOYOGIK SAMAJSHASTRA (Industrial Sociology) (Hindi) ,Viswanath Jha,2012
AUDOYOGIK SAMAJSHASTRA (Industrial Sociology) (Hindi) ,Viswanath Jha,2012
SOCIOLOGICAL WRITINGS ,Wolf Heydebrand (Ed),2012
THE SHORT GUIDE TO COMMUNITY DEVELOPMENT ,Alison Gilchrist and Marilyn Taylor,2012
GLOBALIZATION: The Reader,John Beynon and David Dunkerley (eds),2012
"MODERNIZATION, GLOBALIZATION AND SOCIAL TRANSFORMATION ",0
"MALE IMAGE, FEMALE GAZE: Men in Shashi Deshpande",0
BUREAUCRACY AND POLITICS ,Mohammed Ali Rafath,2012
"GLOBALIZATION, GROWTH AND EMPLOYMENT: Challenges and Opportunities",0
"GENDER, SOCIAL CHANGE AND THE MEDIA ",0
SOCIETY AND CULTURE: S.P. NAGENDRA,C. Lakshmanna and Jugendra Sahai (Eds.),2012
MASTERS OF SOCIOLOGICAL THOUGHT: Ideas in Historical and Social Context,Lewis A. Coser,2012
MASTERS OF SOCIOLOGICAL THOUGHT: Ideas in Historical and Social Context,Lewis A. Coser,2012
PERSPECTIVES ON SOCIAL DEVELOPMENT ,Richard Pais (Ed.),2012
CHANGING WORLDS CHANGING NATIONS: The Concept of Nation in the Transnational Era,Joel Kuortti and Om Prakash Dwivedi (Eds.),2012
HUMAN DEVELOPMENT STRATEGY OF MGNREGA ,John Joseph Puthenkalam and M.K. George,2012
CHANGING VILLAGE INDIA,Brij Raj Chauhan and A. Satyanarayana (Eds),2012
"GLOBALISATION, DEVELOPMENT AND CULTURE",0
SOCIOLOGY AND BEYOND: Windows and Horizons,Ananta Kumar Giri,2012
BIO-CULTURAL DEVELOPMENT OF SCHEDULED TRIBES: Policies and Issues,"P.K. Misra,0
GLOBALIZATION AND SOCIAL CHANGE,Ellina Samantroy and Indu Upadhyay,2012
PRACTICING SOCIOLOGY: Selected Fields,Robert A. Dentler,2012
WHAT IS CULTURAL STUDIES: A Reader,John Storey (ed.),2012
"THE INEQUALITY READER: Contemporary and Foundational Readings in RACE, CLASS,0
ESSENTIAL STATISTICS FOR SOCIAL RESEARCH (Revised and Updated - Second Edition),Michael A. Malec,2012
CASTE AND CLASS IN INDIA,K.L. Sharma (Ed.),2012
WOMENS LIBERATION: The Arya Samaj Movement in India,Sangeeta Sharma,2011
PATTERNS IN PHILOSOPHY AND SOCIOLOGY OF RELIGIONS ,Mihaela Gligor and Sherry Sabbarwal (Eds),2011
AGEING: An Interdisciplinary Approach,Sarjoo Patel and Veena Gandotra (Eds),2011
SOCIOLOGICAL THEORY  (5th edition),George Ritzer,2011
URBAN SOCIOLOGY: Images & Structure (Fifth Edition),William G. Flanagan,2011
APPLYING SOCIAL STATISTICS: An Introduction to Quantitative Reasoning in Sociology,Jay Alan Weinstein,2011
MAKING SENSE OF SOCIAL THEORY: A Practical Introduction (2nd Edition),Charles H. Powers,2011
SOCIAL CHANGE (3rd edition),Jay Weinstein,2011
CHANGING INDIAN SOCIETY,Yogesh Atal,2011
RURAL DEVELOPMENT: Concept and Recent Approaches ,A. Thomas William and A.J. Christopher,2011
ATROCITIES AGAINST SCHEDULED CASTES AND SCHEDULED TRIBES ,G.S. Narwani,2011
GANDHI'S VISION OF SOCIAL TRANSFORMATION ,Malabika Pande,2011
"POLLUTION, UNTOUCHABILITY AND HARIJANS ",0
FICTION AND SOCIETY: Narrativisation of Realities in the Novels of Shashi Deshpande and Githa Hariharan,Sarita Prabhakar,2011
"POPULATION, GENDER AND REPRODUCTIVE HEALTH ",0
"WOMEN, RELIGION AND TRADITION: The Cult of Jogins,0
"GLOBALIZATION, CONSUMER CULTURE AND IDENTITY: The Middle Class in a Postmodern Society",0
"HEALTH, CULTURE AND SOCIETY ",0
"CULTURE, STRATIFICATION AND DEVELOPMENT ",0
BACKWARD CLASSES AND SOCIAL JUSTICE ,MH Makwana and Richard Pais (Eds.),2011
VALUE EDUCATION AND SOCIAL TRANSFORMATION ,Naina Sharma (Ed.),2011
LAW FOR WATER MANAGEMENT: A Guide to Concepts and Effective Approaches,"Jessica Vapnek,0
SOCIAL TRANSFORMATION AND DEVELOPMENT: In the Context of Globalization,Bhimasen Hantal,2011
GLOBALIZATION AND GROWTH: Implications for a Post-Crisis World,Michael Spence | Danny Leipziger (Eds.),2011
EDUCATION AND TEACHER PROFESSIONALISM ,Sthabir Khora,2011
"ADIVASI BHARAT : EK SAMAJIK, SANSKRITIK AIVAM VIKASATMAK VIVECHAN (Hindi) : Tribal India: Social,0
SOCIAL THEORY ,Paul Ransome,2011
AN INTRODUCTION TO ANTHROPOLOGICAL THEORIES AND THEORISTS (3rd edition),Jerry D. Moore,2011
BHARTIYA RAJNITI MEIN KSHETRIYA DAL (Regional Party in Indian Politics) (Hindi) ,Ratnesh Kumar Misra,2011
INSTRUMENTS OF SOCIAL RESEARCH ,Jaspal Singh,2011
AGEISM AND ELDER ABUSE ,Lynn McDonald and K.L. Sharma (Eds.),2011
"VIOLENCE IN MEDIA AND SOCIETY: Literature, Film and TV",0
"KASHMIR: CONTESTED IDENTITY: Closed Systems, Open Choices",0
DISTRESS MIGRATION AND LEFT BEHIND WOMEN A Study of Rural Bihar,Archana K. Roy,2011
CONTEMPORARY FEMINIST THEORIES ,Stevi Jackson and Jackie Jones (Eds.),2011
SOCIAL WORK AND SOCIAL WORK EDUCATION ,M.S. Gore,2011
GLOBALIZATION AND GENDER ,Sumita Sarkar and Manjari Srivastava (Eds),2011
MAHILA AARAKSHAN AIVAM BHARTIYA SAMAJ (Women Reservation and Indian Society) (Hindi) ,Harimohan Dhavan and Arun Kumar,2011
THE GLOBALIZATION TURBULENCE: Emerging Tensions in Indian Society,Prashant Kumar Trivedi (Ed.),2011
POLITICAL SOCIOLOGY: A Critical Introduction,Keith Faulks,2011
GLOBAL SOCIAL MOVEMENTS ,Robin Cohen and Shirin M. Rai,2011
WHAT IS THEORY?: Cultural Theory as Discourse and Dialogue,Peter V. Zima,2011
AN INTRODUCTION TO APPLYING SOCIAL WORK THEORIES AND METHODS ,Barbra Teater,2011
GENDER AND DEVELOPMENT IN INDIA: Current Issues,U. Kalpagam,2011
DESIGNS OF SOCIAL RESEARCH,D.K. Lal Das,2011
UNTOUCHABLES CASTES IN INDIA: The Raigar Movement (1940-2004),Shyamlal,2010
SOCIOLOGY: Basic Concepts,H.K. Rawat,2010
"RELIGIOUS SECTS AND SOCIAL DEVELOPMENT: A Comparative Study of Jains, Christians and Sikhs",0
STATE AND GLOBALIZATION ,Roop Singh Bareth and Damyanti Gupta (Eds.),2010
RETHINKING RELIGION ,Soumyajit Patra (Ed.),2010
AGEING AND HEALTH IN INDIA ,C. Shanthi Johnson and S. Irudaya Rajan (Eds.),2010
SOCIAL POLICY: Themes and Approaches,Paul Spicker,2010
THE ANTHROPOLOGY OF GLOBALIZATION: Cultural Anthropology Enters the 21st Century,Ted C. Lewellen,2010
"DEBATING NEW SOCIAL MOVEMENTS: Culture, Identity,0
"HUMAN DEVELOPMENT, WELL-BEING & GLOBALIZATION ",0
"CULT, RELIGION AND SOCIETY: Polyandrous People of Western Himalaya",0
STUDIES IN SOCIAL PROTEST ,Shyamlal,2010
GLOBALIZATION AND CHANGE: Perspectives from Punjab (Essays in Honour of Prof. S.S. Gill),"Ranjit Singh Ghuman,0
URBANIZATION AND GROWTH: Commission on Growth and Development,"Michael Spence,0
"THEORIES OF DEVELOPMENT: Contentions, Argument,0
HIV AND AIDS IN SOUTH ASIA: An Economic Development Risk,The World Bank,2010
JATI VYAVASTHA (Caste System) (Hindi) ,Sunil Kumar Singh,2010
GLOBALIZATION AND HUMANITY ,Samir Dasgupta,2010
SOCIOLOGY IN INDIA: Intellectual and Institutional Practices,Maitrayee Chaudhuri (Ed.),2010
I. P. DESAI: A Pioneering Indian Sociologist,Ragini P. Shah,2010
GRAM PANCHAYAT LEADERSHIP: The Grassroots Realities of Select Districts of Madhya Pradesh,Nalini Rewadikar,2010
SOCIOLOGY OF DEVELOPMENT ,Sheobahal Singh,2010
CHANGING DALITS: Exploration Across Time,Paramjit S. Judge,2010
"SOCIAL EXCLUSION, INTEGRATION AND INCLUSIVE POLICIES ",0
MANAGING QUALITY IN HEALTH CARE ,P.R. Sodani,2010
POSTMODERNISM AND GANDHI ,Upasana Pandey,2010
TRIBAL ECONOMY AT CROSSROADS ,S.N. Chaudhary (Ed.),2010
KOREAN LEISURE: From Tradition to Modernity,Erwei Dong and Jouyeon Yi-Kook (Eds.),2010
ADIVASI VIKAS AIVAM GAIR-SARKARI SANGATHAN (Tribal Development and NGOs) (Hindi) ,Udai Singh Rajput,2010
GLOBALIZATION: Key Ideas ,Malcolm Waters,2010
AN INTRODUCTION TO SUSTAINABLE DEVELOPMENT  (Third Edition),Jennifer A. Elliott ,2010
LITERATURE AND GLOBALIZATION: A Reader,Liam Connell and Nicky Marsh (Eds.),2010
SOCIOLOGY: Basic Concepts,H.K. Rawat,2010
ADHUNIKTA AIVAM NARI SASHAKTIKARAN (Modernization and Women),V.N. Singh and Janmejya Singh,2010
PERSPECTIVES ON SOCIAL STRATIFICATION ,K.L. Sharma,2010
PERSPECTIVES ON SOCIAL STRATIFICATION ,K.L. Sharma,2010
SOCIOLOGY OF DEVELOPMENT ,Sheobahal Singh,2010
SOCIOLOGY IN INDIA: Intellectual and Institutional Practices,Maitrayee Chaudhuri (Ed.),2010
THEMES IN SOCIAL STRATIFICATION AND MOBILITY: Essays in Honour of Prof K.L. Sharma,"Ishwar Modi,0
INFORMAL SECTOR IN INDIAN ECONOMY: The Way Ahead,Dipa Mukherjee,2009
"GENDER, SOCIAL STRUCTURE AND EMPOWERMENT: Status Report of Women in India",0
KEY ISSUES IN CRITICAL & CULTURAL THEORY ,Kate McGowan,2009
SOCIAL EXCLUSION (2nd Edition) ,David Byrne,2009
PERSPECTIVES ON ECONOMIC DEVELOPMENT AND SOCIAL CHANGE: Essays in Honour of Professor K.S. Chalam,Yagati Chinna Rao (Ed.),2009
DEVELOPMENT ISSUES ,P. Vijayalakshmi Reddy (Ed.),2009
"PANCHAYATI RAJ, PARTICIPATION AND DECENTRALIZATION ",0
DIVIDING DALITS: Writings on Sub-Categorisation of Scheduled Castes,Yagati Chinna Rao (Ed.),2009
GLOBALIZATION AND MARKET OUTCOMES: Strategic Evidences,V. Kurien Baby,2009
"UDARIKARAN, BHOOMANDLIKARAN AIVAM DALIT (Liberalization,0
RETHINKING RADICALISM IN INDIAN SOCIETY: Bhagat Singh and Beyond,"Jose George,0
THE DILEMMAS OF DEVELOPMENT WORK: Ethical Challenges in Regeneration,"Paul Hoggett,0
SOCIAL WORK: Making a Difference,Viviene Cree and Steve Myers,2009
MAKING SENSE OF SOCIAL MOVEMENTS ,Nick Crossley,2009
TRIBALS AND MODERN AGRICULTURE: Dynamics of Fertiliser Use in Madhya Pradesh,D.C. Sah,2009
THEORY & PRACTICE OF ETHNOGRAPHY: Readings from the Periphery,Eswarappa Kasi and Ramesh C. Malik (Eds.),2009
SOCIAL DIMENSIONS OF HEALTH,Ajit K. Dalal and Subha Ray (Eds.),2009
PANCHAYATI RAJ INSTITUTIONS AND RURAL DEVELOPMENT: Narratives on Inclusion of Excluded,B.C. Barik and U.C. Sahoo (Eds.),2009
"URBANIZATION, DISPLACEMENT AND REHABILITATION: A Study of People Affected by Land Acquisition ",0
DIMENSIONS OF AGEING: Indian Studies,K.L. Sharma (Ed.),2009
SOCIAL RESEARCH,Tim May,2009
SOCIAL WORK PRACTICE: Religio-Philosophical Foundations ,Chhaya Patel (Ed.),2009
URBAN COMMUNITY DEVELOPMENT (2nd Ed.) ,Jacob Z. Thudipara ,2008
TOWARDS SOCIAL DEVELOPMENT: C.D. Deshmukh Memorial Lectures,K.S. Bhat (Ed.),2008
REPRODUCTIVE HEALTH IN INDIA: New Evidence,"Michael A. Koenig,0
SELF-DEVELOPMENT AND SOCIAL TRANSFORMATIONS?: The Vision and Practice of the Self-Study Mobilization of Swadhyaya,Ananta Kumar Giri,2008
GENDER CONCERNS IN SOUTH ASIA: Some Perspectives,"Manjeet Bhatia,0
"VOLUNTARY SECTOR AND RURAL DEVELOPMENT: Concept, Practice and a New Approach to Remove Rural Poverty",0
RE-DEFINING FEMINISMS ,Ranjana Harish and V. Bharathi Harishankar (Eds.),2008
GANDHIAN PROTEST ,B. Arun Kumar,2008
INDIGENOUS SCIENCE & TECHNOLOGY FOR SUSTAINABLE DEVELOPMENT ,V. Subramanyam (Ed.),2008
"POLITICISATION OF HINDU RELIGION IN POSTMODERN INDIA: An Anatomy of the Worldwides, Identities and Strategies of Hindu Nationalists in Bharatiya Janata Party",0
SOCIOLOGY OF ADOPTION ,Elfreeda Momin,2008
TRAPPED IN POVERTY: Chronic Poor in Remote Tribal Areas,D.C. Sah and Ashish Bhatt,2008
GOVERNANCE AND THE GOVERNOR ,V.S. Singh,2008
PANCHAYATI RAJ SYSTEM AND DEVELOPMENT PLANNING: The Case of Sikkim,Hariprasad Chhetri,2008
DOING SOCIAL RESEARCH ,Leonard Cargan ,2008
REGULATING GLOBALIZATION: Critical Approaches to Global Governance,Pierre de Senarclens and Ali Kazancigil (Eds.),2008
RECONSTRUCTING IDENTITIES: Society Through Literature,Paramjit S. Judge and Gurpreet Bal (Eds.),2008
INFRASTRUCTURE AND DEVELOPMENT IN INDIA: Interlinkages and Policy Issues,Rajarshi Majumder,2008
AMBEDKAR AND DALIT MOVEMENT: Special Reference to Rajasthan,Shyamlal,2008
ENTERING THE GLOBAL VILLAGE: Essays on the Sociology of Communication,Yogesh Atal,2008
CHALLENGES IN HUMAN RIGHTS: A Social Work Perspective,Elisabeth Reichert (Ed.),2008
"MANAGING CHANGE, ORGANISATIONAL BEHAVIOUR AND HRD ",0
EMERGING TRIBAL IDENTITY: A Study of Minas of Rajasthan,S.L. Sharma,2008
"AMBEDKAR ON LAW, CONSTITUTION AND SOCIAL JUSTICE ",0
DESIGNS OF SOCIAL RESEARCH ,D.K. Lal Das,2008
CHANGING INDIAN SOCIETY ,Yogesh Atal,2008
CHILD DEVELOPMENT ,Shyam Sunder Shrimali,2008
CHILD DEVELOPMENT ,Shyam Sunder Shrimali,2008
POSTMODERN PERSPECTIVES ON INDIAN SOCIETY ,S.L. Doshi,2008
POSTMODERN PERSPECTIVES ON INDIAN SOCIETY ,S.L. Doshi,2008
"AMBEDKAR IN RETROSPECT: Essays on Economics, Politics & Society",0
"POVERTY, SOCIAL CAPITAL AND NATURAL RESOURCE MANAGEMENT ",0
DISABILITY AND SOCIAL EXCLUSION IN RURAL INDIA ,Insa Klasing,2007
BEYOND HINDUTVA ,S.L. Verma,2007
LAWS FOR DALIT RIGHTS AND DIGNITY ,A. Ramaiah,2007
UNDERSTANDING THE POLICY PROCESS: Analysing Welfare Policy and Practice,John Hudson and Stuart Lowe,2007
HEALTH DYNAMICS AND MARGINALISED COMMUNITIES ,Mohammad Akram (Ed.),2007
CONSTRUCTING DALIT IDENTITY ,C. Joe Arun,2007
POVERTY AND FERTILITY IN INDIA: Demographic Field Theory Perspective,Shekhar Mukherji,2007
PEOPLE POWER: Fifty Peacemakers and Their Communities,Michael True,2007
SOCIOLOGY OF DIASPORA: A Reader ( 2 Vols Set),Ajaya Kumar Sahoo and Brij Maharaj (Eds.),2007
FEMALE INFANTICIDE AND CHILD MARRIAGE ,Sambodh Goswami,2007
ARAKSHAN NITI AUR SHIKSHAK (Reservation Policy and Teachers) (Hindi) ,Niraj Priya,2007
POPULATION AND ENVIRONMENT LINKAGES ,C.P. Prakasam and R.B. Bhagat (Eds.),2007
INFORMATION SOCIETY AND DEVELOPMENT: The Kerala Experience,Antony Palackal and Wesley Shrum (Eds.),2007
RESERVATION AND PRIVATE SECTOR: Quest for Equal Opportunity and Growth,"Sukhdeo Thorat,0
RESERVATION AND PRIVATE SECTOR: Quest for Equal Opportunity and Growth,"Sukhdeo Thorat,0
STUDIES IN GERONTOLOGY: Intergenerational Perspective ,K.L. Sharma (Ed.),2007
INDIAN SOCIAL STRUCTURE AND CHANGE ,K.L. Sharma,2007
INDIAN SOCIAL STRUCTURE AND CHANGE ,K.L. Sharma,2007
HISTORY OF EDUCATION IN INDIA,Suresh C. Ghosh,2007
WOMEN ON WOMEN: A Reading of Commonwealth Women Writers,"Amina Amin,0
CHILDLESS COUPLES: Social Consequences of Sterility and Infertility,Vinita Lavania,2006
COMMUNAL VIOLENCE AND MINORITIES: Gujarat Society in Ferment,Lancy Lobo and Biswaroop Das (Eds.),2006
NGOs IN INDIA: A Cross-Sectional Study,R. Sooryamoorthy and K.D. Gangrade,2006
"NEW HORIZONS OF SOCIAL THEORY: Conversations, Transformations and Beyond",0
THE SOCIOLOGY OF CULTURE ,Boris Erasov and Yogendra Singh,2006
PUBLIC DISTRIBUTION SYSTEM AND TRIBAL DEVELOPMENT: A Study of Western Tribal Belt of Madhya Pradesh,Manu Gautam,2006
"GLOBALIZATION FOR DEVELOPMENT: Trade, Finance,0
COMMUNITY DEVELOPMENT: A Critical Approach,Margaret Ledwith,2006
SOCIAL REALITY AND TRADITION: Essays in Modes of Understanding,Bijoy H. Boruah and Ramashanker Misra (Eds.),2006
CASTE IN CONTEMPORARY INDIA: Beyond Organic Solidarity ,Pauline Kolenda ,2006
DEVELOPMENT METHODS AND APPROACHES: Critical Reflections,Jo Rowlands,2006
DEVELOPMENT WITH WOMEN,Dorienne Rowan-Campbell,2006
DEBATING DEVELOPMENT: NGOs and the Future,Ernst Ligteringen,2006
"FAMILY LIFE EDUCATION IN INDIA: Perspectives, Challenges,0
DEVELOPMENT AND RIGHTS ,Firoze Manji,2006
INTERPRETING GLOBALISATION: Perspectives in International Relations,Rajen Harshe (Ed.),2005
"STATE, MARKET AND CIVIL SOCIETY: Issues and Interface",0
UNDERSTANDING INDIAN SOCIETY: The Non-Brahmanic Perspective,S.M. Dahiwale (Ed.),2005
"DEVELOPMENT, NGOs AND CIVIL SOCIETY ",0
SOCIAL WORK VALUES AND ETHICS (2nd Edition),Frederic G. Reamer,2005
ETHNICITY IN INDUSTRIAL ORGANIZATIONS: Case of Two Organizations in Mumbai,Ernesto Noronha,2005
EMIGRATION AND SOCIAL CHANGE: A Sociological Study of the Early Emigrants of Andamans,A.K. Joshi,2005
THE NO-NONSENSE GUIDE TO WOMENS RIGHTS,Nikki van der Gaag,2005
THE NO-NONSENSE GUIDE TO GLOBALIZATION,Wayne Ellwood,2005
THE NO-NONSENSE GUIDE TO WATER,Maggie Black,2005
THE NO-NONSENSE GUIDE TO WORLD POVERTY,Jeremy Seabrook,2005
"THE NO-NONSENSE GUIDE TO CLASS, CASTE AND HIERARCHIES",0
AIDS AND CIVIL SOCITY: India's Learning Curve,Radhika Ramasubban and Bhanwar Rishyasringa (Eds.),2005
"RELIGION, IDENTITY AND NATIONHOOD: The Sikh Militant Movement",0
HINDU APPROACH TO INDIAN ECONOMY: Global Challenges & Opportunities,Bharat Jhunjhunwala,2005
INFORMATION TECHNOLOGY AND ECONOMIC GROWTH: Study of Leading States in India,R.G. Desai,2005
MODERNIZING WOMEN: Searching Their Identities,Kali Nath Jha,2005
EMPOWERMENT AND POVERTY REDUCTION: A Sourcebook,Deepa Narayan (Ed.),2005
SOCIAL SECTOR IN INDIA: Changing Paradigms in Uttar Pradesh,S.K. Pant (Ed.),2005
"CLASS, CONFLICT,0
MIGRATION AND SOCIETY: A Study of Displaced Kashmiri Pandits,Ravender Kumar Kaul,2005
SAMAJSHASTRA KA BHARTIYAKARAN (Indianization of Sociology) (Hindi) ,Ashok Kumar Kaul,2005
FROM POST-INDUSTRIAL TO POST-MODERN SOCIETY (Second Edition) ,Krishan Kumar ,2005
"THE POSTMODERN CONTROVERSY: Understanding Richard Rorty, Jacques Derrida and Jurgen Habermas",0
E-GOVERNANCE: A Change Management Tool,P. Panneervel,2005
TRIBAL LAW IN INDIA,G.S. Narwani,2004
THE SOCIOLOGY OF GENDER: A Brief Introduction,Laura Kramer,2004
GLOBALIZATION: The New Market Ideology,Manfred B. Steger,2004
"STATES, MARKETS,0
NGOs AND DEVELOPMENT: The Indian Scenario,"S.N. Pawar,0
"CRIMINOLOGICAL THEORIES: Introduction, Evaluation,0
"DEVELOPMENT, DISPLACEMENT AND RESETTLEMENT ",0
"LAW, STATE AND SOCIETY: Indian Context",0
REINVENTING REGIONAL DEVELOPMENT: Festschrift to Honour Gopal Krishan,"Surya Kant,0
VISIONS OF POVERTY: Welfare Policy and Political Imagination,Robert Asen,2004
"POVERTY, FOOD SECURITY AND SUSTAINABILITY: Public Distribution System in India",0
GRAMIN SAMAJ MEIN NIYOJIT SAMAJIK PARIVARTAN (Planned Social Change in Rural India) (Hindi) ,Om Prakash Sharma,2004
IDEOLOGY & THEORY IN INDIAN SOCIOLOGY ,Yogendra Singh,2004
IDEOLOGY & THEORY IN INDIAN SOCIOLOGY ,Yogendra Singh,2004
THE SOCIOLOGICAL TRADITION ,Robert A. Nisbet,2004
"CASTE, RACE AND DISCRIMINATION: Discourses in International Context",0
A HISTORY OF SOCIOLOGICAL ANALYSIS ,Tom Bottomore and Robert Nisbet (Eds),2004
INDIAN SOCIOLOGY FROM WHERE TO WHERE: Footnotes to the History of the Discipline,Yogesh Atal,2003
LIBERALISATION AND URBAN SOCIAL SERVICES: Health and Education,C.N. Ray,2003
COMMUNICATING RURAL DEVELOPMENT: Strategies and Alternatives,Rashmi Jain,2003
INVOLUNTARY MIGRATION: Evidence from Sardar Sarovar Project,D.C. Sah,2003
CASTE AND RACE: Comparative Study of BR Ambedkar and Martin Luther King ,Mohan Dass Namishray,2003
SHAKTI: Multidisciplinary Perspectives on Women,Ranjana Harish and Bharathi Harishankar (Eds.),2003
INSTITUTIONS AND SOCIAL CHANGE ,Surjit Singh and Varsha Joshi (Eds.),2003
"ACHIEVING BROAD-BASED SUSTAINABLE DEVELOPMENT: Governance, Environment and Growth with Equity",0
DEVELOPMENT-INDUCED DISPLACEMENT: Case of Kerala,"Jose Murickan,0
SOCIAL DEVELOPMENT: Challenges Faced in an Unequal and Plural Society,M.S. Gore,2003
FEMINISM IN SEARCH OF AN IDENTITY: The Indian Context,Meena Kelkar and Deepti Gangavane (eds),2003
MANAVSHASTRIYA VICHARAK (Anthropological Thinkers) (Hindi) ,Harikrishna Rawat,2003
MANAVSHASTRIYA VICHARAK (Anthropological Thinkers) (Hindi) ,Harikrishna Rawat,2003
"MODERNITY, POSTMODERNITY AND NEO-SOCIOLOGICAL THEORIES ",0
"MODERNITY, POSTMODERNITY AND NEO-SOCIOLOGICAL THEORIES ",0
RADICAL GEOGRAPHY: Alternative Viewpoints On Contemporary Social Issues,Richard Peet,2003
DWARKAPRASAD MISHRA KA BHARTIYA RAJNITI ME YOGDAN (DP Mishras Contribution to Indian Politics) (Hindi) ,Rajni Tiwari,2002
HUMAN DIMENSIONS OF SUSTAINABLE DEVELOPMENT ,R.B. Singh (Ed.),2002
THE POVERTY QUESTION: Search for Solutions,Yogesh Atal,2002
MARKETING AND SUSTAINABLE DEVELOPMENT ,Pooja Saxena,2002
AUTONOMY MOVEMENTS AND FEDERAL INDIA ,Bhupinder Singh,2002
"LEISURE, FAMILY AND LIFESTYLE: Unemployed Young People",0
PANCHAYAT RAJ IN INDIA: Emerging Trends Across the States,R.P. JOSHI & G.S. NARWANI,2002
"CULTURE, COMMUNITIES AND CHANGE",0
"WOMEN, LAW AND PUBLIC OPINION ",0
SOCIAL CHANGE IN POST-INDEPENDENCE INDIA ,A.K. Lal and S. Sami Ahmad ,2001
SOCIAL STRUCTURE AND FERTILITY BEHAVIOUR ,Satish K. Sharma and Niranjna ,2001
ETHNOGRAPHY OF A TRIBE: Study of Anwals of Uttarakhand Himalaya,B.S. Bisht ,2001
DEVELOPMENT AND DISPARITIES: Experiences from Southern India ,Kalipada Deb ,2001
"GENDER COMPOSITION: Values, Preferences and Behaviour ",0
RETHINKING SOCIAL TRANSFORMATION: Criticism and Creativity at the Turn of the Millennium  ,Ananta Kumar Giri (Ed.),2001
THE SADHUS OF INDIA: A Study of Hindu Asceticism,Robert Lewis Gross ,2001
SOCIAL ANTHROPOLOGY,S.L. Doshi and P.C. Jain,2001
SOCIAL ANTHROPOLOGY,S.L. Doshi and P.C. Jain,2001
RESEARCH METHODS ,Ram Ahuja,2001
RESEARCH METHODS ,Ram Ahuja,2001
"RECONCEPTUALISING CASTE, CLASS AND TRIBE",0
CULTURAL FACTORS IN RURAL DEVELOPMENT,Dilip Shah and Syed Rahim ,2000
DIVORCE AND MUSLIM WOMEN,S.A.H. Moinuddin,2000
ETHNOGRAPHY AND PERSONHOOD: Notes from the Field,Michael W. Meister (ed.),2000
WOMEN IN DISTRESS ,Neela Dabir,2000
HUMAN VALUES & SOCIAL CHANGE,Ishwar Modi (Ed.),2000
FOLK RELIGION: Change and Continuity,H S Bhatti ,2000
TECHNOLOGY AND RURAL DEVELOPMENT: Need for Organisational Renewal,Ch. Bala Ramulu ,2000
BHARTIYA RAJNITIK VYAVASTHA  (INDIAN POLITICAL SYSTEM) - Hindi,R.P. Joshi and R.S Adha (ed.),2000
CULTURE CHANGE IN INDIA: Identity & Globalization,Yogendra Singh ,2000
CULTURE CHANGE IN INDIA: Identity & Globalization,Yogendra Singh ,2000
NAGARIYATA KA SAMBODH (Understanding Urbanization) (Hindi) ,Sudhakar Prasad Tiwari,1999
SOCIAL CHANGE THROUGH LAND REFORMS,Paramjit S. Judge,1999
SRAMIK SAHABHAGITA AVAM AUDHYOGIK SAMBANDH (Workers Participation in Management and Industrial Relations) - Hindi,Dilip Kumar Singh,1999
VARNA VYAVASTHA: Governance through Caste System,Bharat Jhunjhunwala ,1999
PROTECTIVE DISCRIMINATION POLICY AND SOCIAL CHANGE: An analytical Study of State Action on Scheduled castes in Aurangabad City,Shankar L. Gaikwad,1999
"DRUG CULTURE IN INDIA: A Street Ethnographic Study of Heroin Addiction in Bombay 
","Molly Charles,0
"SOCIAL INEQUALITY IN INDIA: Profiles of Caste, Class & Social Mobility (Second Edition)",0
ETHNIC IDENTITY AND SOCIAL MOBILITY,Anjali Kurane,1999
"SOCIETY IN INDIA: Concepts, Theories and Recent Trends",0
POWER ELITE IN INDIAN SOCIETY: Study of the Shekhawati Region in Rajasthan,Rajendra Sharma ,1999
MILITARY SOCIOLOGY: Global Perspectives,Leena Parmar (Ed.) ,1999
"SOCIAL INEQUALITY IN INDIA: Profiles of Caste, Class & Social Mobility (Second Edition)",0
RURAL SOCIOLOGY ,S.L. Doshi and P.C. Jain,1999
RURAL SOCIOLOGY ,S.L. Doshi and P.C. Jain,1999
SOCIAL GEOGRAPHY ,Aijazuddin Ahmad,1999
"SOCIETY IN INDIA: Concepts, Theories and Recent Trends",0
GLOBAL TRANSFORMATIONS: Postmodernity and Beyond ,Ananta K. Giri ,1998
VISUALLY HANDICAPPED CHILDREN: Study of their Psychological Characteristics and Academic Achievement,S. Ishtiaq Haider,1998
SOCIAL SEPARATISM: Scheduled Castes and the Caste System,Gnana Prakasam,1998
VIOLENCE AGAINST WOMEN ,Ram Ahuja,1998
SAMAJSHASTRIYA SIDHANT: VIVECHAN AIVAM VYAKHYA (Sociological Theory: Interpretation & Explanation) (Hindi) ,Narendra Kumar Singhi,1998
SAMAJSHASTRIYA SIDHANT: VIVECHAN AIVAM VYAKHYA (Sociological Theory: Interpretation & Explanation) (Hindi) ,Narendra Kumar Singhi,1998
THE UNTOUCHABLES IN CONTEMPORARY INDIA,J. Michael Mahar (ed.),1998
TRIBAL MIGRATION,Y.G. Joshi,1997
SOCIO-DEMOGRAPHIC PROFILE OF MUSLIMS: Study of Bhopal City,Chandralekha Lehri ,1997
SOCIAL AND CULTURAL DIVERSITIES: DP Mukerji in Memorium,Abha Avasthi (Ed.),1997
DIMENSIONS OF SOCIAL CHANGE: Essays in Honour of Professor P.N. Pimpley,Paramjit S. Judgea and Satish K. Sharma (Eds.),1997
FACETS OF DEVELOPMENT: Studies in Karnataka,Vinod Vyasulu,1997
LEISURE AND CRIME,Mohammad M. Hussinat,1997
ETHNICITY: Source of Strength? Source of Conflict?,J. Milton Yinger,1997
THEORETICAL SOCIOLOGY,Randall Collins,1997
BHOPAL TRAGEDY: Socio-legal Implications,P.S. Chauhan,1996
VIOLENCE: A Bibliography,R. Pandit and P.P. Singh,1996
CHILD-BEARING: A Social Phenomenon,Sandhya Kaul,1996
SOCIOLOGY OF FERTILITY,Jasmeet Sandhu,1996
MULTI-CULTURALISM AND ETHNICITY IN GLOBAL CONTEXT,Satish K. Sharma (Ed.),1996
CENSUS AS SOCIAL DOCUMENT,"S.P. Mohanty,0
WOMAN'S PLACE: Options and Limits in Professional Career,"U.R. Nahar,0
THEORY AND IDEOLOGY IN  INDIAN SOCIOLOGY: Essays in Honour of Professor Yogendra Singh,Narendra K. Singhi (ed.),1996
WOMEN ORGANIZATIONS AND SOCIAL NETWORKS,Neeraj Ahlawat,1995
POLYGAMY & PURDAH: Women & Society among Rajputs,Varsha Joshi,1995
SOCIAL STRUCTURE AND RURAL DEVELOPMENT,I.S. Chauhan and V.S. Bais,1995
"CHRISTIANITY, IDEOLOGY AND SOCIAL CHANGE AMONG TRIBALS: A Case Study of Bhils of Rajasthan",0
MARRIAGE AMONG INDIAN CHRISTIANS,Mariamma Joseph,1994
MARRIAGE AND KINSHIP AMONG MUSLIMS IN SOUTH INDIA,C.G. Hussain Khan,1994
"SOCIETY, CULTURE AND MILITARY SYSTEM",0
SOCIAL STRATIFICATION AND MOBILITY ,K.L. Sharma,1994
SOCIAL STRATIFICATION AND MOBILITY ,K.L. Sharma,1994
THEMES AND PRESPECTIVES IN INDIAN SOCIOLOGY ,D.N. Dhanagare,1993
INDIAN SOCIAL SYSTEM ,Ram Ahuja,1993
INDIAN SOCIAL SYSTEM ,Ram Ahuja,1993
THEMES AND PERSPECTIVES IN INDIAN SOCIOLOGY ,D.N. Dhanagare,1993
THEMES AND PRESPECTIVES IN INDIAN SOCIOLOGY ,D.N. Dhanagare,1993
DAIRY CO-OPERATIVIZATION: An Instrument of Social Change,Dilip R. Shah,1992
INDUSTRIALIZATION AND PEASANT SOCIAL FORMATION,S.D. Badgaiyan,1992
INTEGRATED AREA DEVELOPMENT: A Case Study of Rath Tahsil-Hamirpur-Uttar Pradesh,R.K. Srivastava,1992
MODERNIZATION AND YOUTH IN INDIA,Rajendra Jayaswal,1992
A METHODOLOGY FOR SOCIAL RESEARCH ,GIDEON SJOBERG & ROGER NETT,1992
SCIENTIFIC TEMPER: An Empirical Study,B.K. Pattnaik,1992
A METHODOLOGY FOR SOCIAL RESEARCH ,GIDEON SJOBERG & ROGER NETT,1992
TECHNOLOGY AND DEVELOPMENT: Public Policy & Managerial Issues,Dhirendra Vajpeyi and R. Natarajan (Eds.),1991
RELIGION AND POWER STRUCTURE IN RURAL INDIA: A Study of two fishing villages in Kerala: Poovar,J. Murickan S.J.,1991
WOMEN AND POLYANDRY IN RAWAIN-JAUNPUR,G.S. Bhatt,1991
THE NATURE AND TYPES OF SOCIOLOGICAL THEORY,Don Martindale,1991
PLANNING INTERLOCKED MARKETS AND RURAL DEVELOPMENT,Rakesh Hooja,1990
"THE MODE OF PRODUCTION, SOCIAL CLASSES AND THE STATE",0
ETHNICITY IN URBAN CONTEXT: The Gujaratis in Madras City,Leila Narayanan,1989
THE STRUCTURE OF SOCIOLOGICAL THEORY  (Fourth Edition),Jonathan H Turner,1987
THE STRUCTURE OF SOCIOLOGICAL THEORY (Fourth Edition),Jonathan H Turner,1987
MODERNIZATION OF INDIAN TRADITION ,Yogendra Singh,1986
MODERNIZATION OF INDIAN TRADITION,Yogendra Singh,1986
LEISURE AND LIFE THROUGH THE AGES: Studies from Europe ,Ishwar Modi and Teus J. Kamphorst (eds),2017
AN INTRODUCTION TO THE GEOGRAPHY OF TOURISM,Velvet Nelson,2014
LEISURE & TOURISM: Cultural Paradigms,John Dodd and Veena Sharma (eds.),2012
BHARAT MAIN ADHUNIK PARYATAN (Modern Tourism in India) (Hindi) ,"Atul Joshi,0
INDIAN TRAVEL NARRATIVES ,Somdatta Mandal (Ed.),2010
A COMPANION TO TOURISM,"Alan A. Lew,0
"ETHNICITY, IDENTITY AND CULTURE: Scheduled Tribes of Andhra Pradesh and Telangana",0
DISADVANTAGED TRIBES OF INDIA: Regional Concerns,V. Srinivasa Rao (ed.),2021
TRIBAL LIVELIHOOD AND GOVERNANCE: Regional Concerns,V. Srinivasa Rao (ed.),2021
CHALLENGES OF TRIBAL DEVELOPMENT: Contemporary Social Concerns,V. Srinivasa Rao (ed.),2021
TRIBAL INTEGRATION IN INDIA: Northeast and Beyond,V. Srinivasa Rao (ed.),2021
EDUCATIONAL STATUS OF SCHEDULED TRIBES: Attainment and Challenges,"Ghanshyam Shah,0
EDUCATIONAL STATUS OF SCHEDULED CASTES: Attainment and Challenges,"Ghanshyam Shah,0
TRIBALS & DEMOCRATIC POLITICS: Understanding from Agency Areas of Telangana and Andhra Pradesh,Sunkari Satyam,2019
CHANGE AND CONTINUITY AMONG TRIBES: The Idu Mishmis of Arunachal Pradesh,Tarun Mene and Sarit K. Chaudhuri (eds.),2019
"TRIBAL LANGUAGE,LITERATURE AND FOLKLORE:  Emerging Approaches in Tribal Studies",0
TRIBAL RELIGION: Continuity and Change among the Tangkhul Naga,Rimai Joy,2019
A HISTORY OF ANTHROPOLOGY (Second Edition),Thomas Hylland Eriksen and Finn Sivert Nielsen,2019
WHAT IS ANTHROPOLOGY? (Second Edition),Thomas Hylland Eriksen,2019
"CULTURES, IDENTITIES,0
REVISITING TRIBAL STUDIES: A Glimpse After Hundred Years,M.C. Behera (ed.),2018
"TRIBES, CASTES AND DEVELOPMENT: Scenario in Three Villages of Madhya Pradesh",0
EDUCATING EX-CRIMINAL TRIBES: Issues and Concerns,Malli Gandhi ,2017
RETHINKING TRIBE IN INDIAN CONTEXT: Realities Issues & Challenges ,Bidhan Kanti Das and Rajat Kanti Das (eds),2017
"CASTE, TRIBE AND GENDER: Politics of Self and the Other ",0
TRIBAL LAND QUESTION: Case of Andhra Pradesh,Palla Trinadha Rao ,2017
STRATIFICATION AND SOCIAL CHANGE AMONG TRIBALS: An Anthropological Study among the Sherdukpens of Arunachal Pradesh,Rinchin Megejee,2017
TRIBAL SITUATION IN INDIA: Issues and Development (Second Revised Edition),Vidyut Joshi and Chandrakant Upadhyaya (eds),2017
GENDER IMPLICATIONS OF TRIBAL CUSTOMARY LAW: The Case of North-East India,"Melvil Pereira,0
TRIBAL STUDIES AND BEYOND: Contributions of D.N. Majumdar to Indian Anthropology,H.S Saksena,2017
TRIBAL SELF-GOVERNANCE: PESA and Its Implementation,Nupur Tiwari (Ed.) ,2016
SOCIAL MOVEMENTS IN TRIBAL INDIA,S.N. Chaudhary (Ed.),2016
"TRIBAL WOMEN: Yesterday, Today and Tomorrow",0
DEVELOPMENT AND DISCONTENT IN TRIBAL INDIA,Yatindra Singh Sisodia and Tapas Kumar Dalapati (Eds) ,2015
"RESOURCES, TRIBES AND DEVELOPMENT: Competing Interests and Contours of Possibilities",0
TRIBALS AND COMMUNITY FOREST MANAGEMENT,Madhusudan Bandi ,2013
"EXCLUSION, DISCRIMINATION AND STRATIFICATION : Tribes in Contemporary India",0
"GLOBALIZATION, NATIONAL DEVELOPMENT AND TRIBAL IDENTITY ",0
TRIBAL HEALTH AND NUTRITION ,S.N. Chaudhary (Ed.),2012
BIO-CULTURAL DEVELOPMENT OF SCHEDULED TRIBES: Policies and Issues,"P.K. Misra,0
TRIBAL ECONOMY AT CROSSROADS ,S.N. Chaudhary (Ed.),2010
ETHNOGRAPHY ,John D. Brewer,2010
TRIBALS AND MODERN AGRICULTURE: Dynamics of Fertiliser Use in Madhya Pradesh,D.C. Sah,2009
THEORY & PRACTICE OF ETHNOGRAPHY: Readings from the Periphery,Eswarappa Kasi and Ramesh C. Malik (Eds.),2009
TRAPPED IN POVERTY: Chronic Poor in Remote Tribal Areas,D.C. Sah and Ashish Bhatt,2008
"ECOLOGY, TECHNOLOGY AND ECONOMY: Continuity and Change among the Fisherfolk of Kerala",0
IMPACT OF GLOBALISATION ON TRIBALS: In the Context of Kerala,Mathew Aerthayil,2008
EMERGING TRIBAL IDENTITY: A Study of Minas of Rajasthan,S.L. Sharma,2008
INDIAN TRIBES AND THE MAINSTREAM,Sukant K. Chaudhury and Soumendra Mohan Patnaik (Eds.) ,2008
TRIBALS AND THE INDIAN CONSTITUTION: Functioning of Fifth Schedule in the State of Orissa,N.K. Behura and Nilakantha Panigrahi,2006
PUBLIC DISTRIBUTION SYSTEM AND TRIBAL DEVELOPMENT: A Study of Western Tribal Belt of Madhya Pradesh,Manu Gautam,2006
TRIBAL LAW IN INDIA,G.S. Narwani,2004
ETHNOGRAPHY OF A TRIBE: Study of Anwals of Uttarakhand Himalaya,B.S. Bisht ,2001
PLANNED DEVELOPMENT AMONG TRIBALS: A Comparative Study of Bhils and Minas,P.C. Jain,1999
ETHNIC IDENTITY AND SOCIAL MOBILITY,Anjali Kurane,1999
TRIBAL MIGRATION,Y.G. Joshi,1997
ETHNICITY IN URBAN CONTEXT: The Gujaratis in Madras City,Leila Narayanan,1989
SOCIAL DYNAMICS OF THE URBAN: Studies from India,N. Jayaram  (ed.),2021
"URBAN TRANSPORTATION AND THE ENVIRONMENT: Issues, Alternatives and Policy Analysis",0
ADOLESCENCE IN URBAN INDIA: Cultural Construction in a Society in Transition,Shagufa Kapadia,2021
"URBANIZATION IN ASIA: Governance, Infrastructure and the Environment",0
COUNTRY TOWN NEXUS: Studies in Social Transformation in Contemporary India,"K.L. Sharma,0
AN INTRODUCTION TO URBAN GEOGRAPHY,John R. Short,2019
 URBAN AND  REGIONAL PLANNING: A Systems Approach,J. Brian McLoughlin,2019
MIDDLE INDIA AND URBAN-RURAL DEVELOPMENT: Four Decades of Change,Barbara Harriss-White (ed.),2018
"URBANIZATION AND HOUSING: State, Market and Consumer ",0
"URBANISATION, ENVIRONMENTAL DEGRADATION & QUALITY OF LIFE",0
THE HINDU FAMILY IN ITS URBAN SETTING,Aileen D. Ross,2015
HOUSING FOR THE URBAN POOR IN DEVELOPING COUNTRIES,"Brian C. Aldrich,0
UNDERSTANDING URBAN POVERTY IN INDIA: Experiences from Mumbai ,Olivier Brito and Aditya Singh (Eds.) ,2014
RETHINKING URBAN DEVELOPMENT: Exploring Cosmopolitanism and Regionalism in Post-Industrial Cities,Vinita Pandey,2014
URBANIZATION AND RELIGIOUS TOLERANCE : Study of Hindu-Muslim Interactions in Varanasi,Anupama Pandey,2014
"CITIES IN GLOBALIZATION: Practices, Policies and Theories",0
CLUSTERS IN URBAN AND REGIONAL DEVELOPMENT,"Andy Cumbers,0
"MIGRATION IN INDIA : Links to Urbanization, Regional Disparities and Development Policies ",0
"URBAN DEVELOPMENT AND GOVERNANCE : Issues, Concerns and Challenges ",0
SMALL CITIES AND TOWNS IN GLOBAL ERA: Emerging Changes and Perspectives  ,R.N. Sharma and R.S. Sandhu  (Eds.),2013
URBAN SOCIOLOGY: Images & Structure (Fifth Edition),William G. Flanagan,2011
URBANIZATION AND GROWTH: Commission on Growth and Development,"Michael Spence,0
REGIONAL AND URBAN GIS: A Decision Support Approach,Timothy L. Nyerges and Piotr Jankowski,2010
"CULTURE, POLITY AND ECONOMY ",0
CRISIS OF URBAN MIDDLE CLASS ,Vinita Pandey,2009
"URBANIZATION, DISPLACEMENT AND REHABILITATION: A Study of People Affected by Land Acquisition ",0
URBAN COMMUNITY DEVELOPMENT (2nd Ed.) ,Jacob Z. Thudipara ,2008
URBAN GEOGRAPHY ,L.N. Verma,2008
URBAN GEOGRAPHY ,L.N. Verma,2008
URBAN CRISIS: Culture and the Sustainability of Cities,M. Nadarajah and Ann Tomoko Yamamoto (Eds.),2007
SPACES OF COLONIALISM: Delhis Urban Governmentalities,Stephen Legg,2007
URBAN PLANNING IN INDIA ,Amiya Kumar Das,2007
URBAN DEVELOPMENT AND NEW LOCALISM: Urban Politics in Mumbai,Sudha Mohan,2005
HOUSING FINANCE AND THE URBAN POOR ,Peer Smets,2004
LIBERALISATION AND URBAN SOCIAL SERVICES: Health and Education,C.N. Ray,2003
NAGARIYATA KA SAMBODH (Understanding Urbanization) (Hindi) ,Sudhakar Prasad Tiwari,1999
INDIAN MEDIUM TOWNS: An Appraisal of their Role as Growth Centres,Jaymala Diddee (ed.),1997
THE STUDY OF URBAN GEOGRAPHY,Harold Carter,1995
MANAGEMENT OF URBAN LOCAL FINANCES: Study of Non-Octroi States,"Shyam Nath,0
ETHNICITY IN URBAN CONTEXT: The Gujaratis in Madras City,Leila Narayanan,1989
POLITICAL ECONOMY OF WATER,Aparna Tiwari,2020
AGRICULTURAL GEOGRAPHY (Second Edition),Majid Husain,2020
WATER RESOURCE MANAGEMENT: Problems and Prospects,Alpana Kateja (Ed.),2019
"INTEGRATED WATERSHED MANAGEMENT: Field Manual for Equitable, Productive and Sustainable Development",0
WATER AND HEALTH,Alpana Kateja (ed.),2017
"WATER ON EARTH: The Story of Its Origin, Habitats,0
"GROUNDWATER GOVERNANCE: Development, Degradation & Management ",0
DAMS AND DEVELOPMENT IN INDIA,Arun Kumar Nayak,2016
MANAGING GROUNDWATER FOR IRRIGATED AGRICULTURE: The Relevance of Biodrainage Model,A.S. Kapoor ,2014
WATERSHED DEVELOPMENT AND HEALTH: Study of Child Nutrition in Rural Semi-Arid Region,Apoorvaa Pandit and Dipak Zade,2012
LAW FOR WATER MANAGEMENT: A Guide to Concepts and Effective Approaches,"Jessica Vapnek,0
"POLITICAL ECONOMY OF WATERSHED MANAGEMENT: Policies, Institutions,0
GEOGRAPHY OF WATER RESOURCES ,R.K. Gurjar and B.C. Jat,2008
GEOGRAPHY OF WATER RESOURCES ,R.K. Gurjar and B.C. Jat,2008
COMMUNITY WATER MANAGEMENT,G.S. Narwani,2005
THE NO-NONSENSE GUIDE TO WATER,Maggie Black,2005
WATER HARVESTING AND SUSTAINABLE SUPPLY IN INDIA ,R.N. Athavale,2003
"IRRIGATION DEVELOPMENT AND AGRARIAN CHANGE: A Study In Sindh, Pakistan",0
LAND DEGRADATION AND DESERTIFICATION ,V.C. Jha (Ed.),2003
GREENING THE DESERT: Motivating Settlers in the IGNP,Rakesh Hooja ,2001
PARTICIPATORY IRRIGATION MANAGEMENT: Paradigm for the 21st Century (2 Volume Set),L.K. Joshi and Rakesh Hooja (Eds),2000
ECONOMICS OF PUBLIC WATER SUPPLY SYSTEM: with special reference to Kerala,Jacob John,1997
URBAN WATER CRISIS: Rationale for Pricing,V. Ratna Reddy,1996
MANAGING IRRIGATION PROJECT: A Study of Chambal Valley Project,H.S. Srivastava,1996
PLANNING FOR SUSTAINABILITY IN IRRIGATION: Command Area Development and Indira Gandhi canal Project,Rakesh Hooja and P.S. Kavdia (Eds.),1994
LAND CEILING AND AFTER,L.C. Gupta,1994
GENDER INEQUALITY AND DISCRIMINATION IN INDIA: Discourse and Dilemmas,Sumita Sarkar (ed.),2021
GENDER AND GLOBALISATION,"Rekha Pande,0
NEOLIBERALISM AND WOMEN IN INDIA: Governmentality Perspectives,U. Kalpagam,2021
WOMEN IN THE INDIAN DIASPORA: Historical Narratives and Contemporary Challenges,Amba Pande (ed.),2021
"WOMEN WRITERS OF THE SOUTH ASIAN DIASPORA: Interpreting Gender, Texts and Contexts",0
GENDER AND POLITICS: Perception and Participation (Role of Women in Punjab Politics),Ajaypal Kaur,2020
"WOMEN, LITERATURE,0
WOMEN IN GRASS-ROOTS GOVERNANCE,G. Satyanarayana,2020
GENDER AND MOBILITY: A Critical Introduction,Elina Penttinen and Anitta Kynsilehto,2020
WOMEN IN POLICE IN INDIA: A Journey from Periphery to Core,Tumpa Mukherjee,2020
GENDER VIOLENCE: International Perspectives,Rekha Pande and Sita Vanka (eds),2020
GENDER LAW AND HEALTH: international perspectives,Sita Vanka and Rekha Pande (eds),2019
GENDER AND WORK: International Perspectives,"Sita Vanka,0
FEMINIST THEORY IN PRACTICE AND PROCESS,"Micheline R. Malson,0
GENDER AND STRUCTURAL VIOLENCE,Rekha Pande and Sita Vanka (Eds.),2019
FEMINISM,Jane Freedman,2019
FEMINISM,Jane Freedman,2019
"GENDER, POWER RELATIONS AND CHILDBIRTH: Negotiations with Cultural and Biomedical Discourses ",0
"GENDER, CULTURE AND HONOUR: Gender Audit of Punjab and Haryana",0
"ECOFEMINISM: Women, Culture,0
ELDERLY WIDOWS: Socio-Economic and Demographic Study in Jharkhand,Sangeeta Gupta,2018
NATIONAL MOVEMENT AND EMPOWERMENT OF WOMEN: Nation-Building in the United Provinces,Malabika Pande,2018
WHAT IS GENDER HISTORY?,Sonya O. Rose,2018
"WOMEN, VIOLENCE AND SOCIAL STIGMA: A Sociology of Burn Attacks",0
GENDER AND HISTORY,Rekha Pande (ed.),2018
NATURAL DISASTER AND WOMEN: A Gendered Perspective,Pradeep Kumar Parida (ed.),2018
"FEMINIST POST-DEVELOPMENT THOUGHT: Rethinking Modernity, Post-Colonialism and Representation",0
"FEMINIST FUTURES: Reimagining Women, Culture and Development (Second Edition)",0
FEMALE JUVENILE DELINQUENCY,Saumya Shanker,2018
GENDER JUSTICE AND INCLUSION,Poornima Jain,2018
GENDER (2nd Edition),Harriet Bradley,2018
"CASTE, TRIBE AND GENDER: Politics of Self and the Other ",0
"GENDER, PATRIARCHY AND VIOLENCE: The Case of Punjab and Haryana",0
GENDER IMPLICATIONS OF TRIBAL CUSTOMARY LAW: The Case of North-East India,"Melvil Pereira,0
GENDER AND MANAGEMENT: International Perspectives,Sita Vanka (Ed.),2017
FEMINIST CRITICISM: Women as Contemporary Critics,Maggie Humm,2017
WOMEN IN PATRIARCHY: Cross-Cultural Readings,Jasbir Jain (ed.),2017
"CONTEMPORARY GENDER ISSUES: Identity, Status and Empowerment ",0
"WOMEN, MEDIA AND VIOLENCE",0
WIDOWS IN INDIA: Study of Varanasi and Vrindavan,Bindeshwar Pathak and Satyendra Tripathi,2016
GENDER DISCRIMINATION AND DEVELOPMENT PARADOX,Neerja Ahlawat (Ed.),2016
WOMEN EMPOWERMENT AND DEVELOPMENT: Readings from Asia,Sameera Maiti (Ed.),2016
SEXUAL ABUSE OF GIRL CHILDREN: Some Hidden Facts,Rama Achyut Pande,2016
KNOWING WOMEN: Feminism and Knowledge,Helen Crowley and Susan Himmelweit (eds),2016
FEMINIST SOCIAL THOUGHT: An Introduction to Six Key Thinkers ,Vidyut Bhagwat,2016
GENDER LENS: Womens Issues and Perspectives,Rekha Pande (Ed.) ,2015
"TRIBAL WOMEN: Yesterday, Today and Tomorrow",0
"GENDER, IDENTITY AND MULTIPLE MARGINALITIES: Essays in Honour of Professor Yogendra Singh",0
WOMEN IN CONTEMPORARY INDIAN SOCIETY,Seema Pandey,2015
GENDER IN THE MARKET ECONOMY,Sudeshna Mukherjee (Ed.) ,2015
"GENDER AND DIVERSITY: India, Canada and Beyond ",0
WOMEN AND MICROFINANCE: Prospects and Challenges ,Amit Kumar ,2015
MODERN FEMINIST THOUGHT: From the Second Wave to Post-Feminism,Imelda Whelehan ,2015
WOMEN'S HUMAN RIGHTS: Seeking Gender Justice in a Globalizing Age,Niamh Reilly ,2015
RELOCATING WOMENS EQUALITY,Pankaj Kumar and Sadhna Gupta (Eds),2015
PRACTISING FEMINIST CRITICISM: An Introduction ,Maggie Humm ,2015
"CASTE, MARRIAGE AND INEQUALITY: Studies from North and South India",0
RETHINKING GENDER,Roli Misra (Ed.) ,2014
WOMEN'S VULNERABILITY TO HIV/AIDS,"S.K. Singh,0
WOMEN'S STUDIES IN INDIA,"Madhu Vij,0
WOMEN'S WRITING: Text & Context,Jasbir Jain (Ed),2014
WOMEN'S WRITING: Text & Context,Jasbir Jain (Ed),2014
GENDER AND THE MEDIA,Rosalind Gill,2014
MATERNAL HEALTH IN INDIA: Contemporary Issues and Challenges,Mohammad Akram (Ed.),2014
ABORTION IN INDIA: Myth and Reality,S.G. Kabra,2013
"DEVELOPMENT, GLOBALIZATION AND WOMEN",0
GENDERING MATERIAL CULTURE: Representations and Practice  ,Subhadra Mitra Channa Kamal K. Misra (Eds),2013
GENDER AND HEALTH,Madhu Nagla,2013
"DISABILITY, GENDER & STATE POLICY: Exploring Margins",0
GLOBAL PERSPECTIVES ON GENDER AND WORK: Readings and Interpretations,Jacqueline Goodman (Ed.),2012
UNDERSTANDING FEMINISM ,Peta Bowden and Jane Mummery,2012
THE SHORT GUIDE TO GENDER ,Kath Woodward,2012
"MALE IMAGE, FEMALE GAZE: Men in Shashi Deshpande",0
"GENDER, SOCIAL CHANGE AND THE MEDIA ",0
ISSUES IN WOMENS DEVELOPMENT,Anjali Kurane,2012
WOMENS LIBERATION: The Arya Samaj Movement in India,Sangeeta Sharma,2011
"POPULATION, GENDER AND REPRODUCTIVE HEALTH ",0
"WOMEN, RELIGION AND TRADITION: The Cult of Jogins,0
ECOFEMINISM REVISITED: Introduction to the Discourse,Chhaya Datar,2011
"WOMEN, PANCHAYATS AND NATURAL RESOURCE MANAGEMENT ",0
THEORIZING FEMINISM,Chandrakala Padia,2011
DISTRESS MIGRATION AND LEFT BEHIND WOMEN A Study of Rural Bihar,Archana K. Roy,2011
CONTEMPORARY FEMINIST THEORIES ,Stevi Jackson and Jackie Jones (Eds.),2011
POSTFEMINISM: Cultural Texts & Theories,Stephanie Genz and Benjamin A. Brabon,2011
WOMEN'S WELFARE PROGRAMMES,G. Madhavi,2011
GLOBALIZATION AND GENDER ,Sumita Sarkar and Manjari Srivastava (Eds),2011
MAHILA AARAKSHAN AIVAM BHARTIYA SAMAJ (Women Reservation and Indian Society) (Hindi) ,Harimohan Dhavan and Arun Kumar,2011
WOMEN'S RIGHTS AS MULTICULTURAL CLAIMS: Reconfiguring Gender and Diversity in Political Philosophy,Monica Mookherjee,2011
WOMEN AGEING: Social Work Intervention,Vineeta Srivastava,2010
ECOFEMINISM ,Maria Mies and Vandana Shiva,2010
GENDER ISSUES: Attestations and Contestations,Rajul Bhargava (Ed.),2010
GENDER AND HUMAN RIGHTS: Narratives on Macro-Micro Realities,"Bishnu C. Barik,0
GENDER RELATIONS IN EARLY INDIA ,Vinita Chandra,2010
ADHUNIKTA AIVAM NARI SASHAKTIKARAN (Modernization and Women),V.N. Singh and Janmejya Singh,2010
"GENDER, SOCIAL STRUCTURE AND EMPOWERMENT: Status Report of Women in India",0
WOMEN IN JAINISM: A Case Study of Gujarat Inscriptions,Mrinal Joshi,2009
WOMEN IN DHARMASASTRAS: A Phenomenological and Critical Analysis,Chandrakala Padia (Ed.),2009
REPRODUCTIVE HEALTH IN INDIA: New Evidence,"Michael A. Koenig,0
GENDER CONCERNS IN SOUTH ASIA: Some Perspectives,"Manjeet Bhatia,0
RE-DEFINING FEMINISMS ,Ranjana Harish and V. Bharathi Harishankar (Eds.),2008
SOCIOLOGY OF ADOPTION ,Elfreeda Momin,2008
GENDER AND GOVERNANCE ,Lisa D. Brush,2007
POVERTY AND FERTILITY IN INDIA: Demographic Field Theory Perspective,Shekhar Mukherji,2007
FEMALE INFANTICIDE AND CHILD MARRIAGE ,Sambodh Goswami,2007
WOMENS PARTICIPATION IN PANCHAYTI RAJ: Nature and Effectiveness ,Pamela Singla,2007
WOMEN ON WOMEN: A Reading of Commonwealth Women Writers,"Amina Amin,0
CHILDLESS COUPLES: Social Consequences of Sterility and Infertility,Vinita Lavania,2006
DEVELOPMENT WITH WOMEN,Dorienne Rowan-Campbell,2006
THE NO-NONSENSE GUIDE TO WOMENS RIGHTS,Nikki van der Gaag,2005
MODERNIZING WOMEN: Searching Their Identities,Kali Nath Jha,2005
THE SOCIOLOGY OF GENDER: A Brief Introduction,Laura Kramer,2004
LOOKING BACK LOOKING FORWARD: A Profile of Sexual and Reproductive Health in India,Shireen J. Jejeebhoy (Ed.),2004
GIRLS LITERACY IN RURAL INDIA: Comparative Study of Maharashtra and Madhya Pradesh,Yatindra Singh Sisodia,2003
"WOMEN, GENDER,0
SHAKTI: Multidisciplinary Perspectives on Women,Ranjana Harish and Bharathi Harishankar (Eds.),2003
"WOMEN, LAW AND PUBLIC OPINION ",0
"GENDER COMPOSITION: Values, Preferences and Behaviour ",0
DIVORCE AND MUSLIM WOMEN,S.A.H. Moinuddin,2000
WOMEN IN DISTRESS ,Neela Dabir,2000
"ROYALITY, FEUDALISM AND GENDER: As Portrayed by Foreign Travellers",0
"CULTURE, GENDER AND ECOLOGY: Beyond Workerism",0
WOMEN IN INDIAN NATIONAL CONGRESS (1921),Rajan Mahan ,1999
VIOLENCE AGAINST WOMEN ,Ram Ahuja,1998
"GENDER INEQUALITY: Power, Privilege and Poverty in Plantations",0
BHOPAL TRAGEDY: Socio-legal Implications,P.S. Chauhan,1996
VIOLENCE: A Bibliography,R. Pandit and P.P. Singh,1996
SOCIOLOGY OF FERTILITY,Jasmeet Sandhu,1996
WOMAN'S PLACE: Options and Limits in Professional Career,"U.R. Nahar,0
WOMEN ORGANIZATIONS AND SOCIAL NETWORKS,Neeraj Ahlawat,1995
POLYGAMY & PURDAH: Women & Society among Rajputs,Varsha Joshi,1995
MARRIAGE AMONG INDIAN CHRISTIANS,Mariamma Joseph,1994
MARRIAGE AND KINSHIP AMONG MUSLIMS IN SOUTH INDIA,C.G. Hussain Khan,1994
WOMEN AND POLYANDRY IN RAWAIN-JAUNPUR,G.S. Bhatt,1991
Harry Potter and the Chamber of Secrets (Harry Potter  #2),J.K. Rowling,2003
"Unauthorized Harry Potter Book Seven News: ""Half-Blood Prince"" Analysis and Speculation",W. Frederick Zimmerman,2005
Harry Potter Collection (Harry Potter  #1-6),J.K. Rowling,2005
The Ultimate Hitchhiker's Guide: Five Complete Novels and One Story (Hitchhiker's Guide to the Galaxy  #1-5),Douglas Adams,2005
The Ultimate Hitchhiker's Guide to the Galaxy (Hitchhiker's Guide to the Galaxy  #1-5),Douglas Adams,2002
The Hitchhiker's Guide to the Galaxy (Hitchhiker's Guide to the Galaxy  #1),Douglas Adams,2004
The Hitchhiker's Guide to the Galaxy (Hitchhiker's Guide to the Galaxy  #1),Douglas Adams/Stephen Fry,2005
The Ultimate Hitchhiker's Guide (Hitchhiker's Guide to the Galaxy  #1-5),Douglas Adams,1996
A Short History of Nearly Everything,Bill Bryson,2004
Bill Bryson's African Diary,Bill Bryson,2002
Bryson's Dictionary of Troublesome Words: A Writer's Guide to Getting It Right,Bill Bryson,2004
In a Sunburned Country,Bill Bryson,2001
I'm a Stranger Here Myself: Notes on Returning to America After Twenty Years Away,Bill Bryson,2000
The Lost Continent: Travels in Small Town America,Bill Bryson,1990
Neither Here nor There: Travels in Europe,Bill Bryson,1993
Notes from a Small Island,Bill Bryson,1997
The Mother Tongue: English and How It Got That Way,Bill Bryson,1991
J.R.R. Tolkien 4-Book Boxed Set: The Hobbit and The Lord of the Rings,J.R.R. Tolkien,2012
The Lord of the Rings (The Lord of the Rings  #1-3),J.R.R. Tolkien,2004
The Fellowship of the Ring (The Lord of the Rings  #1),J.R.R. Tolkien,2003
The Lord of the Rings (The Lord of the Rings  #1-3),J.R.R. Tolkien/Alan  Lee,2002
The Lord of the Rings: Weapons and Warfare,Chris   Smith/Christopher  Lee/Richard Taylor,2003
The Lord of the Rings: Complete Visual Companion,Jude Fisher,2004
Agile Web Development with Rails: A Pragmatic Guide,Dave Thomas/David Heinemeier Hansson/Leon Breedt/Mike Clark/Thomas  Fuchs/Andreas  Schwarz,2005
Hatchet (Brian's Saga  #1),Gary Paulsen,2000
"Hatchet: A Guide for Using ""Hatchet"" in the Classroom",Donna Ickes/Edward Sciranko/Keith Vasconcelles,1994
Guts: The True Stories behind Hatchet and the Brian Books,Gary Paulsen,2001
Molly Hatchet - 5 of the Best,Molly Hatchet,2003
Hatchet Jobs: Writings on Contemporary Fiction,Dale Peck,2005
A Changeling for All Seasons (Changeling Seasons #1),Angela Knight/Sahara Kelly/Judy Mays/Marteeka Karland/Kate Douglas/Shelby Morgen/Lacey Savage/Kate Hill/Willa Okati,2005
Changeling (Changeling  #1),Delia Sherman,2006
The Changeling Sea,Patricia A. McKillip,2003
The Changeling,Zilpha Keatley Snyder,2004
The Changeling,Kate Horsley,2005
The Changeling (Daughters of England  #15),Philippa Carr,1990
The Known World,Edward P. Jones,2006
The Known World,Edward P. Jones/Kevin R. Free,2004
The Known World,Edward P. Jones,2004
Traders  Guns & Money: Knowns and Unknowns in the Dazzling World of Derivatives,Satyajit Das,2006
Artesia: Adventures in the Known World,Mark Smylie,2005
The John McPhee Reader (John McPhee Reader  #1),John McPhee/William Howarth,1982
Uncommon Carriers,John McPhee,2006
Heirs of General Practice,John McPhee,1986
The Control of Nature,John McPhee,1990
Annals of the Former World,John McPhee,1999
Coming Into the Country,John McPhee,1991
La Place de la Concorde Suisse,John McPhee,1994
Giving Good Weight,John McPhee,1994
Rising from the Plains,John McPhee,1987
The Heidi Chronicles,Wendy Wasserstein,2002
The Heidi Chronicles: Uncommon Women and Others & Isn't It Romantic,Wendy Wasserstein,1991
Active Literacy Across the Curriculum: Strategies for Reading  Writing  Speaking  and Listening,Heidi Hayes Jacobs,2006
Simply Beautiful Beaded Jewelry,Heidi Boyd,2006
Always Enough: God's Miraculous Provision Among the Poorest Children on Earth,Heidi Baker/Rolland Baker,2003
Mapping the Big Picture: Integrating Curriculum & Assessment K-12,Heidi Hayes Jacobs,1997
Heidi (Heidi  #1-2),Johanna Spyri/Beverly Cleary/Angelo  Rinaldi,2002
Getting Results with Curriculum Mapping,Heidi Hayes Jacobs,2004
There's Always Enough: The Miraculous Move of God in Mozambique,Rolland Baker/Heidi Baker,2003
What to Expect the First Year (What to Expect),Heidi Murkoff/Sharon Mazel/Arlene Eisenberg/Sandee Hathaway/Mark D. Widome,2003
The Player's Handbook: The Ultimate Guide on Dating and Relationships,Heidi Fleiss/Libby Keatinge,2004
Simply Beautiful Beading: 53 Quick and Easy Projects,Heidi Boyd,2004
God Emperor of Dune (Dune Chronicles  #4),Frank Herbert,1987
Chapterhouse: Dune (Dune Chronicles #6),Frank Herbert,1987
Dune Messiah (Dune Chronicles #2),Frank Herbert,1987
Dreamer of Dune: The Biography of Frank Herbert,Brian Herbert,2004
Heretics of Dune (Dune Chronicles  #5),Frank Herbert,1984
The Road to Dune,Frank Herbert/Brian Herbert/Kevin J. Anderson,2006
Heretics of Dune (Dune Chronicles #5),Frank Herbert,1987
The Lord of the Rings: The Art of the Fellowship of the Ring,Gary Russell,2002
The Power of One (The Power of One  #1),Bryce Courtenay,1996
The Power of One (The Power of One  #1),Bryce Courtenay,2005
The Power of One: One Person  One Rule  One Month,John C. Maxwell/Stephen R. Graves/Thomas G. Addington,2004
Power of an Hour: Business and Life Mastery in One Hour a Week,Dave Lakhani,2006
The Power of One: The Solo Play for Playwrights  Actors  and Directors,Louis E. Catron,2000
How to Buy  Sell & Profit on eBay: Kick-Start Your Home-Based Business in Just Thirty Days,Adam Ginsberg,2005
eBay for Dummies,Marsha Collier,2006
What to Sell on ebay and Where to Get It: The Definitive Guide to Product Sourcing for eBay and Beyond,Chris Malta/Lisa Suttora,2006
Starting an eBay Business for Dummies,Marsha Collier,2004
eBay: Top 100 Simplified Tips & Tricks,Julia Wilkinson,2006
ebay Timesaving Techniques for Dummies,Marsha Collier,2004
eBay Business All-in-One Desk Reference for Dummies,Marsha Collier,2005
Ruby Cookbook,Lucas Carlson/Leonard Richardson,2006
Ruby Ann's Down Home Trailer Park Cookbook,Ruby Ann Boxcar,2005
Ruby Ann's Down Home Trailer Park BBQin' Cookbook,Ruby Ann Boxcar,2005
Rails Cookbook: Recipes for Rapid Web Development with Ruby,Rob Orsini,2007
Anna Karenina,Leo Tolstoy/Richard Pevear/Larissa Volokhonsky,2004
Anna Karenina,Leo Tolstoy/David Magarshack/Priscilla Meyer,2002
Anna Karenina,Leo Tolstoy/Richard Pevear/Larissa Volokhonsky/John Bayley,2003
CliffsNotes on Tolstoy's Anna Karenina,Marianne Sturman/Leo Tolstoy,1965
Anna Karenina,Leo Tolstoy/Amy Mandelker/Constance Garnett,2003
Anna Karenina,Leo Tolstoy/Louise Maude/Aylmer Maude,2004
Anna Karenina,Leo Tolstoy/Constance Garnett/Amy Mandelker,2004
Dinner with Anna Karenina,Gloria Goldreich,2006
Tolstoy: Anna Karenina,Anthony Thorlby,1987
Untouchable,Mulk Raj Anand/E.M. Forster,1990
The Untouchable,John Banville,1998
The Untouchables,Eliot Ness/Oscar Fraley,1996
Untouchables: My Family's Triumphant Journey Out of the Caste System in Modern India,Narendra Jadhav,2005
Dalit: The Black Untaouchables of India,V.T. Rajshekar/Y.N. Kly,1995
Growing Up Untouchable in India: A Dalit Autobiography,Vasant Moon/Gail Omvedt/Eleanor Zelliot,2000
The Evidence-Based Social Work Skills Book,Barry R. Cournoyer,2003
"A Wrinkle in Time: A Guide for Using ""A Wrinkle in Time"" in the Classroom",John Carratello/Patty Carratello/Theresa Wright,1991
Wrinkles in Time,George Smoot/Keay Davidson,1994
A Wrinkle in Time: With Related Readings (A Wrinkle in Time Quintet #1),Madeleine L'Engle,2002
Literature Circle Guide: A Wrinkle in Time,Tara MacCarthy,2002
The Long Shadow (The Morland Dynasty  #6),Cynthia Harrod-Eagles,1994
A Long Shadow (Inspector Ian Rutledge  #8),Charles Todd,2006
Long Way Round: Chasing Shadows Across the World,Ewan McGregor/Charley Boorman/Robert Uhlig,2005
A Shadow in Summer (Long Price Quartet  #1),Daniel Abraham,2006
New Hope for the Dead (Hoke Mosely #2),Charles Willeford/James Lee Burke,2004
Sideswipe: A Hoke Moseley Novel,Charles Willeford/Lawrence Block,2005
Miami Blues (Hoke Moseley #1),Charles Willeford/Elmore Leonard,2004
The Burnt Orange Heresy (Vintage Crime/Black Lizard),Charles Willeford,1990
I am Charlotte Simmons,Tom Wolfe,2005
Poetry for Young People: Edward Lear,Edward Lear/Laura Huliska-Beith/Edward Mendelson,2001
The Puffin Book of Nonsense Verse,Quentin Blake,1996
Henry Miller on Writing,Henry Miller/Thomas H. Moore,1964
Quiet Days in Clichy,Henry Miller,1994
Tropic of Capricorn,Henry Miller,1994
Nexus (The Rosy Crucifixion  #3),Henry Miller,1994
Sexus (The Rosy Crucifixion  #1),Henry Miller,1994
The Air-Conditioned Nightmare,Henry Miller,1970
The Portrait of a Lady,Henry James/Patricia Crick,2003
The Portrait of a Lady,Henry James/Gabriel Brownstein/Mary Cregan,2004
Writing,Marguerite Duras,1999
The War,Marguerite Duras/Barbara Bray,1994
The Ravishing of Lol Stein,Marguerite Duras/Richard Seever,1986
Love Letters,Kahlil Gibran/Suheil Bushrui/Salma H. Al-Kuzbari,1999
The Beloved: Reflections on the Path of the Heart,Kahlil Gibran/John Walbridge/Robin Waterfield,1998
Treasure Island,Robert Louis Stevenson,2001
Treasure Island,Robert Louis Stevenson/Scott McKowen,2004
Treasure Island,Robert Louis Stevenson,2005
Treasure Island,Robert Louis Stevenson/N.C. Wyeth/Timothy Meis,2003
Treasure Island,Robert Louis Stevenson/Milo Winter,2002
Treasure Island (Great Illustrated Classics),Deidre S. Laiken/A.J. McAllister/Robert Louis Stevenson,2006
100 Years of Lynchings,Ralph Ginzburg,1996
On Beyond Zebra!,Dr. Seuss,1955
The Wedding Clause,Debbie Raleigh,2005
The Zebra Wall,Kevin Henkes,2005
The Door Into Summer,Robert A. Heinlein,1997
Stranger in a Strange Land,Robert A. Heinlein,1991
To Sail Beyond the Sunset,Robert A. Heinlein,1988
Job: A Comedy of Justice,Robert A. Heinlein,1985
Time for the Stars (Heinlein's Juveniles  #10),Robert A. Heinlein,2006
The Long Dark Tea-Time of the Soul (Dirk Gently  #2),Douglas Adams,1991
The Salmon of Doubt (Dirk Gently  #3),Douglas Adams,2005
Wish You Were Here: The Official Biography of Douglas Adams,Nick  Webb,2005
Douglas Adams's Starship Titanic,Terry Jones,1998
Salmon of Doubt: Hitchhiking the Galaxy One Last Time,Douglas Adams/Christopher Cerf,2003
The Phantom Tollbooth: A Children's Play in Two Acts,Susan Nanus/Norton Juster,2011
On Bullshit,Harry G. Frankfurt,2005
Another Bullshit Night in Suck City,Nick Flynn,2005
Lincoln at Gettysburg: The Words That Remade America,Garry Wills,1993
The Gettysburg Address,Abraham Lincoln/Michael McCurdy,1998
Underworld,Don DeLillo,1998
Libra,Don DeLillo,1991
Americana,Don DeLillo,1989
Running Dog,Don DeLillo,1989
Cosmopolis,Don DeLillo,2004
Great Jones Street,Don DeLillo,1994
The Names,Don DeLillo,1989
Against the Day,Thomas Pynchon,2006
V.,Thomas Pynchon,2005
The Crying of Lot 49,Thomas Pynchon,1999
Gravity's Rainbow,Thomas Pynchon,2000
Mason & Dixon,Thomas Pynchon/Christophe Claro/Brice Matthieussent,2004
Vineland,Thomas Pynchon,1997
Gravity's Rainbow,Thomas Pynchon,2006
Slow Learner: Early Stories,Thomas Pynchon,1985
The Year of Magical Thinking,Joan Didion,2005
The White Album,Joan Didion,1990
A Book of Common Prayer,Joan Didion,1995
Where I Was From,Joan Didion,2004
Slouching Towards Bethlehem,Joan Didion,1990
Democracy,Joan Didion,1995
We Tell Ourselves Stories in Order to Live: Collected Nonfiction,Joan Didion/John Leonard,2006
Play It As It Lays,Joan Didion/David Thomson,2005
The New York Trilogy,Paul Auster/Art Spiegelman/Luc Sante,2006
City of Glass (The New York Trilogy  #1),Paul Auster,1987
Ghosts (The New York Trilogy  #2),Paul Auster,1987
The Locked Room (The New York Trilogy  #3),Paul Auster,1986
Pyramids of Montauk: Explorations in Consciousness,Peter Moon/Preston B. Nichols/Nina Helms,1995
The Brooklyn Follies,Paul Auster,2006
Moon Palace,Paul Auster,1990
The Music of Chance,Paul Auster,1991
Travels in the Scriptorium,Paul Auster,2007
Leviathan,Paul Auster,1993
The Red Notebook: True Stories,Paul Auster,2002
Timbuktu / Leviathan / Moon Palace,Paul Auster,2002
Collapse: How Societies Choose to Fail or Succeed,Jared Diamond,2005
The Coming Economic Collapse: How You Can Thrive When Oil Costs $200 a Barrel,Stephen Leeb/Glen C. Strathy,2006
Collapse of Complex Societies,Joseph A. Tainter,1990
Bowling Alone: The Collapse and Revival of American Community,Robert D. Putnam,2001
The Collapse of the Common Good: How America's Lawsuit Culture Undermines Our Freedom,Philip K. Howard,2002
Reinventing the Enemy's Language: Contemporary Native Women's Writings of North America,Joy Harjo/Gloria Bird/Beth Cuthand/Valerie Martinez/Patricia Blanco,1998
My Inventions,Nikola Tesla,2006
Wizard: The Life and Times of Nikola Tesla: Biography of a Genius,Marc J.  Seifer/William H. Terbo,2001
Nikola Tesla: A Spark of Genius,Carol Dommermuth-Costa,1994
Tesla Papers,Nikola Tesla/David Hatcher Childress,2000
Boys of Summer,Julie Elizabeth Leto/Leslie Kelly/Kimberly Raye,2006
Programming Ruby: The Pragmatic Programmers' Guide,Dave Thomas/Chad Fowler/Andy Hunt,2004
Golding's Lord of the Flies (Cliffs Notes),Maureen Kelly/CliffsNotes/William Golding,2000
Lord of the Flies,William Golding,2005
A War Like No Other: How the Athenians & Spartans Fought the Peloponnesian War,Victor Davis Hanson,2006
We Were Not Like Other People,Ephraim Sevela/Antonina W. Bouis,1989
The Lovely Bones,Alice Sebold,2003
The Lovely Bones,Alice Sebold,2004
Lovely in Her Bones (Elizabeth MacPherson  #2),Sharyn McCrumb,1990
The Zen of CSS Design: Visual Enlightenment for the Web,Dave Shea/Molly E. Holzschlag,2005
HTML  XHTML  and CSS (Visual Quickstart Guide),Elizabeth Castro,2006
1000 Record Covers,Michael Ochs/Patrick Javault/Ulrike Wasel,2005
Killing Yourself to Live: 85% of a True Story,Chuck Klosterman,2006
Sex  Drugs  and Cocoa Puffs: A Low Culture Manifesto,Chuck Klosterman,2004
Vice (V  #8),Jane Feather,1996
Zen and the Art of Motorcycle Maintenance: An Inquiry Into Values (Phaedrus  #1),Robert M. Pirsig,2006
Once Upon a Cool Motorcycle Dude,Kevin O'Malley/Carol Heyer/Scott Goto,2005
Guidebook to Zen and the Art of Motorcycle Maintenance,Ronald L. DiSanto/Thomas J. Steele,1990
Motorcycle Basics Techbook,John Harold Haynes,2002
LOGO Lounge: 2 000 International Identities by Leading Designers,Catharine M. Fishel/Bill Gardner,2004
The Death of Ivan Ilych And Other Stories,Leo Tolstoy/Hugh McLean,2003
War and Peace,Leo Tolstoy/Henry Gifford/Aylmer Maude/Louise Maude,1998
The Kingdom of God Is Within You,Leo Tolstoy/Constance Garnett,2006
Atlas Shrugged,Ayn Rand/Leonard Peikoff,1999
For the New Intellectual: The Philosophy of Ayn Rand,Ayn Rand,1963
The Fountainhead,Ayn Rand,2005
The Virtue of Selfishness: A New Concept of Egoism,Ayn Rand/Nathaniel Branden,1964
Anthem,Ayn Rand,1999
We the Living,Ayn Rand/Leonard Peikoff,1996
Capitalism: The Unknown Ideal,Ayn Rand/Nathaniel Branden/Alan Greenspan/Robert Hessen,1986
Letters of Ayn Rand,Ayn Rand/Michael S. Berliner/Leonard Peikoff,1997
Sailing for Dummies,J.J. Isler/Peter Isler,2006
Sailing from Byzantium: How a Lost Empire Shaped the World,Colin  Wells,2006
Sailing Alone Around the Room: New and Selected Poems,Billy Collins,2002
The Greatest Sailing Stories Ever Told: Twenty-Seven Unforgettable Stories,Christopher Caswell,2004
"Natural Cures ""They"" Don't Want You to Know about",Kevin Trudeau,2004
The Natural,Bernard Malamud/Kevin Baker,2003
Digging to America,Anne Tyler,2006
Rereading America: Cultural Contexts for Critical Thinking and Writing,Gary Colombo/Bonnie Lisle,2004
Modern Latin America,Thomas E. Skidmore/Peter H. Smith,2004
The Plot Against America,Philip Roth,2005
Naked Pictures of Famous People,Jon   Stewart,1999
The Elegant Universe: Superstrings  Hidden Dimensions  and the Quest for the Ultimate Theory,Brian Greene,2004
Pure and Simple: The Extraordinary Teachings of a Thai Buddhist Laywoman,Upasika Kee Nanayon/Thanissaro Bhikkhu,2005
The Mini Rough Guide to London,Rob Humphreys/Beth Chaplin/Rebecca Morrill,2006
Best of London (Lonely Planet Best Of),Lonely Planet/Sarah Johnstone/Steve Fallon,2004
Lonely Planet Londres,Lonely Planet/Sarah Johnstone/Tom Masters,2006
Out to Eat London 2002 (Lonely Planet Out to Eat),Lonely Planet/Mark Honan,2001
Three Nights in August: Strategy  Heartbreak  and Joy Inside the Mind of a Manager,H.G. Bissinger,2006
Cryptonomicon,Neal Stephenson,2002
The Confusion (The Baroque Cycle  #2),Neal Stephenson,2005
Quicksilver (The Baroque Cycle  #1),Neal Stephenson,2004
The Cobweb,Neal Stephenson/J. Frederick George,2005
The Big U,Neal Stephenson,2001
The Diamond Age: Or  A Young Lady's Illustrated Primer,Neal Stephenson/Pedro Jorge Romero,2000
Interface,Neal Stephenson/George F. Jewsbury/Stephen  Bury,2005
Odalisque (The Baroque Cycle  Vol. 1  Book 3),Neal Stephenson,2006
Snow Crash,Neal Stephenson/Guy Abadia,2000
Harrington on Hold 'em: Expert Strategy for No-Limit Tournaments  Volume II: The Endgame,Dan Harrington/Bill Robertie,2005
Harrington on Hold 'em: Expert Strategy for No-Limit Tournaments  Volume I: Strategic Play,Dan Harrington/Bill Robertie,2004
The Design of Everyday Things,Donald A. Norman,2002
Emotional Design: Why We Love (or Hate) Everyday Things,Donald A. Norman,2005
The Psychology of Everyday Things,Donald A. Norman,1988
No Price Too High: A Pentecostal Preacher Becomes Catholic - The Inspirational Story of Alex Jones as Told to Diane Hanson,Alex C. Jones/Diane M. Hanson/Stephen K. Ray,2006
The Alchemist,Paulo Coelho/Alan R. Clarke/James Noel Smith,2006
Fullmetal Alchemist  Vol. 9 (Fullmetal Alchemist  #9),Hiromu Arakawa/Akira Watanabe,2006
Fullmetal Alchemist  Vol. 3 (Fullmetal Alchemist  #3),Hiromu Arakawa/Akira Watanabe,2005
Fullmetal Alchemist  Vol. 8 (Fullmetal Alchemist  #8),Hiromu Arakawa/Akira Watanabe,2006
Fullmetal Alchemist  Vol. 1 (Fullmetal Alchemist  #1),Hiromu Arakawa/Akira Watanabe,2005
Fullmetal Alchemist  Vol. 4 (Fullmetal Alchemist  #4),Hiromu Arakawa/Akira Watanabe,2005
Fullmetal Alchemist  Vol. 2 (Fullmetal Alchemist  #2),Hiromu Arakawa/Akira Watanabe,2005
Pompeii,Robert   Harris,2005
The Last Days of Pompeii,Edward Bulwer-Lytton/John Gregory Betancourt,2002
Of Mice and Men,John Steinbeck,2002
The Game: Penetrating the Secret Society of Pickup Artists,Neil Strauss,2005
The Westing Game,Ellen Raskin,2004
The Egypt Game,Zilpha Keatley Snyder,2009
Memoirs of a Geisha,Arthur Golden,2005
Memoirs of a Geisha,Arthur Golden,2005
Memoirs of a Geisha,Arthur Golden,2005
Memoirs of a Geisha: A Portrait of the Film,David        James/Peggy Mulloy/Rob Marshall/Arthur Golden,2005
Memoirs of a Geisha,Arthur Golden,1998
Geisha of Gion,Mineko Iwasaki/Rande Brown,2003
Love As A Foreign Language #5,J. Torres/Eric  Kim,2006
Jungle Love,Margaret Johnson/Philip Prowse,2002
The 5 Love Languages / The 5 Love Languages Journal,Gary Chapman,2005
Angels & Demons (Robert Langdon  #1),Dan Brown,2006
The Da Vinci Code (Robert Langdon  #2),Dan Brown,2006
The Da Vinci Code,Dan Brown,2006
Da Vinci Code (Robert Langdon  #2),Dan Brown/Daniel Roche,2005
Deception Point,Dan Brown,2006
Deception Point,Dan Brown,2004
Deception Point,Dan Brown,2005
A Killing Rain (Louis Kincaid  #6),P.J. Parrish,2005
The Millionaire Next Door: The Surprising Secrets of America's Wealthy,Thomas J. Stanley/William D. Danko,1998
Think and Grow Rich: The Landmark Bestseller Now Revised and Updated for the 21st Century,Napoleon Hill,2005
Think and Grow Rich,Napoleon Hill,2004
Pragmatic Version Control: Using Subversion (The Pragmatic Starter Kit Series),Mike   Mason,2006
Read My Lips: Sexual Subversion and the End of Gender,Riki Anne Wilchins,2005
Trump: The Art of the Deal,Donald J. Trump/Tony Schwartz,2004
The Richest Man in Babylon,George S. Clason,2008
The Richest Man in Babylon,George S. Clason,2005
Shibumi,Trevanian/Gisela Stege,2005
1776,David McCullough,2006
1776,Peter  Stone/Sherman Edwards,1976
The Crescent Obscured: The United States and the Muslim World  1776-1815,Robert J. Allison,2000
The Good Earth (House of Earth  #1),Pearl S. Buck,2009
Purpose Driven Life - For Commuters: What on Earth Am I Here For?,Rick Warren,2005
Fast Food Nation: The Dark Side of the All-American Meal,Eric Schlosser,2005
Fast Food Nation: What The All-American Meal is Doing to the World,Eric Schlosser,2002
Snow Flower and the Secret Fan,Lisa See,2006
The Broker,John Grisham,2006
The Power Broker: Robert Moses and the Fall of New York,Robert A. Caro,1975
The Power Broker: A Novel (Christian Gillette  #3),Stephen W. Frey,2006
Body For Life: 12 Weeks to Mental and Physical Strength,Bill Phillips/Michael D'Orso,1999
Body for Life for Women: A Woman's Plan for Physical and Mental Transformation,Pamela Peeke/Cindy Crawford,2005
Eating for Life: Your Guide to Great Health  Fat Loss and Increased Energy!,Bill Phillips,2003
The Warren Buffett Way,Robert G. Hagstrom/Bill Miller/Kenneth L. Fisher,2005
The Warren Buffett CEO: Secrets from the Berkshire Hathaway Managers,Robert P. Miles/Tom Osborne,2003
Monkey Business: True Story of the Scopes Trial,Marvin N. Olasky/John R. Perry,2005
Junie B. Jones and a Little Monkey Business (Junie B. Jones  #2),Barbara Park/Denise Brunkus,1993
Monkey Business,Sarah Mlynowski,2004
Liar's Poker,Michael   Lewis,1990
Liar's Poker: A Harry Garnish Mystery,Frank McConnell,1993
Risotto: 30 Simply Delicious Vegetarian Recipes from an Italian Kitchen,Ursula Ferrigno/Jason Lowe/Maxine  Clark,2001
Giada's Family Dinners,Giada De Laurentiis/Victoria Pearson,2006
Everyday Italian: 125 Simple and Delicious Recipes,Giada De Laurentiis,2005
Everyday Pasta,Giada De Laurentiis/Victoria Pearson,2007
Tyler's Ultimate: Brilliant Simple Food to Make Any Time,Tyler Florence/Petrina Tinslay,2006
Tyler Florence's Real Kitchen: An Indespensible Guide for Anybody Who Likes to Cook,Tyler Florence/JoAnn Cianciulli/Bill Bettencourt/Bobby Flay,2003
Eat This Book: Cooking with Global Fresh Flavors,Tyler Florence/Petrina Tinslay,2004
Freakonomics: A Rogue Economist Explores the Hidden Side of Everything,Steven D. Levitt/Stephen J. Dubner,2006
Freakonomics: A Rogue Economist Explores the Hidden Side of Everything,Steven D. Levitt/Stephen J. Dubner,2006
The Last Assassin (John Rain  #5),Barry Eisler,2006
Life of Pi,Yann Martel,2004
L'Histoire de Pi,Yann Martel/Nicole Martel/Emile Martel,2005
Shadows and Wind: A View of Modern Vietnam,Robert Templer,1999
A Million Little Pieces,James Frey,2005
A Million Little Pieces of Feces,Python Bonkers,2006
A Million Little Lies,James Pinocchio/Pablo Fenjves,2006
The Leadership Challenge,James M. Kouzes/Barry Z. Posner,2003
Lincoln on Leadership: Executive Strategies for Tough Times,Donald T. Phillips,1993
Leadership in Organizations,Gary Yukl,2005
Leadership,Rudolph W. Giuliani,2002
Men Are from Mars  Women Are from Venus,John Gray,2012
Mars and Venus Book of Days: 365 Inspriations to Enrich Your Relationships,John Gray,1998
Men Are from Mars  Women Are from Venus,John Gray,2007
How to Succeed with Women,Ron  Louis/David Copeland,1998
The Clan of the Cave Bear (Earth's Children  #1),Jean M. Auel,2002
The Clan of the Cave Bear (Earth's Children  #1),Jean M. Auel,1980
Moneyball: The Art of Winning an Unfair Game,Michael   Lewis,2004
Juiced Official Strategy Guide,Doug Walsh,2005
The 48 Laws of Power,Robert Greene/Joost Elffers,2000
Gates of Fire,Steven Pressfield,2005
Fire Sea (The Death Gate Cycle  #3),Margaret Weis/Tracy Hickman,1992
The Gate of Fire (Oath Of Empire Book Two),Thomas Harlan,2001
The Afghan Campaign,Steven Pressfield,2006
Tides of War,Steven Pressfield,2001
Last of the Amazons,Steven Pressfield,2003
The War of Art: Break Through the Blocks & Win Your Inner Creative Battles,Steven Pressfield/Robert McKee,2003
Gita on the Green,Stephen J. Rosen/Steven Pressfield,2002
Blood Stripes: The Grunt's View of the War in Iraq,David J. Danelo/Steven Pressfield,2006
Phaedrus and Letters VII and VIII,Plato/Walter Hamilton,1973
Phaedrus,Plato/Robin Waterfield,2003
Phaedrus,Plato/C.J. Rowe,2005
Lysis/Phaedrus/Symposium: Plato on Homosexuality,Plato/Benjamin Jowett,1991
Enthusiasm and Divine Madness,Josef Pieper/Richard Winston/Clara Winston,2019
On Love: Lysis/Symposium/Phaedrus/Alcibiades/Selections from Republic & Laws,Plato/C.D.C. Reeve,2006
Gorgias/Phaedrus (Agora),Plato/James H. Nichols Jr.,1998
Statesman,Plato/C.J. Rowe,1999
Gorgias,Plato/Walter Hamilton/Chris Emlyn-Jones,2004
The History (Great Minds),Herodotus/Henry Francis Cary,1992
The Histories,Herodotus/Carolyn Dewald/Robin Waterfield,1998
The Histories,Herodotus/Jennifer Tolbert Roberts/Walter Blanco,1992
The Histories,Herodotus/Edward Henry Blakeney/George Rawlinson/Rosalind Thomas,1997
The History,Herodotus/Peter Grene,1987
The Iliad,Homer/Robert Fagles/Bernard Knox,1999
Iliad,Homer/Stanley Lombardo/Sheila Murnaghan,1997
The Iliad,Homer/Robert Fitzgerald/Andrew Ford,2004
The Iliad/The Odyssey,Homer/Robert Fagles/Bernard Knox,1999
The Iliad,Homer/E.V. Rieu/Peter Jones/D.C.H. Rieu,2003
The Iliad,Homer/W.H.D. Rouse,1999
The Essential Iliad,Homer/Sheila Murnaghan/Stanley Lombardo,2000
The Odyssey,Homer/Robert Fagles/Bernard Knox,2006
The Odyssey,Homer/Robert Fitzgerald/D.S. Carne-Ross,1998
The Odyssey,Homer/Richmond Lattimore,1999
The Odyssey,Homer/E.V. Rieu/Peter Jones/D.C.H. Rieu,2003
The Odyssey,Homer/W.H.D. Rouse,1999
Aeneid: Selections from Books 1  2  4  6  10  12,Virgil/Barbara Weiden Boyd,2001
Eclogues. Georgics. Aeneid: Books 1-6,Virgil/Henry Rushton Fairclough/G.P. Goold,1999
City Eclogue,Ed Roberson,2006
The Eclogues and The Georgics,Virgil/Cecil Day-Lewis,1999
Paul Kirk's Championship Barbecue Sauces: 175 Make-Your-Own Sauces  Marinades  Dry Rubs  Wet Rubs  Mops and Salsas,Paul  Kirk,1997
The Complete Pelican Shakespeare,William Shakespeare/Stephen Orgel/A.R. Braunmuller,2002
The Complete Works,William Shakespeare,1991
Hamlet,William Shakespeare/Harold Bloom/Rex Gibson,2005
The Compleat Works of Wllm Shkspr (abridged),Reduced Shakespeare Company/Adam Long/Daniel Singer/Jess Winfield,1994
The Pilgrimage: A Contemporary Quest for Ancient Wisdom,Paulo Coelho/Alan R. Clarke,1995
The Valkyries,Paulo Coelho/Alan R. Clarke,1996
Warrior of the Light,Paulo Coelho,2004
The Zahir,Paulo Coelho/Margaret Jull Costa,2006
By the River Piedra I Sat Down and Wept,Paulo Coelho/Alan R. Clarke,2006
The Fifth Mountain,Paulo Coelho/Clifford E. Landers,2000
Hamlet,William Shakespeare/Stephen Orgel/A.R. Braunmuller,2001
Cliffs Notes on Shakespeare's Hamlet,Carla Lynn Stockton,2000
Shakespeare's Hamlet,William Shakespeare/Terri Mategrano,2000
Hamlet's Mill: An Essay Investigating the Origins of Human Knowledge and Its Transmission Through Myth,Giorgio De Santillana/Hertha Von Dechend,2015
History of the Peloponnesian War: Bk. 1-2,Thucydides/C.F. Smith,1919
On Justice  Power and Human Nature: Selections from The History of the Peloponnesian War,Thucydides/Paul Woodruff,1993
History of the Peloponnesian War: Bk. 5-6,Thucydides/C.F. Smith,1921
The Peloponnesian War,Thucydides/Steven Lattimore,1998
The Peloponnesian War: A New Translation  Backgrounds  Interpretations,Thucydides/Jennifer Tolbert Roberts/Walter Blanco,1998
History of the Peloponnesian War  Bk. 7-8,Thucydides/C.F. Smith,1923
Thucydides  Book 6 Commentary,Cynthia W. Shelmerdine,1989
Euripides I: Alcestis / The Medea / The Heracleidae / Hippolytus,Euripides/Richmond Lattimore/David Grene/Rex Warner/Ralph Gladstone,1955
Euripides V: Electra / The Phoenician Women / The Bacchae,Euripides/David Grene/Richmond Lattimore/Emily Townsend Vermeule/Elizabeth Wyckoff/William Arrowsmith,1969
Euripides IV: Rhesus / The Suppliant Women / Orestes / Iphigenia in Aulis,Euripides/David Grene/Richmond Lattimore/William Arrowsmith/Frank William Jones/Charles R. Walker,1968
Grief Lessons: Four Plays by Euripides,Anne Carson/Euripides,2006
Ten Plays,Euripides/Moses Hadas/John Maclean,1990
Euripides III: Hecuba / Andromache / The Trojan Women / Ion (Complete Greek Tragedies  #7),Euripides/David Grene/Richmond Lattimore/William Arrowsmith/John Frederick Nims/Ronald Frederick Willetts,1992
Euripides II: The Cyclops / Heracles / Iphigenia in Tauris / Helen,Euripides/David Grene/Richmond Lattimore/Witter Bynner/William Arrowsmith,2002
Medea and Other Plays,Euripides/John Davie/Richard Rutherford,2003
Cyclops / Alcestis / Medea,Euripides/David Kovacs,1994
Medea,Euripides/Donald J. Mastronarde,2002
The Bacchae and Other Plays,Euripides/John Davie/Richard Rutherford,2006
Bakkhai,Euripides/Reginald Gibbons/Peter H. Burian,2001
Plays 1: Medea/The Phoenician Women/Bacchae,Euripides/David Thompson/J. Michael Walton,2000
The Trojan Women and Hippolytus,Euripides,2002
The Bacchae of Euripides: A Communion Rite,Wole Soyinka,2004
Orestes and Other Plays,Euripides/James Morwood/Robin Waterfield,2001
Children of Heracles / Hippolytus / Andromache / Hecuba,Euripides/David Kovacs,1995
Alcestis,Euripides/William Arrowsmith,1990
Suppliant Women / Electra / Heracles,Euripides/David Kovacs,1998
Medea,Euripides/Georgia Ann Machemer/Michael   Collier,2006
Euripides: Medea,William Allan,2002
CliffsNotes on Euripides' Medea and Electra,Robert J. Milch,1965
Trojan Women / Iphigenia Among the Taurians / Ion,Euripides/David Kovacs,1999
Helen / Phoenician Women / Orestes,Euripides/David Kovacs,2002
Euripides: Iphigenia at Aulis (Companions to Greek & Roman Tragedy),Euripides/Pantelis Michelakis,2006
The Complete Greek Tragedies  Volume 3: Euripides,Euripides/David Grene/Richmond Lattimore,1992
Aeschylus I: Oresteia (Agamemnon  The Libation Bearers  The Eumenides),Aeschylus/David Grene/Richmond Lattimore,1969
Aeschylus II: The Suppliant Maidens  The Persians  Seven against Thebes  and Prometheus Bound (The Complete Greek Tragedies),Aeschylus/David Grene/Richmond Lattimore/Seth Benardete,1992
The Oresteia,Aeschylus/Alan Shapiro/Peter H. Burian,2004
The Oresteia: Agamemnon  The Libation Bearers  The Eumenides,Aeschylus/Robert Fagles/William Bedell Stanford,1984
Oresteia,Aeschylus/Peter Meineck/Helene P. Foley,1998
Prometheus Bound and Other Plays,Aeschylus/Philip Vellacott,1961
The Oresteia,Aeschylus/Ted Hughes,2004
Aeschylus  1: The Oresteia: Agamemnon/The Libation Bearers/The Eumenides,Aeschylus/David R. Slavitt/Smith Palmer Bovie,1997
The Complete Greek Tragedies  Volume 1: Aeschylus,Aeschylus/Richmond Lattimore/David Grene,1992
Aeschylus: The Oresteia (A Student Guide: Landmarks of World Literature),Simon Goldhill,2004
The Oresteia: Agamemnon  Choephoroe & Eumenides (Everyman's Library  No. 260),Aeschylus/George Thomson/Richard Seaford,2004
Aeschylus 2: The Persians/Seven Against Thebes/The Suppliants/Prometheus Bound,Aeschylus/David R. Slavitt/Smith Palmer Bovie,1998
The Oresteia Trilogy: Agamemnon/The Libation-Bearers/The Furies,Aeschylus/E.D.A. Morshead,1996
The Suppliant Maidens/The Persians/Seven against Thebes/Prometheus Bound,Aeschylus/E.D.A. Morshead,2004
Sophocles II: Ajax/Women of Trachis/Electra/Philoctetes (Complete Greek Tragedies 4),Sophocles/David Grene/Richmond Lattimore/John Moore/Michael Jameson,1969
The Oedipus Plays of Sophocles: Oedipus the King; Oedipus at Colonus; Antigone,Sophocles/Paul Roche,1996
The Complete Plays,Sophocles/Paul Roche,2001
The Oedipus Cycle: Oedipus Rex  Oedipus at Colonus  Antigone,Sophocles/Robert Fitzgerald/Dudley Fitts,2002
The Three Theban Plays: Antigone  Oedipus the King  Oedipus at Colonus,Sophocles/Robert Fagles/Bernard Knox,2000
Theban Plays,Sophocles/Peter Meineck/Paul Woodruff,2003
The Theban Plays (Everyman's Library  #93),Sophocles/David Grene/Charles Segal,1994
Electra and Other Plays,Sophocles/E.F. Watling,1953
Antigone; Oedipus the Kingn; Electra,Sophocles/Edith Hall/H.D.F. Kitto,1998
Oedipus Rex  (The Theban Plays  #1),Sophocles/J.E. Thomas,2006
The Oedipus Plays of Sophocles,Sophocles/Paul Roche,1958
Oedipus Rex (Greek and Latin Classics),Sophocles/Roger D. Dawe,2006
Oedipus the King,Sophocles/Bernard Knox/Cynthia Brantley Johnson,2005
Four Plays: The Clouds/The Birds/Lysistrata/The Frogs,Aristophanes/William Arrowsmith/Richmond Lattimore/Douglass Parker,1984
Three Plays by Aristophanes: Lysistrata/Women at the Thesmophoria/Assemblywomen,Aristophanes/Jeffrey Henderson,1996
The Complete Plays,Aristophanes/Moses Hadas,1984
Aristophanes 1: The Acharnians/Peace/Celebrating Ladies/Wealth,Aristophanes/David R. Slavitt,1998
Clouds/Wasps/Birds (Aristophanes 1),Aristophanes/Peter Meineck,1998
Lysistrata and Other Plays,Aristophanes/Alan H. Sommerstein,2003
Acharnians,Aristophanes/Jeffrey Henderson,2003
Clouds,Aristophanes/Kenneth James Dover,1969
Clouds/Wasps/Peace,Aristophanes/Jeffrey Henderson,1998
Three Plays: The Wasps / The Poet and the Women / The Frogs,Aristophanes/David B. Barrett,1964
Four Comedies: Lysistrata / The Frogs / The Birds / Ladies' Day,Aristophanes/Dudley Fitts,2003
Frogs/Assemblywomen/Wealth (Loeb Classical Library 180),Aristophanes/Jeffrey Henderson,2002
Cliffs Notes on Aristophanes' Lysistrata  The Birds  The Clouds  The Frogs,W. John Campbell,1983
Aristophanes and Athens: An Introduction to the Plays,Douglas M. MacDowell,1995
Lysistrata,Aristophanes/Douglass Parker,1970
Peace,Aristophanes/S. Douglas Olson,1999
Lysistrata,Aristophanes/Sarah Ruden,2003
The Knights / Peace / The Birds / The Assembly Women / Wealth,Aristophanes/Alan H. Sommerstein/David B. Barrett/David Brett,1978
Genres in Dialogue: Plato and the Construct of Philosophy,Andrea Wilson Nightingale,2000
The Curious Incident of the Dog in the Night-Time,Mark Haddon,2004
The Night Gardener,George Pelecanos,2006
Twelfth Night,William Shakespeare,2004
Brokeback Mountain,Annie Proulx,2005
Getting Things Done: The Art of Stress-Free Productivity,David    Allen,2002
Getting Things Done When You Are Not in Charge,Geoffrey M. Bellman,2001
Formas breves,Ricardo Piglia,2001
Money to Burn,Ricardo Piglia/Amanda Hopkinson,2004
Plata quemada,Ricardo Piglia,2005
American Government: Continuity and Change  Alternate Edition,Karen  O'Connor/Larry J. Sabato,2005
Essentials of American and Texas Government: Continuity and Change,Karen  O'Connor/Larry J. Sabato,2005
The Confessions (Works of Saint Augustine 1),Augustine of Hippo/John E. Rotelle/Maria Boulding,2002
The City of God,Augustine of Hippo/Thomas Merton/Marcus Dods,2000
The Enchiridion on Faith Hope and Love (Augustine Series 1),Augustine of Hippo/Bruce Harbert/John E. Rotelle,1999
Augustine of Hippo: A Biography,Peter R.L. Brown,2000
On Christian Doctrine,Augustine of Hippo/D.W. Robertson Jr.,1958
Confessions  Books 1-13,Augustine of Hippo/Peter R.L. Brown/Frank Sheed,1993
Saint Augustine,Garry Wills,2005
Augustine: A Very Short Introduction,Henry Chadwick,2001
On Genesis/A Refutation of the Manichees/The Unfinished Literal Meaning of Genesis (Works of St Augustine 1),Augustine of Hippo/Boniface Ramsey/Edmund Hill,2004
Kitchen Confidential: Adventures in the Culinary Underbelly,Anthony Bourdain,2001
Confesiones de un chef,Anthony Bourdain,2003
The Metamorphoses of Ovid,Ovid/Allen Mandelbaum,1995
Metamorphoses,Ovid/David Raeburn/Denis Feeney,2004
Metamorphoses,Ovid/Bernard Knox/Charles    Martin,2003
Ovid's Metamorphoses: Books 1-5,Ovid/William Scovil Anderson,1998
Latin Via Ovid: A First Course,Norma Goldman/Jacob E. Nyenhuis,1982
The Art of Love and Other Poems,Ovid/J.H. Mozley/G.P. Goold,1929
The Poems of Exile: Tristia and the Black Sea Letters,Ovid/Peter Green,2005
Metamorphoses: Volume 2  Books IX-XV,Ovid/Frank Justus Miller,1985
Metamorphoses: Volume I  Books I-VIII,Ovid/Frank Justus Miller,1977
Practice! Practice!: A Latin Via Ovid Workbook,Norma Goldman/Michael  Rossi,1995
Tibullus: A Commentary,Michael C.J. Putnam,1979
Dionysiac Poetics and Euripides' Bacchae,Charles Segal,1997
Antigone,Sophocles/Reginald Gibbons/Charles Segal,2007
Antigone,Sophocles/Reginald Gibbons/Charles Segal,2003
Object-Oriented Programming in C++,Richard Johnsonbaugh/Martin Kalin,1999
The Iliad,Homer/Robert Fitzgerald,1992
Love  Sex & Tragedy: How the Ancient World Shapes Our Lives,Simon Goldhill,2005
Reading Greek Tragedy,Simon Goldhill,1986
Who Needs Greek? Contests in the Cultural History of Hellenism,Simon Goldhill,2002
Foucault's Virginity: Ancient Erotic Fiction & the History of Sexuality (Stanford Memorial Lecture),Simon Goldhill,1995
2012: The Return of Quetzalcoatl,Daniel Pinchbeck,2006
Breaking Open the Head: A Psychedelic Journey Into the Heart of Contemporary Shamanism,Daniel Pinchbeck/Lee Fukui,2003
Them: Adventures with Extremists,Jon Ronson,2003
The Men Who Stare at Goats,Jon Ronson,2006
Guns  Germs and Steel: The Fates of Human Societies,Jared Diamond,2005
Caught Inside: A Surfer's Year on the California Coast,Daniel Duane,1997
Into the Wild,Jon Krakauer,1997
Wild at Heart: Discovering the Secret of a Man's Soul,John Eldredge,2001
Wild Swans: Three Daughters of China,Jung Chang,2003
Wild Fire (John Corey  #4),Nelson DeMille,2006
Born to Be Wild,Catherine Coulter,2006
The Call of the Wild,Jack London/Avi,2001
Wild About Books,Judy Sierra/Marc Brown,2004
In Web Design for Libraries,Charles P. Rubenstein,2006
Nickel and Dimed: On (Not) Getting by in America,Barbara Ehrenreich,2002
The History of Sexuality 1: An Introduction,Michel Foucault/Robert Hurley,1978
The History of Sexuality  Volume 1: The Will to Knowledge,Michel Foucault/Robert Hurley,1998
The History of Sexuality  Volume 2: The Use of Pleasure,Michel Foucault/Robert Hurley,1998
The Making of Pride and Prejudice,Sue Birtwistle/Sue Conklin/Susie Conklin,1995
Pride and Prejudice,Jane Austen,2004
Pride & Prejudice,Jane Austen/Vivien Jones,2005
Pride and Prejudice,Jane Austen/George Saintsbury/Hugh  Thomson,2005
Pride and Prejudice,Jane Austen/Carol Howard,2004
Under the Banner of Heaven: A Story of Violent Faith,Jon Krakauer,2003
Iceland: Land of the Sagas,David  Roberts/Jon Krakauer,1998
Into Thin Air: A Personal Account of the Mount Everest Disaster,Jon Krakauer,1999
The World Is Flat: A Brief History of the Twenty-first Century,Thomas L. Friedman,2006
La Tierra es plana: Breve historia del mundo globalizado del siglo XXI,Thomas L. Friedman,2006
The Avalanche Handbook,David McClung/Peter Schaerer,2006
Avalanche,Arthur J. Roth,1989
Little Women,Louisa May Alcott,2004
Little Women (Little Women  #1),Louisa May Alcott/Scott McKowen,2004
Little Women,Louisa May Alcott/Paula Danziger,2000
Little Women,Louisa May Alcott/Jessie Willcox Smith/Frank T. Merrill,2002
Little Women  Little Men  Jo's Boys,Louisa May Alcott/Elaine Showalter,2005
Little Women,Louisa May Alcott,2004
A Tale of Two Cities,Charles Dickens/Keith Cox/Cynthia Brantley Johnson,2004
A Tale of Two Cities,Charles Dickens/Gillen D'Arcy Wood,2004
A Tale of Two Cities: Charles Dickens,SparkNotes,2002
A Tale of Two Cities,Charles Dickens/Gillen D'Arcy Wood,2003
A Tale of Two Cities,Charles Dickens/Simon Schama,1993
Den of Thieves,James B. Stewart,1992
Den of Thieves (Cat Royal  #3),Julia Golding,2007
Charles Dickens: Four Novels:  Great Expectations  Hard Times  A Christmas Carol  and A Tale of Two Cities,Charles Dickens,1993
Bleak House,Charles Dickens/Mary Gaitskill/Hablot Knight Browne,2002
David Copperfield,Charles Dickens/Gish Jen,2006
Charles Dickens,Jane Smiley,2002
Martin Chuzzlewit,Charles Dickens/Patricia Ingham/Hablot Knight Browne,1999
Why Is Sex Fun? The Evolution of Human Sexuality (Science Masters),Jared Diamond,1998
The Third Chimpanzee: The Evolution & Future of the Human Animal,Jared Diamond,1992
J.K.Rowling,Colleen Sexton,2005
Harry Potter Schoolbooks Box Set: Two Classic Books from the Library of Hogwarts School of Witchcraft and Wizardry,J.K. Rowling,2001
J.K. Rowling's Harry Potter Novels: A Reader's Guide,Philip Nel,2001
Harry Potter and the Half-Blood Prince (Harry Potter  #6),J.K. Rowling,2006
The Santaroga Barrier,Frank Herbert,2002
The Dosadi Experiment (ConSentiency Universe  #2),Frank Herbert,2002
The Eyes of Heisenberg,Frank Herbert,2002
The Birds (Methuen Drama),Sean O'Brien,2002
The Frogs,Aristophanes/B.B. Rogers,2005
Lysistrata,Aristophanes/Jeffrey Henderson,1990
"Myths of the Underworld Journey: Plato  Aristophanes  and the ""Orphic"" Gold Tablets",Radcliffe G. Edmonds III,2004
Assembly of Women (Literary Classics),Aristophanes/Robert Mayhew,1997
Comoediae 1: Acharenses/Equites/Nubes/Vespae/Pax/Aves,Aristophanes/F.W. Hall/W.M. Geldart,1922
Aristophanes and His Theatre of the Absurd,Paul Anthony Cartledge,1991
Later Novels and Other Writings: The Lady in the Lake / The Little Sister / The Long Goodbye / Playback / Double Indemnity (screenplay) / Selected Essays and Letters,Raymond Chandler/Frank MacShane,1995
Stories and Early Novels: Pulp Stories / The Big Sleep / Farewell  My Lovely / The High Window,Raymond Chandler/Frank MacShane,1995
The Lady in the Lake  The Little Sister  The Long Goodbye  Playback (Everyman's Library),Raymond Chandler/Tom Hiney,2002
The High Window (Philip Marlowe  #3),Raymond Chandler,1992
The Simple Art of Murder,Raymond Chandler,1988
The Big Sleep (Philip Marlowe  #1),Raymond Chandler,1988
The Long Goodbye (Philip Marlowe  #6),Raymond Chandler,1988
An Evening of Long Goodbyes,Paul Murray,2005
The Long Goodbye: Memories of My Father,Patti   Davis,2005
Ghost In the Shell 2: Innocence: After the Long Goodbye,Masaki Yamada/Yuji Oniki/Carl Gustav Horn,2005
The Long Goodbye (Philip Marlowe  #6),Raymond Chandler,2004
Breaking the Spell: Religion as a Natural Phenomenon,Daniel C. Dennett,2006
Darwin's Dangerous Idea: Evolution and the Meanings of Life,Daniel C. Dennett,1996
Freedom Evolves,Daniel C. Dennett,2004
Brainstorms: Philosophical Essays on Mind and Psychology,Daniel C. Dennett,1981
Kinds of Minds: Towards an Understanding of Consciousness,Daniel C. Dennett,1997
Leaps of Faith: Science  Miracles & the Search for Supernatural Consolation,Nicholas Humphrey/Daniel C. Dennett,1999
Elbow Room: The Varieties of Free Will Worth Wanting,Daniel C. Dennett,1984
The Illustrated A Brief History of Time,Stephen Hawking,1996
A Briefer History of Time,Stephen Hawking/Leonard Mlodinow,2005
The Universe in a Nutshell,Stephen Hawking,2001
God Created the Integers: The Mathematical Breakthroughs That Changed History,Stephen Hawking,2005
Stephen Hawking's Universe: The Cosmos Explained,David Filkin/Stephen Hawking,1998
The Future of Spacetime,Stephen Hawking/Kip S. Thorne/Igor Novikov/Timothy Ferris/Alan Lightman/Richard     Price,2003
Stephen Hawking's Universe,John Boslough,1989
The Nature of Space and Time,Stephen Hawking/Roger Penrose,2000
The Physics of Star Trek,Lawrence M. Krauss/Stephen Hawking,1996
Falconry & Hawking,Phillip Glasier,2006
The World Treasury of Physics  Astronomy & Mathematics from Albert Einstein to Stephen W. Hawking & from Annie Dillard to John Updike,Timothy Ferris,1993
The Art of Nonfiction: A Guide for Writers and Readers,Ayn Rand/Robert Mayhew/Peter   Schwartz,2001
The Journals of Ayn Rand,Ayn Rand/Leonard Peikoff/David Harriman,1999
The Fountainhead,Ayn Rand/Leonard Peikoff,1996
The 36-Hour Day: A Family Guide to Caring for Persons with Alzheimer Disease  Related Dementing Illnesses  and Memory Loss in Later Life,Nancy L. Mace/Peter V. Rabins,2006
The 3-Hour Diet: On the Go,Jorge Cruise,2005
The Last Hours of Ancient Sunlight: The Fate of the World and What We Can Do Before It's Too Late,Thom Hartmann/Joseph Chilton Pearce/Neale Donald Walsch,2004
Specimen Days,Michael Cunningham,2006
A Home at the End of the World,Michael Cunningham,2004
Blink: The Power of Thinking Without Thinking,Malcolm Gladwell,2005
Blink,Ted Dekker,2004
Blink-182: Tales from Beneath Your Mom,Mark Hoppus/Anne Hoppus/Alex Gaskarth,2001
The Complete Novels,Jane Austen/Hugh  Thomson,1995
The Jane Austen Book Club,Karen Joy Fowler,2005
Jane Austen: The Complete Novels,Jane Austen,1994
Jane Austen's Letters,Jane Austen/Deirdre Le Faye,1997
Persuasion,Jane Austen/James Kinsley/Anna Massey/Richard S. Hartmetz/Maurgaux Motin/Deidre Shauna Lynch,2004
Tea with Jane Austen,Kim Wilson/Tom Carpenter,2004
The Old Man and the Sea,Ernest Hemingway/Donald Sutherland,2006
Cliffs Notes on Hemingway's The Old Man and the Sea,Jeanne Sallade Criswell/Gary Carey,2000
Flaubert's Parrot,Julian Barnes,1990
Flaubert in Egypt: A Sensibility on Tour,Gustave Flaubert/Francis Steegmuller,1996
Three Tales,Gustave Flaubert/Roger Whitehouse/Geoffrey Wall,2005
Sentimental Education,Gustave Flaubert/Robert Baldick/Geoffrey Wall,2004
The Family Idiot 5: Gustave Flaubert 1821-1857,Jean-Paul Sartre/Carol Cosman,1994
Middlesex,Jeffrey Eugenides,2003
Team of Rivals: The Political Genius of Abraham Lincoln,Doris Kearns Goodwin,2006
John Adams,David McCullough,2001
The John Adams Reader: Eseential Writings on an American Composer,Thomas May/John   Adams,2006
The Letters of John and Abigail Adams,Abigail Adams/Frank Shuffelton,2003
Passionate Sage: The Character and Legacy of John Adams,Joseph J. Ellis,2001
The Portable John Adams,John  Adams/John Patrick Diggins,2004
Sex For Dummies,Ruth Westheimer,2000
Baby Signing For Dummies,Jennifer Watson,2006
The Feeling Good Handbook,David D. Burns,1999
The Last Dance: Encountering Death and Dying,Lynne Ann DeSpelder/Albert Lee Strickland,2004
Mahatma Gandhi and His Myths: Civil Disobedience  Nonviolence  and Satyagraha in the Real World (Plus Why It's Gandhi  Not Ghandi),Mark Shepard,2002
The Seven Habits of Highly Effective People,Stephen R. Covey,1990
The 7 Habits of Highly Effective People Personal Workbook,Stephen R. Covey,2004
Daily Reflections For Highly Effective People: Living the 7 Habits of Highly Successful People Every Day,Stephen R. Covey,1994
Way of the Peaceful Warrior: A Book That Changes Lives,Dan Millman,2006
Secret of the Peaceful Warrior,Dan Millman/Robert D. San Souci/T. Taylor Bruce,1992
It's Not about the Bike: My Journey Back to Life,Lance Armstrong/Sally Jenkins,2001
23 Days in July: Inside the Tour de France and Lance Armstrong's Record-Breaking Victory,John Wilcockson/Graham   Watson,2005
Truman,David McCullough,1993
The Complete Stories of Truman Capote,Truman Capote/Reynolds Price,2005
Breakfast at Tiffany's: A Short Novel and Three Stories,Truman Capote,1994
Murder at The Washington Tribune (Capital Crimes  #21),Margaret Truman,2006
Murder at Ford's Theatre (Capital Crimes  #19),Margaret Truman,2003
Other Voices  Other Rooms,Truman Capote,1994
In Cold Blood,Truman Capote/Scott Brick,2006
Emergence: The Connected Lives of Ants  Brains  Cities  and Software,Steven Johnson,2002
Emergence: Labeled Autistic,Temple Grandin/Margaret M. Scariano,1996
The Emergence of Life on Earth: A Historical and Scientific Overview,Iris Fry,2000
The Ghost Stories of Edith Wharton,Edith Wharton/Laszlo Kubinyi,1997
The House of Mirth / The Reef / The Custom of the Country / The Age of Innocence,Edith Wharton/R.W.B. Lewis,1986
Collected Stories  1911-1937,Edith Wharton/Maureen Howard,2001
The House of Mirth,Edith Wharton,2002
Below the Root,Zilpha Keatley Snyder/Alton Raible,1975
The Witches of Worm,Zilpha Keatley Snyder,1991
The Deeper Meaning of Liff,Douglas Adams/John Lloyd,2005
Dirk Gently's Holistic Detective Agency (Dirk Gently #1),Douglas Adams,2005
The Letters of J.R.R. Tolkien,J.R.R. Tolkien/Humphrey Carpenter/Christopher Tolkien,2000
The History of the Lord of the Rings (The History of Middle-earth #6-9),J.R.R. Tolkien/Christopher Tolkien,2000
The Languages of Tolkien's Middle-Earth,Ruth S. Noel/J.R.R. Tolkien,1980
The Lord of the Rings- 3 volumes set (The Lord of the Rings  #1-3),J.R.R. Tolkien,2005
Farmer Giles of Ham,J.R.R. Tolkien/Christina Scull/Wayne G. Hammond,1999
Tandia,Bryce Courtenay,1998
Matthew Flinders' Cat,Bryce Courtenay,2002
Solomon's Song (The Potato Factory  #3),Bryce Courtenay,2001
An Introduction to Old Norse,E.V. Gordon/A.R. Taylor,1981
Cold Counsel: Women in Old Norse Literature and Myth,Sarah M.  Anderson/Karen Swenson,2002
Brave Companions: Portraits in History,David McCullough,1992
Mornings on Horseback: The Story of an Extraordinary Family  a Vanished Way of Life  and the Unique Child Who Became Theodore Roosevelt,David McCullough,1982
John Adams,David McCullough,2001
The Johnstown Flood,David McCullough,1990
The Path Between the Seas: The Creation of the Panama Canal  1870-1914,David McCullough,2004
The Bone Collector (Lincoln Rhyme  #1),Jeffery Deaver,1998
The Bone Collector's Son,Paul Yee,2004
El Coleccionista De Huesos (Lincoln Rhyme  #1),Jeffery Deaver,2003
Moby Dick,Herman Melville/William Hootkins,2005
Moby-Dick,Jan Needle/Patrick Benson/Herman Melville,2006
Moby Dick,Herman Melville/William Hootkins,2005
Moby-Dick,Herman Melville/Carl F. Hovde,2003
Herman Melville's Moby-Dick: A Routledge Study Guide and Sourcebook,Michael J. Davey/Duncan Wu,2003
Moby Dick: or The White Whale (Oxford Illustrated Classics),Geraldine McCaughrean/Victor G. Ambrus/Herman Melville,1998
Melville's Moby Dick: An American Nekyia (Studies in Jungian Psychology by Jungian Analysts),Edward F. Edinger,2004
Moby Dick: Or  the White Whale (Oxford Illustrated Classics Series),Geraldine McCaughrean/Victor G. Ambrus/Herman Melville,1997
Melville and the politics of identity: From *King Lear* to *Moby-Dick*,Julian Markels,1993
"Unpainted to the Last: ""Moby Dick"" and Twentieth-century American Art",Elizabeth A. Schultz,1995
Double Tap (Paul Madriani  #8),Steve Martini,2005
The List,Steve Martini,1997
Witches Abroad (Discworld  #12; Witches #3),Terry Pratchett,2002
The Innocents Abroad,Mark Twain/Grover Gardner,2003
Teaching English Abroad,Susan  Griffith,2007
Theocritus: Select Poems: Select Poems,Theocritus/Kenneth James Dover,1991
The Shield. Catalogue of Women. Other Fragments. (Hesiod II),Hesiod/Glenn W. Most,2007
Death and the King's Horseman,Wole Soyinka/Simon Gikandi,2002
The Time Machine,H.G. Wells/Patrick Parrinder/Steven McLean/Marina Warner,2005
The Time Machine,H.G. Wells/Cynthia Brantley Johnson/Benjamin Beard,2004
The Ultimate Time Machine: A Remote Viewer's Perception of Time & Predictions for the New Millennium,Joseph McMoneagle,1998
The Time Machine,H.G. Wells/Melvin Burgess,2004
The Complete Short Stories,H.G. Wells/John R. Hammond,2001
Selected Stories,H.G. Wells/Ursula K. Le Guin,2004
Tono-Bungay,H.G. Wells/Edward Mendelson/Patrick Parrinder,2005
The Name of the Rose (Everyman's Library (Cloth)),Umberto Eco,2006
In the Name of Jesus: Reflections on Christian Leadership,Henri J.M. Nouwen,1992
Blood Done Sign My Name: A True Story,Timothy B. Tyson,2005
The Treasured Writings of Kahlil Gibran,Kahlil Gibran,2009
On the Road,Jack Kerouac,2005
On the Road,Jack Kerouac/Ann Charters,2000
De Kooning: An American Master,Mark Stevens/Annalyn Swan,2006
Willem de Kooning: Late Paintings,Julie Sylvester/David Sylvester,2006
Ready for Anything: 52 Productivity Principles for Getting Things Done,David    Allen,2004
The Facilitator's Book of Questions: Tools for Looking Together at Student and Teacher Work,David  Allen/Tina Blythe/Gene Thompson-Grove,2004
Sun Tzu and the Art of Business: Six Strategic Principles for Managers,Sun Tzu/Mark McNeilly,2000
Marketing Warfare,Al Ries/Jack Trout,2005
The Tipping Point: How Little Things Can Make a Big Difference,Malcolm Gladwell,2002
Unleashing the Ideavirus: Stop Marketing AT People! Turn Your Ideas into Epidemics by Helping Your Customers Do the Marketing thing for You.,Seth Godin/Malcolm Gladwell,2001
The Innovator's Dilemma: The Revolutionary Book that Will Change the Way You Do Business,Clayton M. Christensen/L.J. Ganser,2003
Great Expectations,Charles Dickens/David Trotter/Charlotte Mitchell,2002
Great Expectations: Authoritative Text  Backgrounds  Contexts  Criticism,Charles Dickens/Edgar Rosenberg,1999
Luther and Erasmus: Free Will and Salvation (Library of Christian Classics),Erasmus/Martin Luther/Philip S. Watson/E. Gordon Rupp,1969
To Kill a Mockingbird,Harper Lee,2005
To Kill a Mockingbird,Harper Lee/Sissy Spacek,2006
To Kill a Mockingbird,Harper Lee,2006
The Wealthy Barber: Everyone's Common-Sense Guide to Becoming Financially Independent,David H. Chilton,1995
A Modest Proposal and Other Satirical Works,Jonathan Swift,1996
Gulliver's Travels / A Modest Proposal,Jonathan Swift/Jesse Gale,2005
Empire 2.0: A Modest Proposal for a United States of the West (Terra Nova),Xavier de C./Xavier de C./Joseph Rowe,2004
The Bostonians,Henry James/R.D. Gooder,1998
The Canterbury Tales,Geoffrey Chaucer/Nevill Coghill,2003
The Canterbury Tales,Geoffrey Chaucer/David  Wright,1998
The Canterbury Tales (original-spelling edition),Geoffrey Chaucer/Jill Mann,2005
Chaucer's Canterbury Tales (Selected): An Interlinear Translation,Geoffrey Chaucer/Vincent Foster Hopper,1977
Oxford Guides to Chaucer: The Canterbury Tales,Helen  Cooper,1996
Love Visions,Geoffrey Chaucer/Brian Stone,1983
Chaucer's Canterbury Tales,Geoffrey Chaucer,1964
The Riverside Chaucer,Geoffrey Chaucer/Larry Dean Benson/F.N. Robinson,1987
The Portable Chaucer,Geoffrey Chaucer/Theodore Morrison,1977
Salt: A World History,Mark Kurlansky,2003
Salt in His Shoes: Michael Jordan in Pursuit of a Dream,Deloris Jordan/Kadir Nelson/Roslyn M. Jordan,2003
The Book of Salt,Monique Truong,2004
The Years of Rice and Salt,Kim Stanley Robinson,2003
Illuminations: Essays and Reflections,Walter Benjamin/Hannah Arendt/Harry Zohn/Leon Wieseltier,1969
Saul Steinberg: Illuminations,Saul Steinberg/Joel Smith/Charles Simic,2006
Advanced Global Illumination,Philip Dutre,2006
Snow Falling On Cedars,David Guterson,1999
The Lost Boy (Dave Pelzer #2),Dave Pelzer,1997
Real Boys: Rescuing Our Sons from the Myths of Boyhood,William S. Pollack/Mary Pipher,1999
Microserfs,Douglas Coupland,2008
New Media Language,Jean Aitchison/Diana M. Lewis,2003
The Denial of Death,Ernest Becker/Sam Keen/Daniel Goleman,1997
A People's History of the United States,Howard Zinn,2005
A People's History of the United States,Howard Zinn/Kathy Emery/Ellen Gordon Reeves,2003
A People's History of the United States: The Civil War to the Present,Howard Zinn/Kathy Emery/Ellen Gordon Reeves,2003
Graphic Design: A Concise History (World of Art),Richard Hollis,2002
Immigrant Acts: On Asian American Cultural Politics,Lisa Lowe,1996
The Old Way of Seeing: How Architecture Lost Its Magic - And How to Get It Back,Jonathan Hale,1995
The Crying of Lot 49,Thomas Pynchon,2006
Passionate Minds,David Bodanis,2006
Christian Mythmakers: C.S. Lewis  Madeleine L'Engle  J.R.R. Tolkien  George MacDonald  G.K. Chesterton  Charles Williams  Dante Alighieri  John Bunyan  Walter Wangerin  Robert Siegel  and Hannah Hurnard,Rolland Hein/Clyde S. Kilby,2002
A House Like a Lotus (O'Keefe Family  #3),Madeleine L'Engle,1985
The Rock That Is Higher: Story as Truth,Madeleine L'Engle,2002
The Glorious Impossible,Madeleine L'Engle/Giotto di Bondone,1990
A Full House: An Austin Family Christmas (Austin Family  #5.6),Madeleine L'Engle/Mary Chambers,2000
A Circle of Quiet (Crosswicks Journals #1),Madeleine L'Engle,1984
The Birth of Tragedy and Other Writings,Friedrich Nietzsche/Raymond Geuss/Ronald Speirs,1999
The Birth of Tragedy/The Genealogy of Morals,Friedrich Nietzsche/Francis Golffing,1990
The Birth of Tragedy,Friedrich Nietzsche,2004
The Birth of Tragedy,Friedrich Nietzsche/Michael Tanner/Shaun Whiteside,2003
Birth Of A Tragedy: Kashmir 1947,Alastair Lamb,2008
The Tragedy of Pudd'nhead Wilson/Those Extraordinary Twins,Mark Twain/David Lionel Smith/Sherley Anne Williams,1997
The Tragedy of Pudd'nhead Wilson,Mark Twain/Michael Prichard,2003
Bridge to Terabithia,Katherine Paterson/Donna Diamond,2008
Bread and Roses  Too,Katherine Paterson,2006
The Invisible Child,Katherine Paterson,2001
A Short History of Decay,Emil M. Cioran/Richard Howard,1998
Scholar of Decay (Ravenloft  #14),Tanya Huff,2000
Girl with a Pearl Earring,Tracy Chevalier,2003
The Golden Tulip,Rosalind Laker,1991
Burning Bright,Tracy Chevalier,2007
Falling Angels,Tracy Chevalier,2002
The Virgin Blue,Tracy Chevalier,2003
Wenn Engel fallen,Tracy Chevalier,2002
Tom Hunter: Living in Hell and Other Stories,Tom Hunter/Tracy Chevalier/Colin Wiggins,2006
Bleach  Volume 15,Tite Kubo,2006
Bleach  Volume 01,Tite Kubo,2004
Bleach  Volume 14,Tite Kubo,2006
Bleach  Volume 11,Tite Kubo,2006
Bleach  Volume 12,Tite Kubo,2006
Love Artist (Harlequin Romance #2860),Valerie Parv,1987
Bleach  Tome 1: The Death and the Strawberry,Tite Kubo,2003
Escape from Fire Mountain (World of Adventure  #3),Gary Paulsen/Steve Chorney,1995
How Angel Peterson Got His Name,Gary Paulsen,2004
Tucket's Travels: Francis Tucket's Adventures In The West  1847-1849 (The Tucket Adventures  #1-5),Gary Paulsen,2003
Chicago Blues: The City and the Music,Mike  Rowe/Ronald Radano,1981
Winterdance: The Fine Madness of Running the Iditarod,Gary Paulsen,1995
Brian's Winter,Gary Paulsen,1996
Robinson Crusoe (Robinson Crusoe #1),Daniel Defoe/Virginia Woolf,2001
Robinson Crusoe,Daniel Defoe/John J. Richetti,2003
Robinson Crusoe,Daniel Defoe/Michael Shinagel,1994
Robinson Crusoe,Daniel Defoe/Avi,2001
Robinson Crusoe,Daniel Defoe,2006
A General History of the Pyrates,Daniel Defoe/Manuel Schonhorn/Charles   Johnson,1999
Huck Finn & Tom Sawyer among the Indians & Other Unfinished Stories (Mark Twain Library),Mark Twain/Paul Baender/Dahlia Armon/Walter Blair,2003
Huck Finn and Tom Sawyer Among the Indians,Mark Twain/Lee Nelson,2003
Huck Finn/Pudd'nhead Wilson/No 44 Mysterious Stranger other Writings,Mark Twain/Guy Cardwell/Louis J. Budd,2000
The Adventures of Huckleberry Finn (Adventures of Tom and Huck  #2),Mark Twain/Guy Cardwell/John Seelye/Walter Trier,2002
Adventures of Huckleberry Finn,Mark Twain/E.W. Kemble,2005
Adventures of Huckleberry Finn,Mark Twain/George Saunders,2001
The Annotated Huckleberry Finn,Mark Twain/Michael Patrick Hearn/E.W. Kemble,2001
The Wit and Wisdom of Mark Twain,Mark Twain,1998
Mark Twain's Helpful Hints for Good Living: A Handbook for the Damned Human Race,Mark Twain/Lin Salamo/Victor Fischer/Michael B. Frank,2004
The Complete Short Stories of Mark Twain,Mark Twain/Charles Neider,1984
The Autobiography of Mark Twain,Mark Twain/Charles Neider,2000
Lost Horizon,James Hilton,2004
Louisa May Alcott's Christmas Treasury,Louisa May Alcott/C. Michael Dudash/Stephen W. Hines,2002
My Secret Garden: Women's Sexual Fantasies,Nancy Friday,2003
The Secret Garden,Frances Hodgson Burnett,1998
The Secret Garden,Frances Hodgson Burnett/Sandra M. Gilbert,2003
The Secret Garden,Martha Hailey DuBose/Frances Hodgson Burnett/Lucy Corvino/Arthur Pober,2005
The Secret Garden,Frances Hodgson Burnett/Alison Lurie,2003
A Little Princess,Frances Hodgson Burnett/Nancy Bond,2002
Waiting for the Party: The Life of Frances Hodgson Burnett  1849-1924,Ann Thwaite,1994
The Secret Garden Cookbook: Recipes Inspired by Frances Hodgson Burnett's The Secret Garden,Amy Cotler/Frances Hodgson Burnett/Prudence See,1999
Basic Economics: A Citizen's Guide to the Economy,Thomas Sowell,2003
Basic Economics: A Common Sense Guide to the Economy,Thomas Sowell,2007
Black Rednecks and White Liberals,Thomas Sowell,2005
Applied Economics: Thinking Beyond Stage One,Thomas Sowell,2003
Knowledge And Decisions,Thomas Sowell,1996
A Conflict of Visions: Ideological Origins of Political Struggles,Thomas Sowell,2002
Sir Gawain and the Green Knight,Selina Shirley Hastings/Juan Wijngaard,1991
Alcoholics Anonymous,Alcoholics Anonymous,1993
Alcoholics Anonymous,Alcoholics Anonymous,2002
The Twelve Steps & Twelve Traditions of Overeaters Anonymous,Overeaters Anonymous,1993
The Natural Way to Draw,Kimon Nicolaides/Mamie Harmon,1990
Natural Health  Natural Medicine,Andrew Weil,2004
The Fixer,Bernard Malamud/Jonathan Safran Foer,2004
The Complete Stories,Bernard Malamud/Robert Giroux,1998
The Assistant,Bernard Malamud/Jonathan Rosen,2003
Conversations with Bernard Malamud (Literary Conversations),Lawrence M. Lasher,1991
The Tenants,Bernard Malamud/Aleksandar Hemon,2003
Enchanted April: Acting Edition,Matthew Barber/Elizabeth von Arnim,2004
April  May und June,Elizabeth von Arnim,1995
A Room with a View,E.M. Forster,2005
A Room with a View / Howards End,E.M. Forster/Benjamin DeMott,1986
E.M. Forster: Critical Guidebook,Lionel Trilling/E.M. Forster,1971
The Longest Journey,E.M. Forster/Gilbert Adair/Elizabeth Heine,2006
Howards End,E.M. Forster,2002
Maurice,E.M. Forster,2005
E. M. Forster: A Life,P.N. Furbank,1994
Howards End,E.M. Forster,2000
The Sixteen Pleasures,Robert Hellenga,1995
Revolutionary Characters: What Made the Founders Different,Gordon S. Wood,2006
The Rescue (Kidnapped  #3),Gordon Korman,2006
Hunting the Hunter (On the Run  #6),Gordon Korman,2006
Public Enemies (On The Run  #5),Gordon Korman,2005
Runaway Bride,Deborah  Gordon,1994
Drina Dances in Paris,Jean Estoril,1991
Drina Ballerina,Jean Estoril,1991
Drina Dances in Italy,Jean Estoril,1992
Drina Goes on Tour,Jean Estoril/Mabel Esther Allan,1991
Drina Dances in Madeira,Jean Estoril/Mabel Esther Allan,1991
Phaedrus/Apology/Crito/Symposium,Plato/Benjamin Jowett,2006
The Dialogues of Plato  Volume 1: Euthyphro  Apology  Crito  Meno  Gorgias  Menexenus,Plato/Reginald E. Allen,1989
Gorgias/Timaeus,Plato/Benjamin Jowett,2003
Minor Works: On Colours/On Things Heard/Physiognomics/On Plants/On Marvellous Things Heard/Mechanical Problems/On Indivisible Lines/The...Gorgias,Aristotle/W.S. Hett,1963
Aristophanes I: Clouds/Wasps/Birds,Aristophanes/Peter Meineck/Ian C. Storey,1998
The Trojan Women,Euripides/Gilbert Murray,2006
Greek Tragedies  Volume 2,David Grene/Richmond Lattimore/Aeschylus/Sophocles/Euripides,1960
Moloka'i (Moloka'i #1),Alan Brennert,2004
Teaching with the Brain in Mind,Eric Jensen,2005
Eva Luna,Isabel Allende/Margaret Sayers Peden,2005
The Stories of Eva Luna,Isabel Allende,2001
Diez Cuentos de Eva Luna Con Guia de Comprension y Repaso de Gramatica,Isabel Allende/Richard D. Woods/Kenneth M. Taggart,1994
El bosque de los pigmeos,Isabel Allende,2005
El plan infinito,Isabel Allende,2002
City of the Beasts (Eagle and Jaguar  #1),Isabel Allende/Margaret Sayers Peden,2004
Self,Yann Martel,2003
Drina Dances in Switzerland,Jean Estoril/Jenny Sanders,1993
The Story of Salt,Mark Kurlansky/S.D. Schindler,2006
Nonviolence: Twenty-Five Lessons from the History of a Dangerous Idea,Mark Kurlansky/Dalai Lama XIV,2006
Boogaloo on 2nd Avenue,Mark Kurlansky,2006
Cod: A Biography of the Fish That Changed the World,Mark Kurlansky,1998
1968: The Year That Rocked the World,Mark Kurlansky,2005
A Chosen Few: The Resurrection of European Jewry (Reader's Circle),Mark Kurlansky,2002
The Basque History of the World: The Story of a Nation,Mark Kurlansky,2001
The Cod's Tale,Mark Kurlansky/S.D. Schindler,2001
Open City 6: The Only Woman He Ever Left,Open City Magazine/James Purdy/Daniel Pinchbeck/Michael Cunningham/Deborah Garrison/Rem Koolhaas/Rick Moody/Strawberry Saroyan/Debra Garrison,2000
Harry Potter Y La Piedra Filosofal (Harry Potter  #1),J.K. Rowling,2001
Angle of Repose,Wallace Stegner/Jackson J. Benson,2000
Don't Make Me Think: A Common Sense Approach to Web Usability,Steve Krug,2005
Girlfriend in a Coma,Douglas Coupland,1999
Our Kind of People: Inside America's Black Upper Class,Lawrence Otis Graham,1999
The Senator and the Socialite: The True Story of America's First Black Dynasty,Lawrence Otis Graham,2006
Temptations,Otis Williams/Patricia Romanowski,2002
The Thorn Birds,Colleen McCullough,2005
Caesar (Masters of Rome  #5),Colleen McCullough,2003
Caesar's Women (Masters of Rome  #4),Colleen McCullough,1997
On  Off (Carmine Delmonico  #1),Colleen McCullough,2006
Three Complete Novels: Tim/An Indecent Obsession/The Ladies of Missalonghi,Colleen McCullough,1999
Morgan's Run,Colleen McCullough,2002
The October Horse: A Novel of Caesar and Cleopatra (Masters of Rome  #6),Colleen McCullough,2003
The First Man in Rome (Masters of Rome  #1),Colleen McCullough,1990
The Grass Crown (Masters of Rome  #2),Colleen McCullough,1992
Tim,Colleen McCullough,1990
O'Brien's the Things They Carried,Jill Colella/CliffsNotes,2000
The Five People You Meet in Heaven,Mitch Albom,2003
The Curious Incident of the Dog in the Night-Time,Mark Haddon,2004
The Curious Incident of the Dog In the Night-time,Mark Haddon,2004
The Curious Incident of the Dog in the Night-time,Mark Haddon,2006
Northern Lights,Tim O'Brien,1999
If I Die in a Combat Zone  Box Me Up and Ship Me Home,Tim O'Brien,1999
Going After Cacciato,Tim O'Brien,1999
In the Lake of the Woods,Tim O'Brien,2006
The Nuclear Age,Tim O'Brien,1996
The Rescue,Nicholas Sparks,2005
A Bend in the Road,Nicholas Sparks,2005
True Believer (Jeremy Marsh & Lexie Darnell  #1),Nicholas Sparks,2006
Three Weeks With My Brother,Nicholas Sparks/Micah Sparks,2006
The Wedding (The Notebook  #2),Nicholas Sparks,2005
Nights in Rodanthe,Nicholas Sparks,2004
Message in a Bottle,Nicholas Sparks,1999
A Walk to Remember,Nicholas Sparks,2004
Icy Sparks,Gwyn Hyman Rubio,2001
Message in a Bottle,Nicholas Sparks,1999
Sugarplums and Scandal  (Love at Stake #2.5; Bed-and-Breakfast Mysteries #22.5),Lori Avocato/Dana Cameron/Mary Dahiem/Suzanne Macpherson/Cait London/Kerrelyn Sparks/Mary Daheim,2006
Special Topics in Calamity Physics,Marisha Pessl,2006
The Dictionary of Corporate Bullshit: An A to Z Lexicon of Empty  Enraging  and Just Plain Stupid Office Talk,Lois Beckwith,2006
On Truth,Harry G. Frankfurt/Baruch Spinoza,2006
Twelve Sharp (Stephanie Plum  #12),Janet Evanovich,2006
Sharp Edges,Jayne Ann Krentz,2004
Mrs. Sharp's Traditions: Reviving Victorian Family Celebrations of Comfort & Joy,Sarah Ban Breathnach,2001
The Sly Spy (Olivia Sharp  Agent for Secrets #3),Marjorie Weinman Sharmat/Mitchell Sharmat/Denise Brunkus,2005
The Green Toenails Gang (Olivia Sharp  Agent for Secrets #4),Marjorie Weinman Sharmat/Mitchell Sharmat/Denise Brunkus,2005
The Pizza Monster (Olivia Sharp  Agent for Secrets #1),Marjorie Weinman Sharmat/Mitchell Sharmat/Denise Brunkus,2005
The Spy Who Barked (Adam Sharp #1),George E. Stanley,2002
Kare First Love  Vol. 9 (Kare First Love  #9),Kaho Miyasaka,2006
The World's First Love: Mary  Mother of God,Fulton J. Sheen,1996
Kare First Love  Vol. 10 (Kare First Love  #10),Kaho Miyasaka,2006
The Tutor's First Love,George MacDonald/Michael R. Phillips,2000
First Love,Ivan Turgenev/Constance Garnett,2004
Love @ First Site,Jane Moore,2006
First Love  Second Chance,Amanda Clark,1995
The Modern Prince: Charles J. Haughey and the Quest for Power,Justin   O'Brien,2003
The Modern Prince and Other Writings,Antonio Gramsci,1959
Emily of New Moon (Emily  #1),L.M. Montgomery,1983
The Selected Journals Of L.M. Montgomery  Vol. 5: 1935-1942,L.M. Montgomery/Mary Henley Rubio/Elizabeth Hillman Waterston,2004
Against the Odds: Tales of Achievement,L.M. Montgomery/Rea Wilmshurst,1994
Anne of Avonlea,L.M. Montgomery/Susan O'Malley,1998
A Tangled Web,L.M. Montgomery,1989
The Complete Anne of Green Gables Boxed Set (Anne of Green Gables  #1-8),L.M. Montgomery,1998
Pat of Silver Bush (Pat  #1),L.M. Montgomery,1988
Sherlock Holmes: The Complete Novels and Stories  Volume I,Arthur Conan Doyle,1986
The New Annotated Sherlock Holmes: The Complete Short Stories,Arthur Conan Doyle/Leslie S. Klinger,2004
The New Annotated Sherlock Holmes: The Novels,Arthur Conan Doyle/Leslie S. Klinger,2005
The Science of Sherlock Holmes: From Baskerville Hall to the Valley of Fear  the Real Forensics Behind the Great Detective's Greatest Cases,E.J. Wagner,2006
Sherlock Holmes: A Baker Street Dozen,Arthur Conan Doyle/John Gielgud/Ralph Richardson/Orson Welles,2006
Sherlock Holmes: The Unauthorized Biography,Nick Rennison,2006
Murder by Moonlight & Other Mysteries (New Adventures of Sherlock Holmes 19-24),NOT A BOOK,2006
The Mysteries of Sherlock Holmes,Arthur Conan Doyle/Paul Bachem,1996
The Complete Adventures and Memoirs of Sherlock Holmes,Arthur Conan Doyle,2001
The Unfortunate Tobacconist & Other Mysteries (Sherlock Holmes 1-6),NOT A BOOK,2003
Personal Finance For Dummies,Eric Tyson,2006
Personal Finance for Dummies,Eric Tyson/Rich Tennant,2003
Catching Alice,Clare Naylor,2000
The Dream Giver,Bruce H. Wilkinson/David Kopp/Heather Harpham Kopp,2003
The Giver (The Giver  #1),Lois Lowry,2006
The Wish Giver: Three Tales of Coven Tree,Bill Brittain/Andrew Glass,2019
Indian Givers: How the Indians of the Americas Transformed the World,Jack Weatherford,1989
The Last Life,Claire Messud,2000
The Hunters,Claire Messud,2003
When the World Was Steady,Claire Messud,1995
The Sea,John Banville,2006
The Sea,John Banville,2005
The Book of Evidence (The Freddie Montgomery Trilogy #1),John Banville,2001
Athena (The Freddie Montgomery Trilogy #3),John Banville,1996
Doctor Copernicus  (The Revolutions Trilogy #1),John Banville,1993
Shroud (The Cleave Trilogy #2),John Banville,2004
Ghosts,John Banville,1998
On Beauty,Zadie Smith,2006
A Great and Terrible Beauty (Gemma Doyle #1),Libba Bray,2003
The Black Book of Hollywood Beauty Secrets,Kym Douglas/Cindy Pearlman,2006
Black Beauty,Anna Sewell,2003
Truth and Beauty,Ann Patchett,2005
The Life of Graham Greene  Vol. 1: 1904-1939,Norman Sherry,2004
Complete Short Stories,Graham Greene/Pico Iyer,2005
The Power and the Glory,Graham Greene/John Updike,2003
The Heart of the Matter,Graham Greene,2004
Orient Express,Graham Greene/Christopher Hitchens,2004
Journey Without Maps,Graham Greene/Paul Theroux,2006
The Quiet American,Graham Greene/Robert  Stone,2004
Collected Short Stories,Graham Greene,1993
The Third Man & The Fallen Idol,Graham Greene,1992
The Tenth Man,Graham Greene,1998
The Autograph Man,Zadie Smith,2003
White Teeth,Zadie Smith,2001
Stranger than Fiction,Chuck Palahniuk,2005
Great Short Works of Herman Melville,Herman Melville/Warner Berthoff,2004
Selected Poems of Herman Melville,Herman Melville/Robert Penn Warren,2004
Redburn / White-Jacket / Moby-Dick,Herman Melville/G. Thomas Tanselle,1983
Pierre / Israel Potter / The Piazza Tales / The Confidence-Man / Uncollected Prose / Billy Budd,Herman Melville/Harrison Hayford,1985
Redburn,Herman Melville/Harold Beaver,1976
Typee / Omoo / Mardi,Herman Melville/G. Thomas Tanselle,1982
Harriet Spies Again (Harriet the Spy Adventures  #1),Helen Ericson,2003
Harriet the Spy  Double Agent (Harriet the Spy Adventures),Maya Gold,2005
Moonraker (James Bond  #3),Ian Fleming,2002
Moonraker's Bride,Madeleine Brent,1978
Dr No / Moonraker / Thunderball / From Russia with Love / On Her Majesty's Secret Service / Goldfinger,Ian Fleming,1984
Casino Royale (James Bond  #1),Ian Fleming,2002
Goldfinger (James Bond  #7),Ian Fleming,2002
On Her Majesty's Secret Service (James Bond  #11),Ian Fleming,2003
Octopussy & the Living Daylights (James Bond  #14),Ian Fleming,2004
Book of Sketches,Jack Kerouac/George Condo,2006
The Dharma Bums,Jack Kerouac,2000
Book of Haikus,Jack Kerouac,2004
The Subterraneans,Jack Kerouac,2007
Ballet Shoes,Noel Streatfeild,2004
Theater Shoes (Shoes  #4),Noel Streatfeild/Diane Goode,1994
Movie Shoes (Shoes  #6),Noel Streatfeild,1984
Party Shoes (Shoes  #5),Noel Streatfeild,2002
Thursday's Child (Margaret Thursday  #1),Noel Streatfeild,1985
Miss Happiness and Miss Flower,Rumer Godden/Gary Blythe,2006
The River,Rumer Godden,2004
The Dolls' House,Rumer Godden/Christian Birmingham,2006
China Court: The Hours of a Country House,Rumer Godden,1993
Rumer Godden,Anne Chisholm,1999
The Corrections,Jonathan Franzen,2002
Creative Correction: Extraordinary Ideas For Everyday Discipline,Lisa Whelchel/Stormie Omartian,2010
Original Sin (Adam Dalgliesh #9),P.D. James,2005
Original Sin: Illuminating the Riddle,Henri Blocher,2000
An Original Sin,Nina Bangs,1999
Aliens: Original Sin,Michael Jan Friedman,2005
Death in Holy Orders (Adam Dalgliesh  #11),P.D. James/Christa Seibicke,2002
The Lighthouse (Adam Dalgliesh #13),P.D. James,2006
Unnatural Causes (Adam Dalgliesh #3),P.D. James,2002
Death of an Expert Witness (Adam Dalgliesh #6),P.D. James,2002
A Mind To Murder (Adam Dalgliesh  #2),P.D. James,2002
A Taste for Death (Adam Dalgliesh  #7),P.D. James,2005
Time To Be In Earnest: A Fragment Of Autobiography,P.D. James,2001
Cover Her Face (Adam Dalgliesh #1),P.D. James,2001
The Black Tower (Adam Dalgliesh #5),P.D. James,2001
Innocent Blood,P.D. James,2001
Don Quixote,Miguel de Cervantes Saavedra/Edith Grossman/Harold Bloom,2005
Don Quixote,Miguel de Cervantes Saavedra/Walter Starkie,2003
Don Quixote,Miguel de Cervantes Saavedra/Tobias Smollett/Carlos Fuentes,2001
Lectures on Don Quixote,Vladimir Nabokov/Fredson Bowers/Guy Davenport/Miguel de Cervantes Saavedra/Samuel Putnam,1984
Cliffs Notes on Cervantes' Don Quixote,Marianne Sturman,1964
Desert Heat (Joanna Brady  #1),J.A. Jance,2004
Kentucky Heat,Fern Michaels,2002
Heat Wave: A Social Autopsy of Disaster in Chicago,Eric Klinenberg,2003
Texas Heat (Texas  #2),Fern Michaels,2001
Primal Heat (Includes: Breeds  #8.5; Devlin Dynasty  #1; Moon Lust  #1),Lora Leigh/Sherri L. King/Lorie O'Clare/Jaci Burton,2004
Heat and Dust,Ruth Prawer Jhabvala,1999
Holy Cow: An Indian Adventure,Sarah Macdonald,2004
Holy Cows and Hog Heaven: The Food Buyer's Guide to Farm Friendly Food,Joel Salatin/Michael Pollan,2005
The History of Love,Nicole Krauss,2006
A Brief History of Time,Stephen Hawking,1998
A Short History of Nearly Everything,Bill Bryson,2005
The Politically Incorrect Guide to American History,Thomas E. Woods Jr.,2004
A History of the World in 6 Glasses,Tom Standage,2006
A History of God: The 4 000-Year Quest of Judaism  Christianity  and Islam,Karen Armstrong,2004
The Sun Also Rises,Ernest Hemingway/William Hurt,2006
The Bon Appetit Cookbook,Barbara Fairchild,2006
The Barefoot Contessa Cookbook,Ina Garten/Melanie Acevedo,1999
Into a Paris Quartier: Reine Margot's Chapel and Other Haunts of St. Germain,Diane Johnson,2005
Sylvia,Leonard Michaels/Diane Johnson,2007
The Life Of Dashiell Hammett,Diane Johnson,1984
Divorcio a la Francesa: Le Divorce,Diane Johnson/Carlos Milla Soler/Roberto Fernandez Sastre,2003
London is the Best City in America,Laura Dave,2006
Hyperion (Los Cantos de Hyperion  #1),Dan Simmons/Carlos Alberto Gardini,2005
The Fall of Hyperion (Hyperion Cantos  #2),Dan Simmons,1992
Supreme Power: Hyperion,J. Michael Straczynski/Dan Jurgens,2006
Endymion,Dan Simmons/Guy Abadia,1998
Olympos (Ilium  #2),Dan Simmons,2006
Ilium (Ilium  #1),Dan Simmons,2005
The Terror,Dan Simmons,2007
Worlds Enough & Time: Five Tales of Speculative Fiction,Dan Simmons,2002
Hard Freeze (Joe Kurtz  #2),Dan Simmons,2003
Endymion (Hyperion Cantos  #3),Dan Simmons,1996
A Winter Haunting (Seasons of Horror  #2),Dan Simmons,2002
The Amazing Adventures of Kavalier & Clay,Michael Chabon,2001
The Amazing Adventures of the Escapist: Volume 1,Michael Chabon/Glen David Gold/Bill Sienkiewicz/Howard Chaykin/Gene Colan/Steve Lieber/Eric Wight/Kevin  McCarthy,2004
The Great House of God,Max Lucado,2001
The Valkyries,Paulo Coelho/Alan R. Clarke,1999
The Devil and Miss Prym (On the Seventh Day  #3),Paulo Coelho/Amanda Hopkinson/Nick Caistor,2006
Nine Stories,J.D. Salinger,2001
The Sun Rises: and Other Questions About Time and Seasons,Brenda Walpole,2006
American Psycho,Bret Easton Ellis,2010
Lunar Park,Bret Easton Ellis,2006
The Burden of Proof (Kindle County Legal Thriller #2),Scott Turow,2000
Godless,Pete Hautman,2005
That Godless Court?: Supreme Court Decisions on Church-State Relationships,Ronald B. Flowers,2005
Soul Mates: Honouring the Mysteries of Love and Relationship,Thomas  Moore,2013
Soul Mates & Twin Flames: The Spiritual Dimension of Love & Relationships (Pocket Guide to Practical Spirituality),Elizabeth Clare Prophet,2017
Hot Chocolate for the Mystical Lover: 101 True Stories of Soul Mates Brought Together by Divine Intervention,Arielle Ford/Deepak Chopra,2001
Man's Search for Meaning,Viktor E. Frankl/Harold S. Kushner/William J. Winslade/Isle Lasch,2006
Man's Search for Meaning,Viktor E. Frankl/Gordon W. Allport/Ilse Lasch,2000
In Search of Memory: The Emergence of a New Science of Mind,Eric R. Kandel,2006
Search Engine Optimization for Dummies,Peter Kent,2006
The Pragmatic Programmer: From Journeyman to Master,Andy Hunt/Dave Thomas,1999
Behind Closed Doors: Secrets of Great Management,Johanna Rothman/Esther Derby,2005
Blink: The Power of Thinking Without Thinking,Malcolm Gladwell,2005
Blink 182,Anne Hoppus,2001
I Blink: And Other Questions About My Body,Brigid Avison,2003
The Great Good Thing (The Sylvie Cycle  #1),Roderick Townley,2003
The Great Good Place: Cafes  Coffee Shops  Bookstores  Bars  Hair Salons  and Other Hangouts at the Heart of a Community,Ray Oldenburg,1999
Built to Last: Successful Habits of Visionary Companies,James C. Collins/Jerry I. Porras,2004
I Like You: Hospitality Under the Influence,Amy Sedaris,2006
Children Playing Before a Statue of Hercules,David Sedaris/Richard Yates/Dorothy Parker/Joyce Carol Oates/Lorrie Moore/Flannery O'Connor/Amy Hempel/Akhil   Sharma/Tim Johnston/Tobias Wolff/Sarah Vowell/Charles Baxter/Jhumpa Lahiri/Katherine Mansfield/Alice Munro/Jean Thompson/Frank Gannon/Patricia Highsmith/Jincy Willett,2005
Bringing Down The House,Ben Mezrich,2004
Read for Your Life: 11 Ways to Better Yourself Through Books,Pat Williams/Peggy Matthews Rose,2007
The Hip-Hop Church: Connecting with the Movement Shaping Our Culture,Efrem Smith/Phil   Jackson,2005
The Final Season: Fathers  Sons  and One Last Season in a Classic American Ballpark,Tom Stanton,2002
The Cold Six Thousand (Underworld USA #2),James Ellroy,2002
White Teeth,Zadie Smith,2001
White Teeth,Zadie Smith,2001
White Teeth,Zadie Smith,2000
Schiffbruch mit Zuschauer. Paradigma einer Daseinsmetapher,Hans Blumenberg,1997
The Guide to Dan Brown's the Solomon Key,Greg  Taylor,2005
The Da Vinci Code (Robert Langdon  #2),Dan Brown,2006
Angels & Demons (Robert Langdon  #1),Dan Brown,2005
The Illuminati,Larry Burkett,2004
The Illuminati Papers,Robert Anton Wilson,1997
The Da Vinci Code,Dan Brown,2006
The Da Vinci Code (Robert Langdon  #2),Dan Brown/Paul Michael,2006
Truth and Fiction in The Da Vinci Code: A Historian Reveals What We Really Know about Jesus  Mary Magdalene & Constantine,Bart D. Ehrman,2006
Harry Potter and the Prisoner of Azkaban (Harry Potter  #3),J.K. Rowling,2008
Housekeeping vs. the Dirt,Nick Hornby/Sarah Vowell/Jess Walter/Jennie Erdal/Joshua Ferris,2006
The Polysyllabic Spree,Nick Hornby,2004
Songbook,Nick Hornby,2003
My Favorite Year: A Collection of Football Writing,Nick Hornby/D.J. Taylor/Huw Richards/Chris Pierson/Roddy Doyle/Harry Ritchie/Harry Pearson/Olly Wicken/Graham Brack/Matt Nation/Ed Horton/Don  Watson,2001
Fever Pitch,Nick Hornby,1998
High Fidelity,Nick Hornby,2000
About a Boy,Nick Hornby,2002
The Complete Polysyllabic Spree,Nick Hornby,2006
Medicus (Gaius Petreius Ruso  #1),Ruth Downie,2007
Middlesex Borough (Images of America: New Jersey),Middlesex Borough Heritage Committee,2003
David Foster Wallace's Infinite Jest: A Reader's Guide,Stephen J. Burn,2003
Scar Tissue,Anthony Kiedis,2004
Dreamland,Sarah Dessen,2004
End Game (Dreamland  #8),Dale Brown/Jim DeFelice,2006
H. P. Lovecraft's Dreamlands (Call of Cthulhu RPG),Chris  Williams/Sandy Petersen,2008
Dreamland (Dreamland  #1),Dale Brown/Jim DeFelice,2001
Satan's Tail (Dreamland  #7),Dale Brown/Jim DeFelice,2005
The Zanzibar Chest,Aidan Hartley,2004
Dispatches from the Edge: A Memoir of War  Disasters  and Survival,Anderson Cooper,2006
Dispatches,Michael Herr,1991
Dispatch,Bentley Little,2005
Dispatches from the Tenth Circle: The Best of the Onion,Robert D. Siegel/Todd Hanson/Carol Kolb/The Onion,2001
Hello! Is That Grandma?,Ian Whybrow/Deborah Allwright,2007
How Much is That Guinea Pig in the Window?,Joanne Rocklin/Meredith Johnson,1995
My War Gone By  I Miss It So,Anthony Loyd,2001
Night Draws Near: Iraq's People in the Shadow of America's War,Anthony Shadid,2000
Maximum City: Bombay Lost and Found,Suketu Mehta,2005
Catfish and Mandala: A Two-Wheeled Voyage Through the Landscape and Memory of Vietnam,Andrew X. Pham,2000
When Broken Glass Floats: Growing Up Under the Khmer Rouge,Chanrithy Him,2001
First They Killed My Father: A Daughter of Cambodia Remembers,Loung Ung,2006
Fahrenheit 451,Ray Bradbury/Christopher Hurt,2005
The Grapes of Wrath,John Steinbeck/Robert DeMott/Mick Wiggins,2006
CliffsNotes on Steinbeck's The Grapes of Wrath,Kelly McGrath Vlcek/CliffsNotes/John Steinbeck,2000
The Grapes of Wrath,John Steinbeck,2001
American Gods,Neil Gaiman,2001
American Gospel: God  the Founding Fathers  and the Making of a Nation,Jon Meacham,2006
American Gods (American Gods  #1),Neil Gaiman,2005
East of Eden,John Steinbeck,2002
Eden in the East: The Drowned Continent of Southeast Asia,Stephen Oppenheimer,1999
East Of Eden,John Steinbeck,1977
Who Was John F. Kennedy?,Yona Zeldis McDonough/Nancy Harrison/Jill Weber,2004
The Radical Right & the Murder of John F. Kennedy: Stunning Evidence in the Assassination of the President,Harrison Edward Livingstone,2004
An Unfinished Life: John F. Kennedy  1917-1963,Robert Dallek,2004
Sellevision,Augusten Burroughs,2006
Dry,Augusten Burroughs,2005
Running with Scissors,Augusten Burroughs,2006
People of the Lie: The Hope for Healing Human Evil,M. Scott Peck,1998
The Road Less Traveled: A New Psychology of Love  Traditional Values  and Spiritual Growth,M. Scott Peck,2003
The Adventures of Sherlock Holmes,Arthur Conan Doyle,2004
A Prayer for Owen Meany,John Irving,2002
Complications: A Surgeon's Notes on an Imperfect Science,Atul Gawande/Susanne Kuhlmann-Krieg,2003
Sad Underwear and Other Complications: More Poems for Children and Their Parents,Judith Viorst/Richard  Hull,2000
Bridget Jones: The Edge Of Reason (Bridget Jones #2),Helen Fielding,1999
Bridget Jones's Guide to Life,Helen Fielding,2001
A Framework for Understanding Poverty,Ruby K. Payne,2006
Ruby for Rails: Ruby Techniques for Rails Developers,David A. Black/David Heinemeier Hansson,2006
About the B'nai Bagels,E.L. Konigsburg,1985
The Far Side of Evil,Sylvia Engdahl,2005
Enchantress from the Stars,Sylvia Engdahl/Lois Lowry,2003
Everything Is Illuminated,Jonathan Safran Foer,2005
Everything Is Illuminated,Jonathan Safran Foer,2003
Extremely Loud and Incredibly Close,Jonathan Safran Foer,2006
Genome: the Autobiography of a Species in 23 Chapters,Matt Ridley,2006
Bioinformatics: Sequence and Genome Analysis,David W. Mount,2004
The Genome War: How Craig Venter Tried to Capture the Code of Life and Save the World,James Shreeve,2005
Carter Beats the Devil,Glen David Gold,2002
Moo  Baa  La La La!,Sandra Boynton,2004
Click  Clack  Moo: Cows That Type,Doreen Cronin/Betsy Lewin,2003
Dooby Dooby Moo,Doreen Cronin/Betsy Lewin,2006
Moo,Jane Smiley,1999
Sailor Moo: Cow at Sea,Lisa Wheeler/Ponder Goembel,2002
CliffsNotes on Heller's Catch-22,Charles A. Peek/CliffsNotes/Joseph Heller,1975
Catch-22,Joseph Heller,1994
Geisha,Liza Dalby,1998
Does Anything Eat Wasps?: And 101 Other Unsettling  Witty Answers to Questions You Never Thought You Wanted to Ask,New Scientist/Mick O'Hare,2006
The Complete Short Stories of Ernest Hemingway,Ernest Hemingway/John Hemingway/Patrick Hemingway/Gregory H. Hemingway/Charles Scribner Jr.,1998
Hemingway & Bailey's Bartending Guide to Great American Writers,Mark Bailey/Edward Hemingway,2006
For Whom The Bell Tolls,Ernest Hemingway,2005
A Moveable Feast,Ernest Hemingway,2012
Islands in the Stream,Ernest Hemingway,2003
Berlin Blues,Sven Regener/John Brownjohn,2004
The Short Stories,Ernest Hemingway,2002
Hemingway's Cats: An Illustrated Biography,Carlene Fredericka Brennen/Hilary Hemingway,2005
The Ernest Hemingway Audio Collection,Ernest Hemingway/Charlton Heston,2001
Until I Find You,John Irving,2006
The Imaginary Girlfriend,John Irving,2002
The Fourth Hand,John Irving,2003
The Water-Method Man,John Irving,1997
Setting Free the Bears,John Irving,1997
The 158-Pound Marriage,John Irving,1997
The Short Stories,F. Scott Fitzgerald/Matthew J. Bruccoli,1998
A Life in Letters,F. Scott Fitzgerald/Matthew J. Bruccoli,1995
On Authorship,F. Scott Fitzgerald/Matthew J. Bruccoli/Judith S. Baughman,1996
The St. Paul Stories of F. Scott Fitzgerald,F. Scott Fitzgerald/Dave Page/Patricia Hampl,2004
Tender is the Night,F. Scott Fitzgerald/Arnold Goldman/Richard Godden,2001
The Great Gatsby,Kathleen Parkinson/F. Scott Fitzgerald,2003
The Great Gatsby,F. Scott Fitzgerald/Tim Robbins,2002
The Great Gatsby,F. Scott Fitzgerald/Alexander Scourby,2002
Cliffs Notes on Fitzgerald's the Great Gatsby,Kate Maurer/F. Scott Fitzgerald/CliffsNotes,2000
The Great Gatsby,F. Scott Fitzgerald,1994
Limitations (Kindle County Legal Thriller #7),Scott Turow,2006
Reversible Errors (Kindle County Legal Thriller #6),Scott Turow,2003
The Laws Of Our Fathers (Kindle County Legal Thriller #4),Scott Turow,1997
Personal Injuries (Kindle County Legal Thriller #5),Scott Turow,2000
One L: The Turbulent True Story of a First Year at Harvard Law School,Scott Turow,1997
Ultimate Punishment,Scott Turow,2004
The Physician (Cole Family Trilogy  #1),Noah Gordon,2001
The Rabbi,Noah Gordon,1987
The Frequencies,Noah Eli Gordon,2003
The Talking Horse and the Sad Girl and the Village Under the Sea: Poems,Mark Haddon,2006
Ocean Star Express,Mark Haddon/Peter   Sutton,2002
The Damned and the Beautiful: American Youth in the 1920's,Paula S. Fass,1978
This Side of Paradise (Paradise  #1),Steven L. Layne,2005
Trimalchio,F. Scott Fitzgerald/James L.W. West III,2002
Souvenir of Canada 2,Douglas Coupland,2004
Souvenir of Canada,Douglas Coupland,2002
The Illustrated Art of War,Sun Tzu/Samuel B. Griffith,2005
World War 3 Illustrated: Confrontational Comics,Scott   Cunningham/Peter Kuper/Seth Tobocman/Sabrina Jones,1995
Master Index: An Illustrated Guide,Time-Life Books,1993
A New Hope: The Illustrated Screenplay (Star Wars  Episode IV),George Lucas,1998
Soul of the Sword: An Illustrated History of Weaponry and Warfare from Prehistory to the Present,Robert L. O'Connell/John    Batchelor,2002
Star Wars Episode 1: The Phantom Menace Illustrated Screenplay,George Lucas,1999
Warfare in the Classical World: An Illustrated Encyclopedia of Weapons  Warriors  and Warfare in the Ancient Civilizations of Greece and Rome,John Warry/Phillip de ste. Croix,1995
The Winter of Our Discontent,John Steinbeck/Susan Shillinglaw,2008
Cannery Row,John Steinbeck,2002
Tortilla Flat,John Steinbeck,2000
The Log from the Sea of Cortez,John Steinbeck/Richard Astro,2001
The Illustrated Longitude: The True Story of a Lone Genius Who Solved the Greatest Scientific Problem of His Time,Dava Sobel/William J.H. Andrewes/William J. H. Andrewes,2003
Longitude: The True Story of a Lone Genius Who Solved the Greatest Scientific Problem of His Time,Dava Sobel/Neil Armstrong,2005
Latitude and Longitude (Rookie Read-About Geography),Rebecca Aberg/Jeanne Clidas,2003
The Quest for Longitude: The Proceedings of the Longitude Symposium  Harvard University  Cambridge  Massachusetts  November 4-6  1993,William Andrewes,1996
1421: The Year China Discovered America,Gavin Menzies,2004
Dr. Desirable,Kristi Gold,2002
Mayflower: A Story of Courage  Community  and War,Nathaniel Philbrick,2006
Before the Mayflower: A History of Black America,Lerone Bennett Jr.,2003
Before The Mayflower A History of Black America,Lerone Bennett Jr.,1984
Shalimar the Clown,Salman Rushdie,2006
Midnight's Children,Salman Rushdie,1982
Haroun and the Sea of Stories (Khalifa Brothers  #1),Salman Rushdie/Paul Birkbeck,1999
Fury,Salman Rushdie,2002
Code Complete,Steve McConnell,2004
Dale Carnegie's Lifetime Plan for Success: How to Win Friends and Influence People & How to Stop Worrying and Start Living,Dale Carnegie,1998
How to Stop Worrying and Start Living,Dale Carnegie,2004
How To Enjoy Your Life And Your Job,Dale Carnegie/Dorothy Carnegie,1990
The Leader In You: How to Win Friends  Influence People and Succeed in a Changing World,Dale Carnegie/Stuart R. Levine/Michael A. Crom,1995
The Drama of the Gifted Child: The Search for the True Self,Alice   Miller/Ruth Ward,2008
The Drama of the Gifted Child: The Search for the True Self,Alice   Miller,1983
Who Moved My Cheese?,Spencer Johnson/Kenneth H. Blanchard,2002
Heart of Darkness,Joseph Conrad,2003
Heart of Darkness and Other Tales,Joseph Conrad/Cedric Watts,2003
Heart of Darkness,Joseph Conrad,2003
Teacher Man (Frank McCourt  #3),Frank McCourt,2006
Angela's Ashes,Frank McCourt,1998
Three Men in a Boat (Three Men  #1),Jerome K. Jerome,1994
Three Men in a Boat: To Say Nothing of the Dog,Jerome K. Jerome,2006
Three Men in a Boat: To Say Nothing of the Dog,Jerome K. Jerome,2005
Three Men in a Boat,Jerome K. Jerome,2004
Three Men in a Boat and Three Men on the Bummel,Jerome K. Jerome/Jeremy Lewis,1999
Kafka on the Shore,Haruki Murakami/Philip Gabriel,2006
The Brothers Karamazov,Fyodor Dostoyevsky/Constance Garnett/Manuel Komroff/John Bayley,1999
The Brothers Karamazov,Fyodor Dostoyevsky/Fyodor Dostoevsky/Richard Pevear/Larissa Volokhonsky,2002
The Brothers Karamazov,Fyodor Dostoyevsky/David McDuff,2003
The Brothers Karamazov,Fyodor Dostoyevsky/Richard Pevear/Larissa Volokhonsky,1991
The Brothers Karamazov,Fyodor Dostoyevsky/Simon Vance/Thomas R. Beyer Jr.,2005
The Brothers Karamazov,Fyodor Dostoyevsky/Constance Garnett/Maire Jaanus,2004
CliffsNotes on Dostoevsky's The Brothers Karamazov,James Lamar Roberts/Gary Carey,2003
Hungry Planet,Peter Menzel/Faith D'Aluisio,2005
The Very Hungry Caterpillar,Eric Carle,1994
The Little Mouse  the Red Ripe Strawberry and the Big Hungry Bear,Don    Wood,1996
One Hundred Hungry Ants,Elinor J. Pinczes/Bonnie Mackain,1999
The Hungry Tide,Amitav Ghosh,2006
Feeding the Hungry Heart: The Experience of Compulsive Eating,Geneen Roth,1993
What Is the What,Dave Eggers,2006
A Heartbreaking Work of Staggering Genius,Dave Eggers,2001
You Shall Know Our Velocity!,Dave Eggers,2003
How We Are Hungry,Dave Eggers,2005
How We Are Hungry: Stories,Dave Eggers,2004
Merry Christmas  Stinky Face,Lisa McCourt/Cyd Moore,2004
Love You Until--,Lisa McCourt/Cyd Moore,2005
Year of Wonders,Geraldine Brooks,2002
The Wonder Years: Helping Your Baby and Young Child Successfully Negotiate the Major Developmental Milestones,Tanya Remer Altmann/American Academy of Pediatrics,2006
Wolves of the Calla (The Dark Tower  #5),Stephen King/Bernie Wrightson,2006
A Man Without a Country,Kurt Vonnegut Jr./Daniel Simon,2007
Slaughterhouse-Five,Kurt Vonnegut Jr.,1999
Kurt Vonnegut's Cat's Cradle (Modern Critical Interpretations),Harold Bloom/Terry Southern/David H. Goldsmith/James Lundquist/Lawrence R. Broer/Peter J. Reed/Loree Rackstraw/William S. Doxey/Jerome Klinkowitz/Richard Giannone/John L. Simons/Leonard Mustazza/Zoltan Ab di-Nagy/Peter Freese/Wendy B. Faris,2002
God Bless You  Dr. Kevorkian,Kurt Vonnegut Jr.,2001
Jailbird,Kurt Vonnegut Jr.,1999
Fates Worse Than Death,Kurt Vonnegut Jr.,1992
The Red Tent,Anita Diamant,2005
Inside the Red Tent,Sandra Hack Polaski,2006
Anita Diamant's The Red Tent: A Reader's Guide,Ann Finding,2004
Downfall (Dragonlance: Dhamon Saga  #1),Jean Rabe,2001
Berlin: The Downfall  1945,Antony Beevor,2002
El azul de la virgen,Tracy Chevalier,2004
Saturday,Ian McEwan,2006
I Love Saturdays y domingos,Alma Flor Ada/Elivia Savadier,2004
A Dangerous Fortune,Ken Follett,1999
The Man From St. Petersburg,Ken Follett,2003
Night Over Water,Ken Follett,2004
The Truth about the Drug Companies: How They Deceive Us and What to Do about It,Marcia Angell,2005
Jackdaws,Ken Follett,2006
Whiteout,Ken Follett/David Tennant,2006
Jackdaws,Ken Follett,2002
Battle Angel Alita - Last Order : Angel's Vision  Vol. 08,Yukito Kishiro,2006
Battle Angel Alita - Last Order : Guilty Angel  Vol. 07,Yukito Kishiro,2006
Gunnm Last Order  Tome 01,Yukito Kishiro,2002
Your Inner Physician and You: CranioSacral Therapy and SomatoEmotional Release,John E. Upledger,1997
My Life in France,Julia Child/Alex Prud'Homme,2006
A Short History of Nearly Everything (Illustrated Edition),Bill Bryson,2010
The Drawing of the Three (The Dark Tower  #2),Stephen King,2003
The Handmaid's Tale,Margaret Atwood/Valerie Martin,2006
The Handmaid's Tale,Margaret Atwood,2009
The Catcher in the Rye,J.D. Salinger,2001
The Catcher in the Rye - Barron's Book Notes,Barron's,1984
Franny and Zooey,J.D. Salinger,2001
Raise High the Roof Beam  Carpenters & Seymour: An Introduction,J.D. Salinger,2001
The Doors of Perception & Heaven and Hell,Aldous Huxley,2004
Brave New World,Aldous Huxley,1998
Island,Aldous Huxley,2002
The Perennial Philosophy,Aldous Huxley,2004
Huxley and God: Essays on Religious Experience,Aldous Huxley/Huston Smith/Jacqueline Hazard Bridgeman,2003
Moksha: Writings on Psychedelics & the Visionary Experience,Aldous Huxley/Michael Horowitz/Cynthia Palmer,1999
Point Counter Point,Aldous Huxley,1996
After Many a Summer Dies the Swan,Aldous Huxley,1993
The Flame Trees of Thika: Memories of an African Childhood,Elspeth Huxley,2000
The Devil Wears Prada (The Devil Wears Prada  #1),Lauren Weisberger,2006
Arundhati Roy's The God of Small Things: A Reader's Guide,Julie Mullaney,2002
A Separate Peace,John Knowles/David Levithan,2003
Black and Blue,Anna Quindlen,2010
A Virtuous Woman,Kaye Gibbons,1997
Here on Earth,Alice Hoffman,1999
The Heart of a Woman,Maya Angelou,1997
The Deep End of the Ocean (Cappadora Family  #1),Jacquelyn Mitchard,1999
Cane River,Lalita Tademy,2002
Where the Heart Is,Billie Letts,1998
Oprah Winfrey,Katherine E. Krohn,2002
Drowning Ruth,Christina Schwarz,2001
Fall on Your Knees,Ann-Marie MacDonald,2002
What Looks Like Crazy on an Ordinary Day (Idlewild  #1),Pearl Cleage,1998
While I Was Gone,Sue Miller,2000
Mother of Pearl,Melinda Haynes,2000
Breath  Eyes  Memory,Edwidge Danticat,1998
The Book of Ruth,Jane Hamilton,1989
Open House,Elizabeth Berg,2001
The Pilot's Wife,Anita Shreve,1999
Tara Road,Maeve Binchy,2000
A Lesson Before Dying,Ernest J. Gaines,1997
Paradise,Toni Morrison,1999
The Treasure Hunt: A Little Bill Book,Bill Cosby/Varnette P. Honeywood,1997
She's Come Undone,Wally Lamb,1998
We Were the Mulvaneys,Joyce Carol Oates,1997
A Map of the World,Jane Hamilton/Frank  Muller/C.J. Critt,1999
Daughter of Fortune,Isabel Allende/Margaret Sayers Peden,1999
The Meanest Thing To Say,Bill Cosby/Varnette P. Honeywood/Varnette Hon Eywood,1997
The Good Earth (House of Earth  #1),Pearl S. Buck,2004
A Fine Balance,Rohinton Mistry,2001
The Best Way to Play: A Little Bill Book,Bill Cosby/Varnette P. Honeywood/Varnette Honeywood,1997
White Oleander,Janet Fitch,2000
Cry  the Beloved Country,Alan Paton,2003
Song of Solomon,Toni Morrison,1987
The Bluest Eye,Toni Morrison,2000
The Poisonwood Bible,Barbara Kingsolver,1999
Vergeef me,Wally Lamb/Inge de Heer,2001
The Crusader: Ronald Reagan and the Fall of Communism,Paul Kengor,2006
Ronald Reagan: How an Ordinary Man Became an Extraordinary Leader,Dinesh D'Souza,1999
Ethan Frome and Summer,Edith Wharton/Elizabeth Strout,2001
Collected Stories  1891-1910,Edith Wharton/Maureen Howard,2001
A Backward Glance,Edith Wharton/Louis Auchincloss,1998
The Best Short Stories of Edith Wharton,Edith Wharton,2004
Complete Works of Oscar Wilde,Oscar Wilde/Merlin Holland,2003
Oscar Wilde,Richard Ellmann,1988
An Ideal Husband,Oscar Wilde,2001
The Picture of Dorian Gray,Oscar Wilde/Jeffrey Eugenides,2004
De Profundis and Other Writings,Oscar Wilde/Hesketh Pearson,1976
Sense and Sensuality: Jesus Talks to Oscar Wilde on the Pursuit of Pleasure (Great Conversations),Ravi Zacharias,2006
Travels with Charley: In Search of America,John Steinbeck,2002
The Pearl,John Steinbeck,2002
The Life and Times of Scrooge McDuck,Don Rosa,2005
The Life and Times of Scrooge McDuck Companion,Don Rosa,2006
The Last Christmas of Ebenezer Scrooge,Marvin Kaye,2004
A Christmas Story,Jean Shepherd,2003
My First Story of Christmas,Tim Dowley/Roger Langton,2004
The Christmas Story,Jane Werner Watson/Eloise Wilkin,2000
A Christmas Carol,Charles Dickens/P.J. Lynch,2006
A Christmas Carol,Charles Dickens,2012
The Annotated Christmas Carol,Charles Dickens/Michael Patrick Hearn/John Leech,2004
Charles Dickens' A Christmas Carol,Jane Parker Resnick/Christian Birmingham,2000
Little Dorrit,Charles Dickens/Hablot Knight Browne/David Gates,2002
A Christmas Carol and Other Christmas Writings,Charles Dickens/Michael Slater,2003
The Life of Our Lord: Written for His Children During the Years 1846 to 1849,Charles Dickens,1999
Hard Times,Charles Dickens,2003
The Innocent Man: Murder and Injustice in a Small Town,John Grisham,2006
The Last Juror,John Grisham,2006
The Testament,John Grisham/Jorma-Veikko Sappinen,1999
The Rainmaker,John Grisham,2005
The Partner,John Grisham,2005
The Street Lawyer,John Grisham,2005
The Summons,John Grisham,2005
The Brethren,John Grisham,2005
The King of Torts,John Grisham,2005
Skipping Christmas,John Grisham,2004
The Firm,Robin Waterfield/John Grisham,2000
The Client,John Grisham,2010
A Painted House,John Grisham,2004
The Summons / The Brethren,John Grisham/Michael Beck/Frank  Muller,2006
Dragonfly in Amber (Outlander  #2),Diana Gabaldon,2001
Forever Amber,Kathleen Winsor,2002
Amber Brown Is Green With Envy,Paula Danziger/Tony Ross,2004
Amber Brown Is Not a Crayon,Paula Danziger/Tony Ross,2006
Amber and Ashes (Dragonlance: The Dark Disciple  #1),Margaret Weis,2005
The Waste Lands (The Dark Tower  #3),Stephen King/Ned Dameron,1992
The Dragon's Eye (Dragonology Chronicles  #1),Dugald A. Steer/Douglas Carrel,2006
The Dragon's Eye (Erec Rex  #1),Kaza Kingsley/Melvyn Grant,2006
Dragon's Eye (Stonefort  #1),James A. Hetley,2006
Dragon's Eye,Christopher Stasheff/William R. Forstchen/Nick DiChario/S.N. Lewitt/Bill Fawcett/Mike Resnick/Mickey Zucker Reichert/S.M. Stirling/Diane Duane/Jody Lynn Nye/Roland J. Green/Teresa Patterson/Judith R. Conly,1994
"Stand Back  Said the Elephant  ""I'm Going to Sneeze!""",Patricia Thomas/Wallace Tripp,1990
Here I Stand: A Life of Martin Luther,Roland H. Bainton,1995
'Salem's Lot,Stephen King/Jerry N. Uelsmann,2005
'Salem's Lot,Stephen King/Ron McLarty,2004
'Salem's Lot,Stephen King,1975
Carrie / 'Salem's Lot / The Shining,Stephen King,2002
'Salem's Lot,Stephen King,1979
'Salem's Lot,Stephen King,2010
Orientalism,Edward W. Said,2003
Interpreter of Maladies,Jhumpa Lahiri,2000
The Faiths of the Founding Fathers,David L. Holmes,2006
Girls in Pants: The Third Summer of the Sisterhood (Sisterhood  #3),Ann Brashares,2006
Forever in Blue: The Fourth Summer of the Sisterhood (Sisterhood  #4),Ann Brashares,2007
Junie B.  First Grader: Cheater Pants (Junie B. Jones  #21),Barbara Park/Denise Brunkus,2004
Nineteen Eighty-Four,George Orwell/Thomas Pynchon,2003
Animal Farm / 1984,George Orwell/Christopher Hitchens,2003
1984,George Orwell/Erich Fromm,1981
Nineteen Eighty-Four,George Orwell,2005
Brave New World / Brave New World Revisited,Aldous Huxley/Christopher Hitchens,2005
Brave New World and Brave New World Revisited,Aldous Huxley/Christopher Hitchens,2004
Brave New World Revisited,Aldous Huxley,2006
Brave New World,Aldous Huxley,2006
Andrew Carnegie,David Nasaw,2006
The Cairo Trilogy: Palace Walk / Palace of Desire / Sugar Street (The Cairo Trilogy #1-3),Naguib Mahfouz,2001
Children of the Alley,Naguib Mahfouz/Peter Theroux,1996
Akhenaten: Dweller in Truth,Naguib Mahfouz/Tagreid Abu-Hassabo,2000
Adrift on the Nile,Naguib Mahfouz/Frances Liardet,1994
Midaq Alley,Naguib Mahfouz/Trevor Le Gassick,1991
The Harafish,Naguib Mahfouz/Catherine Cobham/Naguib Mahfouz,1997
The Day the Leader Was Killed,Naguib Mahfouz/Surgana/Naguib Mahfouz,2000
Anne Frank Beyond the Diary: A Photographic Remembrance,Ruud van der Rol/Rian Verhoeven/Anna Quindlen/Anne Frank/Tony   Langham/Plym Peters,1995
Anne Frank Remembered: The Story of the Woman Who Helped to Hide the Frank Family,Miep Gies/Alison Leslie Gold,1988
The Diary of Anne Frank,Frances Goodrich/Albert Hackett/Wendy Kesselman,1998
Anne Frank: Life in Hiding,Johanna Hurwitz/Vera Rosenberry,1999
Cliffs Notes on Hansberry's A Raisin in the Sun,Rosetta James,1992
Dear John,Nicholas Sparks,2006
All the King's Men,Robert Penn Warren,1996
Cliffs notes on Warren's All the King's Men,L. David Allen,1964
All the King's Men: Three Stage Versions,Robert Penn Warren/James A. Perkins/James A. Grimshaw,2000
Men's Health: Book of Muscle - The World's Most Complete Guide to Building Your Body,Ian King/Lou Schuler/Frederick Deluvier,2003
Surely You're Joking  Mr. Feynman!: Adventures of a Curious Character,Richard P. Feynman,1997
The Feynman Lectures on Physics  3 Vols,Richard P. Feynman/Robert B. Leighton/Matthew L. Sands,1989
What Do You Care What Other People Think?,Richard P. Feynman,2001
Perfectly Reasonable Deviations from the Beaten Track: Letters of Richard P. Feynman,Richard P. Feynman/Michelle Feynman,2005
QED: The Strange Theory of Light and Matter,Richard P. Feynman,1988
iWoz,Steve Wozniak/Gina Smith,2006
Cradle to Cradle: Remaking the Way We Make Things,William McDonough/Michael Braungart,2002
Cradle and All,James Patterson,2001
The Creation of the American Republic  1776-1787,Gordon S. Wood,1998
Power  Faith  and Fantasy: America in the Middle East 1776 to the Present,Michael B. Oren,2007
Problems of the Self: Philosophical Papers 1956 1972,Bernard Williams,1976
Moral Luck: Philosophical Papers 1973-1980,Bernard Williams,1981
Ethics and the Limits of Philosophy,Bernard Williams,1986
On Rhetoric and Language: Four Key Dialogues,Jean Nienkamp,1999
The Norton Anthology of Modern and Contemporary Poetry,Jahan Ramazani/Richard Ellmann/Robert O'Clair,2003
The Elephant War,Gillian Avery,2000
The Wind in the Willows,Kenneth Grahame/Gillian Avery,2005
The Everyman Anthology of Poetry for Children,Gillian Avery/Everyman's Library/Thomas Benwick,1994
Holiday Romance and Other Writings for Children,Charles Dickens,1995
Ideas Have Consequences,Richard M. Weaver,1984
The Ethics of Rhetoric,Richard M. Weaver,1995
Manliness,Harvey Mansfield,2006
Anna Karenina,Leo Tolstoy/Richard Pevear/Larissa Volokhonsky,2001
The Brothers Karamazov,Fyodor Dostoyevsky/Richard Pevear/Larissa Volokhonsky,1992
Selected Stories of Anton Chekhov,Anton Chekhov/Richard Pevear/Larissa Volokhonsky,2000
Mother Maria Skobtsova: Essential Writings,Maria Skobtsova/Richard Pevear,2002
What is Art?,Leo Tolstoy/Richard Pevear/Larissa Volokhonsky,1995
The Complete Short Novels,Anton Chekhov/Richard Pevear/Larissa Volokhonsky,2005
The Double and The Gambler,Fyodor Dostoyevsky/Richard Pevear/Larissa Volokhonsky,2007
The Adolescent,Fyodor Dostoyevsky/Richard Pevear/Larissa Volokhonsky,2004
If I Die in a Combat Zone,Tim O'Brien,2003
If I Die In A Combat Zone,Tim O'Brien,1995
Rainbow Six (John Clark  #2; Jack Ryan Universe  #10),Tom Clancy/David Dukes,1999
Child of War  Woman of Peace,Le Ly Hayslip/James Hayslip/Jenny Wurts,1993
When Heaven and Earth Changed Places: A Vietnamese Woman's Journey from War to Peace,Le Ly Hayslip/Jay Wurts,1993
Philip Vera Cruz: A Personal History of Filipino Immigrants and the Farmworkers Movement,Craig Scharlin/Lilia V. Villanueva,2000
Coming of Age in Mississippi: The Classic Autobiography of a Young Black Girl in the Rural South,Anne Moody,2004
I'm Too Young To Be Seventy,Judith Viorst/Laura Gibson,2005
Seventy-Seven Clocks (Bryant & May #3),Christopher Fowler,2005
The Blank Slate: The Modern Denial of Human Nature,Steven Pinker,2003
The Language Instinct: How the Mind Creates Language,Steven Pinker,2000
Learnability and Cognition: The Acquisition of Argument Structure,Steven Pinker/Jacques A. Mehler,1991
Fight Club,Chuck Palahniuk,2005
BSD Hacks,Lavigne,2004
The Design and Implementation of the 4.3BSD UNIX Operating System,Samuel J. Leffler/Marshall Kirk McKusick/Michael J. Karels,1989
Choke,Stuart Woods,1996
Choke Point: A Brinker Mystery (Brinker P.I.),James C. Mitchell,2004
The Aleph and Other Stories,Jorge Luis Borges/Andrew Hurley,2004
El Aleph,Jorge Luis Borges,2007
Vanity Fair,William Makepeace Thackeray/John Carey,2003
Vanity Fair,William Makepeace Thackeray/Nicholas Dames,2003
Vanity Fair,William Makepeace Thackeray,1998
V for Vendetta,Alan Moore/David   Lloyd,2005
Girl in the Shadows (Shadows  #2),V.C. Andrews,2006
V for Vendetta,Steve Moore/Lilly Wachowski/Lana Wachowski/Alan Moore,2006
Heaven (Casteel  #1),V.C. Andrews,1997
Slow Learner: Early Stories,Thomas Pynchon,1995
A Gravity's Rainbow Companion: Sources and Contexts for Pynchon's Novel,Steven Weisenburger,2006
Casino Royale,Ian Fleming,2004
Casino Royale,Anthony Hern/Ian Fleming/Henry Gammidge/John McLusky,2005
Bel Canto,Ann Patchett,2005
Guerilla Film Makers Movie Blueprint,Chris          Jones/Jonathan Newman/Cara Williams,2003
Mini-Manual of the Urban Guerrilla,Carlos Marighella,2002
The Career Programmer: Guerilla Tactics for an Imperfect World (Expert's Voice),Christopher   Duncan,2006
A Bend in the River,V.S. Naipaul,2002
The Middle Passage,V.S. Naipaul,2002
Magic Seeds,V.S. Naipaul,2005
Half a Life,V.S. Naipaul,2009
North of South: An African Journey,Shiva Naipaul,1996
V.S. Naipaul,Bruce Alvin King,2003
Regeneration (Species Imperative  #3),Julie E. Czerneda,2006
The Regeneration Trilogy (Regeneration  #1-3),Pat Barker,1996
The Sparrow (The Sparrow  #1),Mary Doria Russell,1997
The Age of Bronze (Pirates of the Caribbean: Jack Sparrow  #5),Rob Kidd/Walt Disney Company,2006
The Pirate Chase (Pirates of the Caribbean: Jack Sparrow  #3),Rob Kidd/Walt Disney Company,2006
The Siren Song (Pirates of the Caribbean: Jack Sparrow  #2),Rob Kidd/Jean-Paul Orpinas,2006
The Coming Storm (Pirates of the Caribbean: Jack Sparrow  #1),Rob Kidd/Jean-Paul Orpinas,2006
The Woman in White,Wilkie Collins/Matthew Sweet,2003
The Woman in White,Wilkie Collins,2005
The Woman in White,Wilkie Collins/Maria K. Bachman/Don Richard Cox,2006
The Woman in White,Wilkie Collins/Camille Cauti,2005
The Lord of the Rings (The Lord of the Rings  #1-3),J.R.R. Tolkien,2002
The 9/11 Commission Report: Final Report of the National Commission on Terrorist Attacks Upon the United States,National Commission on Terrorist Attacks Upon The United States,2004
The Hobbit  or There and Back Again,J.R.R. Tolkien,2002
The Annotated Hobbit,J.R.R. Tolkien/Douglas A. Anderson,2003
Poems From The Hobbit,J.R.R. Tolkien,1999
The Hobbit: Or There and Back Again,J.R.R. Tolkien,2003
The Hobbit,J.R.R. Tolkien,2007
Ruthless Rhymes for Heartless Homes and More Ruthless Rhymes,Harry Graham/Frank J. Moore/D. Streamer,2013
The Essential Neruda: Selected Poems,Pablo Neruda/Mark Eisner/Lawrence Ferlinghetti/Robert Hass/Stephen Mitchell/Alastair Reid/Forrest Gander/Jack Hirschman/Stephen Kessler/John Felstiner,2004
Love,Pablo Neruda,1995
Anil's Ghost,Michael Ondaatje,2001
Waiting for My Cats to Die: A Memoir,Stacy Horn,2002
Narcissus and Goldmund,Hermann Hesse/Leila Vennewitz,1993
Edward Lear's Book of Nonsense: With Lear's Original Illustrations,Edward Lear/Simcha Shtull,1995
A Sparrow Falls (Courtney #3),Wilbur Smith,2007
Providence of a Sparrow: Lessons from a Life Gone to the Birds,Chris Chester,2004
Sparrow Hawk Red,Ben Mikaelsen,1995
The Fall of a Sparrow,Robert Hellenga,1999
The Bluebird and the Sparrow (Women of the West  #10),Janette Oke,2006
Journey of the Sparrows,Fran Leeper Buss/Daisy Cubias,2002
Aleutian Sparrow,Karen Hesse/Evon Zerbetz/Kim McGillivray,2005
An Episode of Sparrows,Rumer Godden,2004
Li Po and Tu Fu: Poems,Li Bai/Du Fu/Arthur Cooper/Shui Chien-Tung,1973
Five T'ang Poets,Wang Wei/Li Bai/Li Ho/Li Shang-yin/David        Young,1990
The End of Obscenity: The Trials of Lady Chatterley  Tropic of Cancer  and Fanny Hill,Charles Rembar,1986
Juniper,Monica Furlong,2004
The Long Road Back: A Survivor's Guide to Anorexia,Judy Tam Sargent/Sonia Nordenson,1998
The Road Back,Erich Maria Remarque,2001
Robinson Crusoe,Daniel Defoe/L.J. Swingle,2003
Achilles in Vietnam: Combat Trauma and the Undoing of Character,Jonathan Shay,1995
The Work of Mourning,Jacques Derrida/Pascale-Anne Brault/Michael Naas,2003
Transform Your Life: A step-by-step programme for change,Diana Cooper,1998
A Short History of Byzantium,John Julius Norwich,1998
The Middle Sea: A History of the Mediterranean,John Julius Norwich,2006
A History of Venice,John Julius Norwich,1989
The Normans in Sicily: The Normans in the South 1016-1130 and the Kingdom in the Sun 1130-1194,John Julius Norwich,2004
Siddhartha,Hermann Hesse/Susan Bernofsky/Tom Robbins,2006
Siddhartha,Hermann Hesse/Joachim Neugroschel/Ralph Freedman,2002
Siddhartha,Hermann Hesse,1975
The Moonstone,Wilkie Collins/Carolyn G. Heilbrun,2001
The Moonstone,Wilkie Collins,1998
The Moonstone,Wilkie Collins/P.D. James,1999
Ride of the Second Horseman: The Birth and Death of War,Robert L. O'Connell,1997
Beloved,Toni Morrison,2004
Cry  the Beloved Country,Alan Paton,2003
Life of the Beloved: Spiritual Living in a Secular World,Henri J.M. Nouwen,2002
Come Away My Beloved,Frances J. Roberts,2005
Israel  My Beloved,Kay Arthur,2001
Beloved Bride: The Letters of Stonewall Jackson to His Wife,Bill Potter/Stephen Lang,2003
The Search for the Beloved: Journeys in Mythology and Sacred Psychology (Inner Workbook),Jean Houston,1997
Reservation Blues,Sherman Alexie,2005
The Border Trilogy: All the Pretty Horses  The Crossing  Cities of the Plain,Cormac McCarthy,1999
Music & Silence,Rose Tremain,2001
The Periodic Table,Primo Levi,2009
Survival in Auschwitz,Primo Levi/Stuart J. Woolf/Philip Roth,1995
The Reawakening,Primo Levi/Stuart J. Woolf,1995
The Drowned and the Saved,Primo Levi,1989
The Monkey's Wrench,Primo Levi/William Weaver/Ruth Feldman/Ruth Tenzer Feldman,1995
Primo Levi: A Life,Ian Thomson,2004
Disgrace,J.M. Coetzee,2005
Waiting for the Barbarians,J.M. Coetzee,1999
The Lives of Animals,J.M. Coetzee/Amy Gutmann/Peter Singer/Wendy Doniger/Barbara Smuts/Marjorie Garber,2001
Boyhood: Scenes from Provincial Life,J.M. Coetzee,1998
Youth,J.M. Coetzee,2003
Age of Iron,J.M. Coetzee,1998
The Wife (Kristin Lavransdatter  #2),Sigrid Undset/Tiina Nunnally/Sherrill Harbison,1999
Kristin Lavransdatter (Kristin Lavransdatter  #1-3),Sigrid Undset/Tiina Nunnally/Brad Leithauser,2005
The Axe (The Master of Hestviken  #1),Sigrid Undset/Arthur G. Chater,1994
The Cross (Kristin Lavransdatter  #3),Sigrid Undset/Tiina Nunnally/Sherrill Harbison,2000
The Wreath (Kristin Lavransdatter  #1),Sigrid Undset/Tiina Nunnally,1997
The Mistress of Husaby (Kristin Lavransdatter  #2),Sigrid Undset,1987
Jenny,Sigrid Undset/Tiina Nunnally,1998
The Unknown Sigrid Undset: Jenny and Other Works,Sigrid Undset/Tim Page/Tiina Nunnally/Naomi Walford,2001
Gunnar's Daughter,Sigrid Undset/Sherrill Harbison/Arthur G. Chater,1998
The Snake Pit (The Master of Hestviken  #2),Sigrid Undset/Arthur G. Chater,1994
The Son Avenger (The Master of Hestviken  #4),Sigrid Undset,1995
An Imaginary Life,David Malouf,1999
The Great World,David Malouf,1999
Birdsong,Sebastian Faulks,1997
The Collected Poems of Wilfred Owen,Wilfred Owen/Cecil Day-Lewis,1965
Murder in Foggy Bottom (Capital Crimes  #17),Margaret Truman,2002
The Road,Cormac McCarthy,2006
The Road to Serfdom,Friedrich A. Hayek,2006
Road of the Patriarch (Forgotten Realms: The Sellswords  #3),R.A. Salvatore,2006
Road Trip USA: Cross-Country Adventures on America's Two-Lane Highways,Jamie Jensen,2006
Howl's Moving Castle (Howl's Moving Castle  #1),Diana Wynne Jones,2001
Howl and Other Poems,Allen Ginsberg/William Carlos Williams,2001
When Rabbit Howls,Truddi Chase/Robert A. Phillips,2002
The Art of Howl's Moving Castle,Hayao Miyazaki/Yuji Oniki/Joe Hisaishi,2005
Howl: Original Draft Facsimile  Transcript & Variant Versions  Fully Annotated by Author  with Contemporaneous Correspondence,Allen Ginsberg/Barry Miles,2006
The Best of America's Test Kitchen 2007: The Year's Best Recipes  Equipment Reviews  and Tastings,America's Test Kitchen,2006
Charlie and the Chocolate Factory (Charlie Bucket  #1),Roald Dahl/Quentin Blake,2005
Charlie and the Chocolate Factory: A Play,Richard R. George/Roald Dahl,1979
Charlie and the Chocolate Factory (Abridged),Roald Dahl,2005
Collected Stories,Roald Dahl/Jeremy Treglown,2006
Roald Dahl Treasury,Roald Dahl,2003
Dirty Beasts,Roald Dahl/Quentin Blake,2002
Never Let Me Go,Kazuo Ishiguro,2010
Never Let Me Go,Kazuo Ishiguro,2006
Never Let Me Go,Kazuo Ishiguro/Rosalyn Landor,2005
Homeric Moments: Clues to Delight in Reading the Odyssey and the Iliad,Eva Brann,2002
Paradoxes of Education in a Republic,Eva Brann,1989
The Music of the Republic: Essays on Socrates' Conversations and Plato's Writings,Eva Brann,2004
Open Secrets / Inward Prospects: Reflections on World and Soul,Eva Brann,2004
Phaedo,Plato/Eva Brann/Peter Kalkavage/Eric Salem,1998
Rocky Stories: Tales of Love  Hope  and Happiness at America's Most Famous Steps,Michael Vitez/Tom Gralish/Sylvester Stallone,2006
My Heart May Be Broken  but My Hair Still Looks Great (Domestic Equalizers #2),Dixie Cash,2006
Since You're Leaving Anyway  Take Out the Trash (Domestic Equalizers #1),Dixie Cash,2004
The Da Vinci Code (Robert Langdon  #2),Dan Brown,2003
Blessings from the Other Side: Wisdom and Comfort from the Afterlife for This Life,Sylvia Browne/Lindsay Harrison,2002
Mother God: The Feminine Principle to Our Creator,Sylvia Browne,2004
Thanksgiving,Janet Evanovich,2006
Plum Lovin' (Stephanie Plum  #12.5),Janet Evanovich,2007
Four to Score (Stephanie Plum  #4),Janet Evanovich,1999
Seven Up (Stephanie Plum  #7),Janet Evanovich,2002
Hard Eight (Stephanie Plum  #8),Janet Evanovich/Lorelei King,2003
Motor Mouth (Alex Barnaby #2),Janet Evanovich,2006
A Supposedly Fun Thing I'll Never Do Again: Essays and Arguments,David Foster Wallace,1997
Ivanhoe,Walter Scott/Graham Tulloch,2000
Ivanhoe,Marianna Mayer/Walter Scott/John Rush,2004
Me and Jezebel: When Bette Davis Came for Dinner -- And Stayed ... And Stayed ... And Stayed ... And ...,Elizabeth L. Fuller,1992
George Washington and Benedict Arnold: A Tale of Two Patriots,Dave R. Palmer,2006
His Excellency: George Washington,Joseph J. Ellis,2005
George Washington's Rules of Civility & Decent Behavior in Company and Conversation (Little Books of Wisdom),George Washington,1989
George Washington's Sacred Fire,Peter A. Lillback/Jerry Newcombe,2011
Waverley,Walter Scott/Claire Lamont,1998
The Antiquary,Walter Scott/Nicola J. Watson,2002
Rob Roy,Walter Scott/Lockhart Bogle,2002
Prozac Nation,Elizabeth Wurtzel,2002
Girl  Interrupted: Screenplay based on the book,James Mangold/Anna Hamilton Phelan/Lisa Loomer/Susanna Kaysen,2000
How to Write a Damn Good Novel: A Step-by-Step No Nonsense Guide to Dramatic Storytelling,James N. Frey,1987
Book of the Dead (Kay Scarpetta  #15),Patricia Cornwell,2007
At Risk (Winston Garano  #1),Patricia Cornwell,2006
Predator (Kay Scarpetta  #14),Patricia Cornwell,2006
Trace (Kay Scarpetta  #13),Patricia Cornwell,2005
Postmortem (Kay Scarpetta  #1),Patricia Daniels Cornwell/Patricia Cornwell,2003
Three Complete Novels: Postmortem / Body Of Evidence / All That Remains (Kay Scarpetta  #1  #2  #3),Patricia Cornwell,1997
From Potter's Field (Kay Scarpetta  #6),Patricia Cornwell,2005
The Body Farm (Kay Scarpetta  #5),Patricia Cornwell,2004
Trace (Kay Scarpetta  #13),Patricia Cornwell/Carolyn McCormick,2005
Cause of Death (Kay Scarpetta  #7),Patricia Cornwell/C.J. Critt,2007
The Patricia Cornwell CD Audio Treasury: All That Remains / Cruel & Unusual (Kay Scarpetta  #3  #4),Patricia Cornwell/Kate Burton,2005
At Risk (Winston Garano  #1),Patricia Cornwell,2007
The Scarpetta Collection: All That Remains / Cruel & Unusual (Kay Scarpetta  #3  #4),Patricia Cornwell,2003
In the Dark of the Night,John Saul,2006
Perfect Nightmare,John Saul,2006
  said the shotgun to the head.,Saul Williams,2003
Early Color,Saul Leiter/Martin Harrison,2006
Herzog,Saul Bellow/Philip Roth,2003
Midnight Voices,John Saul/Joe Blades,2003
The Manhattan Hunt Club,John Saul,2006
Shadows,John Saul,1993
The Presence,John Saul,1998
Creature,John Saul,1997
Asylum (Blackstone Chronicles  #6),John Saul,1997
Suffer the Children,John Saul,1989
Big Bad Wolf,Linda Jones,1997
Why Do Men Fall Asleep After Sex? More Questions You'd Only Ask a Doctor After Your Third Whiskey Sour,Mark Leyner/Billy Goldberg,2006
Four Blondes,Candace Bushnell,2001
Lipstick Jungle,Candace Bushnell,2006
Lipstick Jungle,Candace Bushnell,2007
The Easy Way to Stop Smoking: Join the Millions Who Have Become Nonsmokers Using the Easyway Method,Allen Carr,2004
Teach Your Child to Read in 100 Easy Lessons,Siegfried Engelmann/Phyllis Haddox/Elaine Bruner,1986
It's Not Easy Being Green: And Other Things to Consider,Jim Henson/Cheryl Henson,2005
Playing Easy to Get (B.A.D. Agency #1.5; Vikings Underground #3; Immortals After Dark #1),Sherrilyn Kenyon/Jaid Black/Kresley Cole,2006
The Big Over Easy (Nursery Crime  #1),Jasper Fforde,2006
The Enneagram Made Easy: Discover the 9 Types of People,Renee Baron/Elizabeth Wagele,1994
It's Easy Being Green: A Handbook for Earth-Friendly Living,Crissy Trask/Mike Clelland,2006
Le Divorce,Diane Johnson,2003
Divine Conspiracy: Rediscovering Our Hidden Life in God,Dallas Willard,1998
The Divine Comedy,Dante Alighieri/John Ciardi,2003
The Divine Comedy,Dante Alighieri/Allen Mandelbaum/Eugenio Montale,1995
Divine,Karen Kingsbury,2007
When the Emperor Was Divine,Julie Otsuka,2004
Complete Divine (Dungeons & Dragons Edition 3.5),David Noonan,2004
A Divine Revelation of Hell,Mary K. Baxter/T.L. Lowery,1993
Boy: Tales of Childhood (Roald Dahl's Autobiography  #1),Roald Dahl/Quentin Blake,2001
The Enormous Crocodile,Roald Dahl/Quentin Blake,2003
The Magic Finger,Roald Dahl/Quentin Blake,2001
The Wonderful Story of Henry Sugar and Six More,Roald Dahl,2001
The Gremlins,Roald Dahl/Artists and Writers Guild/Walt Disney Company/Leonard Maltin,2006
Going Solo (Roald Dahl's Autobiography  #2),Roald Dahl/Quentin Blake,2001
Gumbo Ya-Ya: A Collection of Louisiana Folk Tales,Lyle Saxon/Edward Dreyer/Robert Tallant,1987
James and the Giant Peach,Roald Dahl/Quentin Blake,2002
Danny the Champion of the World,Roald Dahl/Quentin Blake,2002
My Uncle Oswald,Roald Dahl,1986
Fantastic Mr. Fox,Roald Dahl/Quentin Blake,2002
The Giraffe and the Pelly and Me,Roald Dahl/Quentin Blake,2001
The Power of Now: A Guide to Spiritual Enlightenment,Eckhart Tolle,2004
Wild Things: Four Tales,Douglas Clegg,2006
Wild Things (Prowlers Book 1),Christopher Golden,2003
A Supposedly Fun Thing I'll Never Do Again:  Essays and Arguments,David Foster Wallace,1998
Oblivion,David Foster Wallace,2005
Consider the Lobster and Other Essays,David Foster Wallace,2005
Brief Interviews with Hideous Men,David Foster Wallace,2000
Diabetes Meal Planning Made Easy,Hope S. Warshaw/Warshaw Hope,2006
Easy French Reader,R. de Roussy de Sales,2003
Algebra the Easy Way,Douglas Downing,2003
Easy Riders  Raging Bulls,Peter Biskind,1999
Cloud Atlas,David Mitchell,2005
The Cloud Atlas,Liam Callanan,2004
Easy Labor: Every Woman's Guide to Choosing Less Pain and More Joy During Childbirth,William Camann/Kathryn    Alexander,2006
The McDougall Quick and Easy Cookbook,John A. McDougall/Mary McDougall,1999
American Sign Language The Easy Way,David A. Stewart/Jessalyn Little/Elizabeth     Stewart,2006
Ghostwritten,David Mitchell,2001
Romeo & Juliet,William Shakespeare/Alan Durband,1993
Easy Prey (Lucas Davenport  #11),John Sandford,2004
Mayada  Daughter of Iraq: One Woman's Survival Under Saddam Hussein,Jean Sasson,2004
Three to Get Deadly (Stephanie Plum  #3),Janet Evanovich,1998
Smitten (Elsie Hawkins #2),Janet Evanovich,2006
Manhunt,Janet Evanovich,2005
Three Plums In One (Stephanie Plum  #1-3),Janet Evanovich,2001
Hot Six (Stephanie Plum  #6),Janet Evanovich,2001
Amsterdam,Ian McEwan,1999
Fodor's Amsterdam (Fodor's Gold Guides),Fodor's Travel Publications Inc./Sarah Gold,2004
The Child in Time,Ian McEwan,1999
Enduring Love,Ian McEwan,2004
Black Dogs,Ian McEwan,1998
The Comfort of Strangers,Ian McEwan,1994
And the Envelope  Please...: Ever After / An Affair To Remember / It Happened One Night,Barbara Bretton/Emilie Rose/Isabel Sharpe,2006
Las rubias de 5th Avenue,Plum Sykes,2005
Tuesdays with Morrie,Mitch Albom,2007
My Sister's Keeper,Mavis Applewater,2004
My Sister's Keeper (Gillian Adams  #2),Nora Kelly,2000
Their Sisters' Keepers: Women's Prison Reform in America  1830-1930,Estelle B. Freedman,1984
Baby's Alphabet,Jean Marzollo/Nancy Sheehan,2002
Welcome to the Monkey House,Kurt Vonnegut Jr./David Strathairn/Maria Tucci/Bill Irwin/Tony    Roberts/Dylan Baker,2006
What Color Is Your Parachute? A Practical Manual for Job-Hunters and Career-Changers,Richard Nelson Bolles,2006
You Can Have What You Want: Proven Strategies for Inner and Outer Success,Michael Neill,2006
Like Water for Chocolate,Laura Esquivel/Thomas  Christensen/Carol Christensen,1993
Like Water for Chocolate,Laura Esquivel/Yareli Arizmendi,2006
Como agua para chocolate,Laura Esquivel,1994
The Radicalism of the American Revolution,Gordon S. Wood,1993
Emma,Jane Austen/Fiona Stafford,2003
Prince of Ice (Tale of the Demon World  #3),Emma Holly,2006
Emma Lazarus,Esther Schor,2006
Strange Attractions,Emma Holly,2005
The Mermaid Chair,Sue Monk Kidd,2006
The Dance of the Dissident Daughter: A Woman's Journey from Christian Tradition to the Sacred Feminine,Sue Monk Kidd,1996
When the Heart Waits: Spiritual Direction for Life's Sacred Questions,Sue Monk Kidd,2016
With Open Hands,Henri J.M. Nouwen/Sue Monk Kidd,2006
Saxons  Vikings  and Celts: The Genetic Roots of Britain and Ireland,Bryan Sykes,2006
Yeah  I Said It,Wanda Sykes,2005
The Seven Daughters Of Eve,Bryan Sykes,2002
Dumbing Down Our Kids: Why American Children Feel Good About Themselves But Can't Read  Write or Add,Charles J. Sykes,1996
If I Don't Write It Nobody Else Will: An Autobiography,Eric Sykes,2006
Hamlet,William Shakespeare,2003
William Shakespeare's A Midsummer Night's Dream (Cliffs Complete),CliffsNotes/Michael McMahon,2001
A Midsummer Night's Dream,William Shakespeare,1998
A Midsummer Night's Dream,William Shakespeare/Amanda Root/Arkangel Cast/Roy Hudd/David Harewood,2005
A Midsummer Night's Dream,William Shakespeare/Roma Gill/B. Litt,2005
A Midsummer Night's Dream,William Shakespeare/Roma Gill,2002
The Burning (Guardians of Ga'Hoole  #6),Kathryn Lasky/Richard Cowdrey,2004
The Siege (Guardians of Ga'Hoole  #4),Kathryn Lasky,2004
In the Company of Cheerful Ladies (No. 1 Ladies' Detective Agency  #6),Alexander McCall Smith,2006
Morality for Beautiful Girls (No. 1 Ladies' Detective Agency #3),Alexander McCall Smith,2002
In the Company of Cheerful Ladies (No. 1 Ladies' Detective Agency  #6),Alexander McCall Smith/Lisette Lecat,2005
The Full Cupboard of Life (No. 1 Ladies' Detective Agency  #5),Alexander McCall Smith,2004
The Tale of Genji,Murasaki Shikibu/Edward G. Seidensticker,1978
Blue Shoes and Happiness (No. 1 Ladies' Detective Agency  #7),Alexander McCall Smith,2006
In the Company of Cheerful Ladies (No. 1 Ladies' Detective Agency #6),Alexander McCall Smith,2005
The Good Husband of Zebra Drive (No. 1 Ladies' Detective Agency #8),Alexander McCall Smith,2007
The No. 1 Ladies' Detective Agency (No. 1 Ladies' Detective Agency #1),Alexander McCall Smith,2003
Paris to the Moon,Adam Gopnik,2001
My Movie Business: A Memoir,John Irving,2000
Setting Free the Bears / The Water-Method Man / The 158-Pound Marriage,John Irving,1995
The Headmaster's Papers,Richard A. Hawley/John Irving,2002
Blade Runner,Philip K. Dick,1987
The Android (Animorphs  #10),K.A. Applegate/Katherine Applegate,1997
The Soul of a New Machine,Tracy Kidder,2000
No Better Place to Die: The Battle Of Stones River,Peter Cozzens,1991
Never Call Retreat,Bruce Catton/E.B. Long,2001
The 42nd Parallel (U.S.A.  #1),John Dos Passos,2000
The Big Money (U.S.A.  #3),John Dos Passos/E.L. Doctorow,2000
1919 (U.S.A.  #2),John Dos Passos/E.L. Doctorow,2000
The King in the Window,Adam Gopnik/Omar Rayyan,2006
The Karamazov Brothers,Fyodor Dostoyevsky/Ignat Avsey,1998
The Grand Inquisitor: with related chapters from The Brothers Karamazov,Fyodor Dostoyevsky/Constance Garnett/Charles Guignon,1993
The Count of Monte Cristo,Alexandre Dumas/Robin Buss,2003
The Count of Monte Cristo,Alexandre Dumas/Brantley Johnson/Margaret Brantley,2004
The Count of Monte Cristo,Alexandre Dumas/Lorenzo Carcaterra,2002
The Brothers Karamazov,Fyodor Dostoyevsky/Andrew R. MacAndrew/Konstantin Mochulsky,1984
Crime and Punishment,Fyodor Dostoyevsky/Leonard Stanton/James D. Hardy Jr./Sidney Monas/Robin Feuer Miller,2006
Crime and Punishment in American History,Lawrence M. Friedman,1994
Crime and Punishment in America,Elliott Currie,1998
Cliffsnotes on Dostoevsky's Crime and Punishment,James Lamar Roberts/Fyodor Dostoyevsky/CliffsNotes,2000
On Crimes and Punishments,Cesare Beccaria/David Young,1986
Crime and Punishment,Fyodor Dostoyevsky/David McDuff,2002
Crime and Punishment (Norton Critical Editions),Fyodor Dostoyevsky/George Gibian/Jessie Coulson,1964
The Politics of Injustice: Crime and Punishment in America,Katherine Beckett/Theodore Sasson,2003
The Beginning and the End,Naguib Mahfouz,1989
The Black Tulip,Alexandre Dumas/Robin Buss,2003
The Women's War,Alexandre Dumas/Robin Buss,2006
The Knight of Maison-Rouge,Alexandre Dumas/Julie Rose/Lorenzo Carcaterra,2004
The Way the Crow Flies,Ann-Marie MacDonald,2004
As the Crow Flies,Jeffrey Archer,2004
Under The Tuscan Sun - At Home In Italy,Frances Mayes,1998
Blue Like Jazz: Nonreligious Thoughts on Christian Spirituality,Donald Miller,2003
The Secret Life of Bees,Sue Monk Kidd,2005
The Wounded Healer: Ministry in Contemporary Society,Henri J.M. Nouwen,1994
The Dance of Life: Weaving Sorrows and Blessings Into One Joyful Step,Henri J.M. Nouwen/Michael    Ford,2006
The Prodigal Son (Roger the Chapman  #15),Kate Sedley,2007
The Poisonwood Bible,Barbara Kingsolver,2005
The Poisonwood Bible,Barbara Kingsolver,2000
How to Make Love Like a Porn Star: A Cautionary Tale,Jenna Jameson/Neil Strauss,2004
Dominion: The Power of Man  the Suffering of Animals  and the Call to Mercy,Matthew Scully,2003
No Dominion (Joe Pitt  #2),Charlie Huston,2006
Dominion (Ollie Chandler #2),Randy Alcorn,2006
O Is for Old Dominion: A Virginia Alphabet,Pamela Duncan Edwards/Troy Howell,2005
Dominion,Masamune Shirow,2000
Essentials of Conservation Biology,Richard B. Primack,2007
Key Topics in Conservation Biology,David W. Macdonald/Alonzo C. Addison/Sandra Baker/Mark S. Boyce/David Brown/Stephen Cobb/N. Mark Collins/C. Patrick Doncaster/John E. Fa/Joshua Ginsberg/Susanna B. Hecht/Katrina Service/Steve Albon/Les Firbank/Eli Geffen/Lise Albrechtsen/Elizabeth J. Asteraki/Christian Bonacic/Marcel Cardillo/Chris R. Dickman/Stephen A. Ellwood/H. Resit Akcakaya/Ruth E. Feber,2006
The Sawtooth Wolves,Jim Dutcher/Eric Baker/Greg Simpson/Richard Ballantine,1996
Rainforest Home Remedies: The Maya Way To Heal Your Body and Replenish Your Soul,Rosita Arvigo/Nadine Epstein,2001
Zolar's Encyclopedia and Dictionary of Dreams: Fully Revised and Updated for the 21st Century,Zolar,2004
The Complete Dream Dictionary,Pamela Ball,2000
Letters from Father Christmas,J.R.R. Tolkien/Baillie Tolkien,2004
The Silmarillion,J.R.R. Tolkien/Christopher Tolkien/Ted Nasmith,2004
J.R.R. Tolkien: A Biography,Humphrey Carpenter,2000
The Tolkien Reader,J.R.R. Tolkien/Peter S. Beagle,1986
Tolkien on Film: Essays on Peter Jackson's The Lord of the Rings,Janet Brennan Croft/Mark P. Shea/Amy H. Sturgis,2005
The Monsters and the Critics and Other Essays,J.R.R. Tolkien/Christopher Tolkien,2006
The Maps of Tolkien's Middle-earth,Brian Sibley/John  Howe/J.R.R. Tolkien,2003
The Gospel According to Tolkien: Visions of the Kingdom in Middle-Earth,Ralph C. Wood,2003
The Treason of Isengard: The History of The Lord of the Rings  Part Two (The History of Middle-earth  #7),J.R.R. Tolkien/Christopher Tolkien,2002
Tolkien and the Great War: The Threshold of Middle-earth,John Garth,2005
Tolkien and C.S. Lewis: The Gift of a Friendship,Colin Duriez,2003
The Book of Lost Tales  Part One (The History of Middle-Earth  #1),J.R.R. Tolkien/Christopher Tolkien,1992
Tree and Leaf: Includes Mythopoeia and The Homecoming of Beorhtnoth,J.R.R. Tolkien,2001
The Lord of the Rings: The Making of the Movie Trilogy,Brian Sibley/Ian McKellen,2002
Tolkien: A Look Behind The Lord of the Rings,Lin Carter,1972
The Lord of the Rings (The Lord of the Rings  #1-3),J.R.R. Tolkien/Rob Inglis,2002
Midnight in the Garden of Good and Evil,John Berendt,2005
Tom's Midnight Garden,Philippa Pearce,1993
Animals in Translation: Using the Mysteries of Autism to Decode Animal Behavior,Temple Grandin/Catherine  Johnson,2006
God's Covenant with Animals: A Biblical Basis for the Humane Treatment of All Creatures,J.R. Hyland,2000
Lafayette,Harlow Giles Unger,2003
My Pride and Joy: An Autobiography,George  Adamson,1987
Runaways  Vol. 1: Pride and Joy,Brian K. Vaughan/Adrian Alphona,2006
Sky's Pride and Joy (Bachelor Gulch #8),Sandra Steffen,2000
The Baby Emergency (Tennengarrah Clinic #1),Carol Marinelli,2004
The Shaping of America: A Geographical Perspective on 500 Years of History: Volume 2: Continental America  1800-1867,D.W. Meinig,1995
The Basic Bakunin,Mikhail Bakunin/Robert M. Cutler,1992
Berlioz: Servitude and Greatness  1832-1869 (Volume 2),David Cairns,2003
The Nubian Prince,Juan Bonilla/Esther Allen,2006
Pardonable Lies (Maisie Dobbs  #3),Jacqueline Winspear,2006
Naked Lunch,William S. Burroughs/James Grauerholz/Barry Miles,2004
Naked Lunch: The Restored Text,William S. Burroughs,2005
The Electric Kool-aid Acid Test/The Kandy Kolored Tangerine Flake Streamline Baby/Radical Chic & Mau Mauing the Flak Catchers,Tom Wolfe,1990
The Glass Castle,Jeannette Walls,2006
Same Sex in the City,Lauren  Levin/Lauren Blitzer,2006
Sex and the City: Kiss and Tell,Amy Sohn/Sarah Jessica Parker,2002
Human Traces,Sebastian Faulks,2006
The Girl at the Lion d'Or,Sebastian Faulks,1999
Human Traces,Sebastian Faulks,2006
Founding Brothers: The Revolutionary Generation,Joseph J. Ellis,2002
Suzanne's Diary for Nicholas,James Patterson,2003
Hitler's Willing Executioners: Ordinary Germans and the Holocaust,Daniel Jonah Goldhagen,1997
Beach Girls,Luanne Rice,2004
The Beach House,James Patterson/Peter de Jonge,2003
The Beach House (Beach House #1),Mary Alice Monroe,2006
The Beach House,James Patterson/Peter de Jonge,2002
Path of the Assassin (Scot Harvath  #2),Brad Thor,2005
Presidential Assassins (History Makers),Patricia D. Netzley,1999
The Blind Side: Evolution of a Game,Michael   Lewis,2006
The Blind Watchmaker,Richard Dawkins,1996
I Love Everybody (and Other Atrocious Lies),Laurie Notaro,2004
Autobiography of a Fat Bride: True Tales of a Pretend Adulthood,Laurie Notaro,2003
The Idiot Girls' Action-Adventure Club: True Tales from a Magnificent and Clumsy Life,Laurie Notaro,2002
We Thought You Would Be Prettier: True Tales of the Dorkiest Girl Alive,Laurie Notaro,2005
There's a (Slight) Chance I Might Be Going to Hell: A Novel of Sewer Pipes  Pageant Queens  and Big Trouble,Laurie Notaro,2007
Anleitung zum Zickigsein,Laurie Notaro,2003
The Psychology of Winning,Denis Waitley,1986
The Acme Novelty Library #17,Chris Ware,2006
The Acme Novelty Library,Chris Ware,2005
The Acme Novelty Datebook  Vol. 1  1986-1995,Chris Ware,2013
Quimby The Mouse,Chris Ware,2003
Candide: or  Optimism,Voltaire/Chris Ware/Theo Cuffe/Michael  Wood,2005
Even Cowgirls Get the Blues,Tom Robbins,2001
Even Cowgirls Get the Blues & My Own Private Idaho,Gus Van Sant/Tom Robbins,1994
Awakening the Buddha Within: Eight Steps to Enlightenment,Surya  Das,1998
Iran Awakening: A Memoir of Revolution and Hope,Shirin Ebadi,2006
The Book of Awakening: Having the Life You Want by Being Present to the Life You Have,Mark Nepo,2000
Awakening Intuition: Using Your Mind-Body Network for Insight and Healing,Mona Lisa Schulz/Christiane Northrup,1999
The Grace Awakening: Believing in Grace Is One Thing. Living it Is Another,Charles R. Swindoll,2006
Spring's Awakening,Frank Wedekind/Eric Bentley,2000
Awakening at Midlife: A Guide to Reviving Your Spirit  Recreating Your Life  and Returning to Your Truest Self,Kathleen A. Brehony,1997
A Portrait of the Artist as a Young Man,James Joyce/Seamus Deane,2003
A Portrait of the Artist as a Young Man,James Joyce/Jim Norton,2005
A Portrait of the Artist as a Young Man,James Joyce/Langdon Hammer,2006
Vincent Van Gogh: Portrait of an Artist,Jan Greenberg/Sandra Jordan,2003
Reading Lolita in Tehran: A Memoir in Books,Azar Nafisi,2003
The Annotated Lolita,Vladimir Nabokov/Alfred Appel,1991
Lolita,Vladimir Nabokov/Jeremy Irons,2005
Reading Lolita in Tehran,Azar Nafisi,2004
sex.lies.murder.fame.,Lolita Files,2006
Farm Animals (A Chunky Book),Phoebe Dunn,1984
Lord of the Flies,William Golding,1999
The Good Soldier,Ford Madox Ford/Frank Kermode,2005
Fahrenheit 451,Ray Bradbury,2004
Next,Michael Crichton,2006
Three Complete Novels: The Andromeda Strain / The Terminal Man / The Great Train Robbery,Michael Crichton,1993
A Case of Need,Jeffery Hudson/Michael Crichton,2003
A New Collection of Three Complete Novels: Congo / Sphere / Eaters of the Dead,Michael Crichton,1994
Travels,Michael Crichton,2002
Rising Sun,Michael Crichton,2004
The Andromeda Strain (Andromeda  #1),Michael Crichton,2003
Congo,Michael Crichton,2003
Eaters of the Dead,Michael Crichton,2006
The Michael Crichton Collection: Airframe / The Lost World / Timeline,Michael Crichton/Stephen Lang/Anthony Heald/Blair Brown,2006
Jurassic Park (Jurassic Park  #1),Michael Crichton,2006
The Terminal Man,Michael Crichton,2002
Five Patients,Michael Crichton,1989
Twister,Michael Crichton/Anne-Marie Martin,1999
Peter Pan and Other Plays,J.M. Barrie/Peter Hollindale,1999
Management Information Systems: Managing the Digital Firm,Kenneth C. Laudon/Jane P. Laudon,2005
Holy the Firm,Annie Dillard,1998
Persian Mirrors: The Elusive Face of Iran,Elaine Sciolino,2005
Plays: Mrs Warren's Profession/Man and Superman/Major Barbara/Pygmalion,George Bernard Shaw/Sandie Byrne,2002
Pygmalion & My Fair Lady,George Bernard Shaw/Alan Jay Lerner,2006
Saint Joan/Major Barbara/Androcles and the Lion,George Bernard Shaw,1979
Pygmalion,George Bernard Shaw,1994
Plays Pleasant,George Bernard Shaw/Dan H. Laurence/W.J. McCormack,2003
The Metamorphosis,Peter Kuper/Franz Kafka/Kerstin Hasenpusch,2003
The Metamorphosis (Graphic Novel Adaptation),Peter Kuper/Franz Kafka/Kerstin Hasenpusch,2004
The Metamorphosis,Franz Kafka/Stanley Corngold,1996
The Metamorphosis and Other Stories,Franz Kafka/Jason Baker/Donna Freed,2003
The Metamorphosis and Other Stories,Franz Kafka/Stanley Appelbaum,1996
Antigone's Claim: Kinship Between Life and Death,Judith Butler,2002
Gulliver's Travels,Jonathan Swift/Robert DeMaria Jr.,2003
Gulliver's Travels,Jonathan Swift/Claude Julien Rawson/Ian Higgins,2005
Gulliver's Travels,Jonathan Swift/David Case,2006
Gulliver's Travels,Gill Harvey/Jonathan Swift,2008
Gulliver's Travels,Martin Woodside/Jamel Akib/Arthur Pober/Jonathan Swift,2006
Gulliver's Travels,Jonathan Swift/Robert Hardy,2001
Ahab's Wife  or The Star-Gazer,Sena Jeter Naslund,2005
Fear and Loathing in Las Vegas,Hunter S. Thompson/Ralph Steadman,2005
Fear and Loathing on the Campaign Trail '72,Hunter S. Thompson,2006
Fear and Loathing in Las Vegas,Hunter S. Thompson/Ralph Steadman,1982
Fear and Loathing in America: The Brutal Odyssey of an Outlaw Journalist  1968-1976,Hunter S. Thompson,2001
Cliffsnotes on Beckett's Waiting for Godot and Other Plays,James Lamar Roberts/Jeffrey Fisher,1980
The Joy Luck Club,Amy Tan,2006
Dr. Seuss's ABC,Dr. Seuss,1996
Dr. Seuss's Sleep Book,Dr. Seuss,2012
Happy Birthday to You!,Dr. Seuss,1959
McElligot's Pool,Dr. Seuss,1947
The Cat in the Hat,Dr. Seuss,1997
Horton Hears a Who!,Dr. Seuss,1990
The 500 Hats of Bartholomew Cubbins,Dr. Seuss,1989
Oh Say Can You Say?,Dr. Seuss,2005
The Lorax,Dr. Seuss,1998
I Can Read With My Eyes Shut!,Dr. Seuss,2003
The Cat in the Hat and Other Dr. Seuss Favorites,Dr. Seuss/Various,2003
Daisy-Head Mayzie,Dr. Seuss,1995
Dr. Seuss Goes to War: The World War II Editorial Cartoons of Theodor Seuss Geisel,Richard H. Minear/Art Spiegelman/Dr. Seuss,2001
Dr. Seuss's ABC (Book & CD),Dr. Seuss,2005
Cattus Petasatus: The Cat in the Hat in Latin,Dr. Seuss/Jennifer Morrish Tunberg/Terence Tunberg/Terence O. Tunberg/Guenevera Tunberg/Terentio Tunberg,2005
Ten Apples Up On Top!,Theo LeSieg/Dr. Seuss/Roy McKie,2003
The Legacy of Luna: The Story of a Tree  a Woman  and the Struggle to Save the Redwoods,Julia Butterfly Hill,2001
Pale Fire,Vladimir Nabokov,2000
Nabokov's Pale Fire: The Magic of Artistic Discovery,Brian Boyd,2001
A Friend of the Earth,T. Coraghessan Boyle,2001
The Year of Magical Thinking,Joan Didion,2007
Seduction and Betrayal: Women and Literature,Elizabeth Hardwick/Joan Didion,2001
After Henry,Joan Didion,1993
Another Day in Paradise: The Fourth Sherman's Lagoon Collection,Jim Toomey,2001
Another Day in Cubicle Paradise,Scott Adams,2002
Moby Dick,Herman Melville,1994
Moby-Dick,Herman Melville/Nathaniel Philbrick,2001
Moby-Dick; or  The Whale,Herman Melville/Rockwell Kent/Elizabeth Hardwick,2000
Moby Dick  or The Whale,Herman Melville/Harrison Hayford/Hershel Parker,2001
The Girl in the Flammable Skirt,Aimee Bender,1999
Planet of Slums,Mike  Davis,2006
Days Between Stations,Steve Erickson,2005
The Bourne Identity (Jason Bourne  #1),Robert Ludlum,2005
Little Plum,Rumer Godden/Jean Primrose,1987
Betsy's Wedding (Betsy-Tacy  #10),Maud Hart Lovelace/Vera Neville,1996
Betsy and the Great World (Betsy-Tacy  #9),Maud Hart Lovelace/Vera Neville,1996
Betsy and Tacy Go Over the Big Hill (Betsy-Tacy  #3),Maud Hart Lovelace/Lois Lenski,2000
Maud Hart Lovelace's Deep Valley: A Guidebook of Mankato Places in the Betsy-Tacy Series,Julie A. Schrader,2002
Early Candlelight,Maud Hart Lovelace/Rhoda R. Gilman,1992
Betsy and Joe (Betsy-Tacy  #8),Maud Hart Lovelace/Vera Neville,1995
Betsy Was a Junior (Betsy-Tacy  #7),Maud Hart Lovelace/Vera Neville,1995
Betsy and Tacy Go Downtown (Betsy-Tacy  #4),Maud Hart Lovelace/Lois Lenski,1943
Emily of Deep Valley (Deep Valley  #2),Maud Hart Lovelace/Vera Neville,2000
Betsy-Tacy (Betsy-Tacy  #1),Maud Hart Lovelace/Lois Lenski,2007
Five Little Peppers and How They Grew (Five Little Peppers  #1),Margaret Sidney,2006
Five Little Peppers at School,Margaret Sidney/Barbara Cooney,1988
All-of-a-Kind Family Uptown (All-of-a-Kind-Family  #4),Sydney Taylor,2001
All-of-a-Kind Family (All-of-a-Kind-Family  #1),Sydney Taylor,2005
Winter Cottage,Carol Ryrie Brink,1974
Eddie's Valuable Property,Carolyn Haywood,1975
Empire (Empire  #1),Orson Scott Card,2006
Treason,Orson Scott Card,2006
First Meetings in Ender's Universe (Ender's Saga  #0.5),Orson Scott Card,2004
Sarah (Women of Genesis  #1),Orson Scott Card,2001
Rachel & Leah (Women of Genesis  #3),Orson Scott Card,2005
How to Write Science Fiction and Fantasy,Orson Scott Card,1990
Saints,Orson Scott Card,2001
Homebody,Orson Scott Card,1999
Rebekah (Women of Genesis  #2),Orson Scott Card,2012
Speaker for the Dead (Ender's Saga  #2),Orson Scott Card,1994
Red Prophet (Tales of Alvin Maker  #2),Orson Scott Card,1992
The Call of Earth (Homecoming  #2),Orson Scott Card,1994
Shadow of the Hegemon (Shadow  #2),Orson Scott Card/David Birney/Scott Brick/Gabrielle de Cuir/Scott Sowers,2006
Enchantment,Orson Scott Card,2005
Voyage of Slaves (Flying Dutchman  #3),Brian Jacques/David Elliot,2006
High Rhulain (Redwall  #18),Brian Jacques/David Elliot,2005
Salamandastron (Redwall  #5),Brian Jacques/Gary Chalk,2003
The Legend of Luke (Redwall  #12),Brian Jacques,2005
Redwall (Redwall  #1),Brian Jacques,2006
Castaways of the Flying Dutchman (Flying Dutchman  #1),Brian Jacques/Ian Schoenherr,2003
Outcast of Redwall (Redwall  #8),Brian Jacques,2004
Triss (Redwall  #15),Brian Jacques/Allan Curless,2004
A Redwall Winter's Tale,Brian Jacques/Christopher Denise,2004
Mr. Impossible,Roger Hargreaves,1998
Mr. Christmas,Roger Hargreaves/Adam Hargreaves,2006
Mr. Bump,Roger Hargreaves,1998
Little Miss Birthday,Roger Hargreaves/Adam Hargreaves,2007
Little Miss Lucky,Roger Hargreaves,1999
Mr. Happy,Roger Hargreaves,2004
Mr. Jelly and the Pirates,Roger Hargreaves/Adam Hargreaves,2007
Grandma Baa (Easy Peasy People),Roger Hargreaves/Gray Jolliffe,1989
Bill Buzz,Roger Hargreaves/Gray Jolliffe,1989
Gary Grizzle,Roger Hargreaves/Gray Jolliffe,1989
Charlie Oink,Roger Hargreaves/Gray Jolliffe,1989
Madame Je-Sais-Tout,Roger Hargreaves,1997
The Poppy Seed Cakes,Margery Clark/Maud Petersham/Miska Petersham,1964
Cloudy With a Chance of Meatballs (Cloudy with a Chance of Meatballs  #1),Judi Barrett/Ron Barrett,1982
The Wind Thief,Judi Barrett/Diane Dawson Hearn,1977
Animales No Se Visten  Los (Animals Should Definitely Not Wear Clothing) with CD,Judi Barrett/Ron Barrett,1991
Beauty,Robin McKinley,2005
A Robin McKinley Collection: Spindle's End  The Hero and the Crown and The Blue Sword (Folktales #1-3),Robin McKinley,2002
Deerskin,Robin McKinley,2005
Sunshine,Robin McKinley,2004
Rose Daughter,Robin McKinley,1998
The Door in the Hedge,Robin McKinley,2003
The Stone Fey,Robin McKinley/John Clapp,1998
Anne of Green Gables (Anne of Green Gables  #1),L.M. Montgomery,2003
Anne of Green Gables,L.M. Montgomery/Barbara Caruso,2005
The Road to Yesterday (Anne of Green Gables  #9),L.M. Montgomery,1993
Anne of Avonlea,L.M. Montgomery/Clare Sieffert,1990
The Stories of Vladimir Nabokov,Vladimir Nabokov,1996
The Gift,Vladimir Nabokov/Michael Scammell/Dmitri Nabokov,2001
Lectures on Literature,Vladimir Nabokov/Fredson Bowers/John Updike,2002
The American Years,Brian Boyd,1993
Laughter in the Dark,Vladimir Nabokov,2006
The Luzhin Defense,Vladimir Nabokov/Michael Scammell,1990
A Woman of Substance (Emma Harte Saga #1),Barbara Taylor Bradford,2005
The Ravenscar Dynasty (Ravenscar  #1),Barbara Taylor Bradford,2006
Dark Birthright,Jeanne Treat/Jane Starr Weils,2006
Birthright (Diablo: The Sin War  #1),Richard A. Knaak,2006
Laura's Album: A Remembrance Scrapbook of Laura Ingalls Wilder,William   Anderson/Laura Ingalls Wilder,1998
Writings to Young Women from Laura Ingalls Wilder: On Wisdom and Virtues (Writings to Young Women on Laura Ingalls Wilder #1),Laura Ingalls Wilder/Stephen W. Hines,2006
Writings to Young Women from Laura Ingalls Wilder: On Life as a Pioneer Woman (Writings to Young Women from Laura Ingalls Wilder #2),Laura Ingalls Wilder/Stephen W. Hines,2006
A Little House Traveler: Writings from Laura Ingalls Wilder's Journeys Across America,Laura Ingalls Wilder,2006
Laura Ingalls Wilder: A Biography,William   Anderson,2007
West from Home: Letters of Laura Ingalls Wilder  San Francisco  1915  (Little House #11),Laura Ingalls Wilder/Roger Lea MacBride/Margot Patterson Doss,1976
The Laura Ingalls Wilder Country Cookbook,Laura Ingalls Wilder/William   Anderson,1997
Writings to Young Women on Laura Ingalls Wilder: As Told By Her Family  Friends  and Neighbors (Writings to Young Women on Laura Ingalls Wilder #3),Laura Ingalls Wilder/Stephen W. Hines,2006
The Laughing Jesus: Religious Lies and Gnostic Wisdom,Tim Freke/Peter Gandy,2006
The Erotic Phenomenon,Jean-Luc Marion/Stephen E. Lewis,2006
The Phenomenon of Life: Toward a Philosophical Biology,Hans Jonas/Lawrence Vogel/Eleonore Jonas,2001
Laura: The Life of Laura Ingalls Wilder,Donald Zochert,1977
The First Four Years (Little House  #9),Laura Ingalls Wilder/Cherry Jones,2006
Old Town in the Green Groves: Laura Ingalls Wilder's Lost Little House Years,Cynthia Rylant/Jim LaMarche,2004
Laura Ingalls Wilder's Fairy Poems,Laura Ingalls Wilder/Richard  Hull,1998
Constructing the Little House: Gender  Culture  and Laura Ingalls Wilder,Ann Romines,1997
These Happy Golden Years (Little House  #8),Laura Ingalls Wilder/Cherry Jones/Paul Woodiel,2006
Farmer Boy (Little House  #2),Laura Ingalls Wilder/Garth Williams,2007
Little Town on the Prairie  (Little House  #7),Laura Ingalls Wilder/Garth Williams,2007
My Little House Crafts Book: 18 Projects from Laura Ingalls Wilder's,Carolyn Strom Collins/Christina Wyss Eriksson/Mary Collier,1998
The Long Winter (Little House  #6),Laura Ingalls Wilder/Garth Williams,2007
A Little House Birthday,Laura Ingalls Wilder/Doris Ettlinger,1998
The First Four Years  (Little House  #9),Laura Ingalls Wilder/Garth Williams,2007
The Little House Cookbook: Frontier Foods from Laura Ingalls Wilder's Classic Stories,Barbara M. Walker/Garth Williams,1989
Little House on the Prairie (Little House  #3),Laura Ingalls Wilder/Garth Williams,2007
Let the Hurricane Roar,Rose Wilder Lane,1985
Little House in the Big Woods (Little House  #1),Laura Ingalls Wilder/Garth Williams,2007
Flowers (Eyewitness Explorers),David Burnie,1997
Animal: The Definitive Visual Guide to the World's Wildlife,David Burnie/Don E. Wilson,2005
The Making Of Disney's Animal Kingdom Theme Park,Melody Malmberg/Walt Disney Company,1998
Tree (Eyewitness Books),David Burnie/Peter K. Chadwick,2000
Insects & Spiders,David Burnie,1999
The Prophet of Yonwood,Jeanne DuPrau,2006
Muhammad: A Prophet for Our Time,Karen Armstrong,2006
Prophet,Frank E. Peretti,2004
Access the Power of Your Higher Self: Your Source of Inner Guidance and Spiritual Transformation (Pocket Guides to Practical Spirituality),Elizabeth Clare Prophet,2017
Hailstones and Halibut Bones,Mary O'Neill/John Wallner,1990
The Second Sex,Simone de Beauvoir/H.M. Parshley/Margaret Crosland,1993
The Second Sex,Simone de Beauvoir/H.M. Parshley,1997
The Church and the Second Sex,Mary Daly,1986
Thomas Jefferson (Oxford Portraits),R.B. Bernstein,2005
The Jefferson Bible: The Life and Morals of Jesus of Nazareth,Thomas Jefferson,2006
Who Was Thomas Jefferson?,Dennis Brindell Fradin/Nancy Harrison/John   O'Brien,2003
The Man Who Listens to Horses,Monty Roberts/Lucy Grealy/Lawrence Scanlan,1998
Under Orders (Sid Halley  #4),Dick Francis,2006
For Kicks,Dick Francis,2004
Forfeit,Dick Francis,2005
Dead Cert,Dick Francis,2004
Rat Race,Dick Francis,2006
Reflex,Dick Francis,2005
Decider,Dick Francis,2004
Slay Ride,Dick Francis,2004
Bonecrack,Dick Francis,2006
Nerve,Dick Francis,1998
Break In (Kit Fielding  #1),Dick Francis,2005
Blood Sport,Dick Francis,2004
Straight,Dick Francis,2006
10 lb Penalty,Dick Francis,2004
Trial Run,Dick Francis,2004
Wild Horses,Dick Francis,2004
Field of Thirteen,Dick Francis,2004
Driving Force,Dick Francis,1993
Flying Finish,Dick Francis,1999
Bolt (Kit Fielding  #2),Dick Francis,2005
Come to Grief (Sid Halley  #3),Dick Francis,2005
Enquiry,Dick Francis,2004
Odds Against (Sid Halley  #1),Dick Francis,2005
Banker,Dick Francis,2000
Whip Hand (Sid Halley  #2),Dick Francis,2005
A Jockey's Life: The Biography of Lester Piggott,Dick Francis,1987
The Dick Francis Treasury of Great Racing Stories,Dick Francis/John Welcome,1992
Come to Grief / Decider / Wild Horses,Dick Francis,1997
Odds Against,Dick Francis,2000
Eats  Shoots & Leaves: Why  Commas Really Do Make a Difference!,Lynne Truss/Bonnie Timmons,2006
Talk to the Hand: The Utter Bloody Rudeness of Everyday Life,Lynne Truss,2005
The Spice and Herb Bible,Ian Hemphill/Kate Hemphill,2006
Master and Commander (Aubrey/Maturin   #1),Patrick O'Brian,2003
The Making of Master and Commander: The Far Side of the World,Tom McGregor,2003
The Ionian Mission (Aubrey/Maturin  #8),Patrick O'Brian/Simon Vance,2005
Her Master and Commander (Just Ask Reeves  #1),Karen Hawkins,2006
Strange Sounds: Music  Technology & Culture,Timothy D. Taylor,2001
Stanley Park,Timothy  Taylor,2003
Crow Lake,Mary Lawson,2003
Xenocide (Ender's Saga  #3),Orson Scott Card/Piotr W. Cholewa,1996
The Life of Sir Arthur Conan Doyle,John Dickson Carr/Daniel Stashower,2003
The Lost World (TV Tie-in),Arthur Conan Doyle/Philip Gooden,2002
Las aventuras de Sherlock Holmes,Arthur Conan Doyle/Javier Gomez Rea,2005
Wild Ducks Flying Backward,Tom Robbins,2006
Unlimited Power: The New Science Of Personal Achievement,Anthony Robbins/Kenneth H. Blanchard/Jason Winters,1997
Robbins and Cotran Review of Pathology,Edward C. Klatt/Vinay   Kumar,2004
Fierce Invalids Home from Hot Climates,Tom Robbins,2001
Jitterbug Perfume,Tom Robbins,2001
Life  the Universe and Everything (Hitchhiker's Guide to the Galaxy  #3),Douglas Adams,2005
So Long  and Thanks for All the Fish (Hitchhiker's Guide to the Galaxy  #4),Douglas Adams,2002
The Restaurant at the End of the Universe (The Hitchhiker's Guide to the Galaxy  #2),Douglas Adams/Martin  Freeman,2006
Starship Titanic,Terry Jones/Marie-Catherine Caillava,2001
The Hitchhiker's Guide to the Galaxy (Hitchhiker's Guide to the Galaxy  #1),Douglas Adams,2002
The Illustrated Hitchhiker's Guide To The Galaxy,Douglas Adams,1994
Point to Point Navigation,Gore Vidal,2006
An Inconvenient Truth: The Planetary Emergency of Global Warming and What We Can Do About It,Al Gore,2006
Palimpsest,Gore Vidal,1996
Lincoln,Gore Vidal,2000
Burr,Gore Vidal,2000
Comfort Me with Apples: More Adventures at the Table,Ruth Reichl,2002
Comfort Me With Apples,Ruth Reichl,2001
The Last Temptation of Christ,Nikos Kazantzakis/Peter A. Bien,1998
Her Last Temptation,Leslie Kelly,2005
The Last Temptation (Tony Hill & Carol Jordan  #3),Val McDermid,2005
The Last Temptation,Nikos Kazantzakis/Peter A. Bien,1995
Desert Dawn,Waris Dirie/Jeanne D'Haem,2004
Desert Flower,Waris Dirie/Cathleen Miller,2011
Desert Children,Waris Dirie/Corinna Milborn/Sheelagh Alabaster,2005
The Beach,Joanna Strange,2001
The Weekenders: Travels in the Heart of Africa,W.F. Deedes/Sue Ryan/Alex Garland/Tony Hawks/Andrew O'Hagan/Irvine Welsh/Giles Foden/Victoria Glendinning,2001
I Feel Bad About My Neck: And Other Thoughts on Being a Woman,Nora Ephron,2006
Feel the Fear . . . and Do It Anyway,Susan  Jeffers,2006
Touch & Feel: Animals Boxed Set,Jennifer Quasha/Deni Brown/Dawn Sirett,2003
Today I Feel Silly  Other Moods That Make My Day,Jamie Lee Curtis/Laura Cornell,2007
My First Word Touch and Feel,Anne Millard,2001
When I Feel Angry,Nancy Cote/Cornelia Maude Spelman,2000
Violet's House: A Giant Touch-and-Feel Book (Baby Einstein),Julie Aigner-Clark/Nadeem Zaidi,2003
The White Masai,Corinne Hofmann/Peter Millar,2006
The Burgess Bird Book for Children,Thornton W. Burgess/Louis Agassiz Fuertes,2003
The Burgess Animal Book for Children,Thornton W. Burgess/Louis Agassiz Fuertes,2004
The Adventures of Jimmy Skunk,Thornton W. Burgess/Thea Kliros/Harrison Cady,1994
The Wanting Seed,Anthony Burgess,1996
A Clockwork Orange,Anthony Burgess/Blake Morrison,2000
A Clockwork Orange,Anthony Burgess,1998
Clockwork Orange,Anthony Burgess,2000
A Clockwork Orange (Stage Play),Anthony Burgess,2017
One Hand Clapping,Anthony Burgess,1999
The Doctor is Sick,Anthony Burgess,1997
Earthly Powers,Anthony Burgess,2004
Past Mortem,Ben Elton,2005
This Other Eden,Ben Elton,2003
Macbeth,William Shakespeare,2013
Macbeth,William Shakespeare/Alan Durband,1985
Death of a Scriptwriter (Hamish Macbeth  #14),M.C. Beaton,1999
Death of a Poison Pen (Hamish Macbeth  #19),M.C. Beaton,2005
Death of an Outsider (Hamish Macbeth  #3),M.C. Beaton,2005
Cliffs Notes on Shakespeare's Macbeth,Alex Went,2000
Death of an Addict (Hamish Macbeth  #15),M.C. Beaton,2001
A Year in the Life of William Shakespeare: 1599,James Shapiro,2006
Who Was William Shakespeare?,Celeste Davidson Mannis/John   O'Brien,2006
Planet of the Apes,Pierre Boulle/Xan Fielding,2000
Planet of the Apes: Colony,William T. Quick,2003
Planet of the Apes  Volume 1: Old Gods,Ian Edginton,2002
Planet of the Apes: The Fall,William T. Quick,2002
Return to the Planet of the Apes #2: Escape from Terror Lagoon,William Arrow,1976
Return to the Planet of the Apes:  Visions from Nowhere,William Arrow,1976
Planet of the Apes: The Human War,Ian Edginton,2001
Battle for the Planet of the Apes,David Gerrold/John William Corrington/Joyce Hooper Corrington,1973
World War Z: An Oral History of the Zombie War,Max Brooks,2006
The War of the Worlds,H.G. Wells/Arthur C. Clarke,2002
The Second World War: A Complete History,Martin  Gilbert,2004
A Short History of World War II,James L. Stokesbury,1980
The Complete Science Fiction Treasury of H.G. Wells,H.G. Wells,1987
Best Science Fiction Stories of H. G. Wells,H.G. Wells,2011
The Invisible Man,H.G. Wells,2004
The Hound of the Baskervilles,Arthur Conan Doyle/Anne Perry/Sidney Paget,2001
The Hound of the Baskervilles (Sherlock Holmes  #5),Arthur Conan Doyle/David Timson,2005
The Hound of the Baskervilles,Arthur Conan Doyle/Pam Smy,2006
Sherlock Holmes and the Case of the Hound of the Baskervilles (Great Illustrated Classics),Malvina G. Vogel/Arthur Conan Doyle,2005
Jamie's Italy,Jamie Oliver/David Loftus/Chris Terry,2006
Jamie's Dinners: The Essential Family Cookbook,Jamie Oliver/Marion Deuchars/David Loftus/Chris Terry,2004
The Lake of Souls (Cirque du Freak #10),Darren Shan,2006
Freak the Mighty (Freak The Mighty  #1),Rodman Philbrick,2001
Word Freak: Heartbreak  Triumph  Genius  and Obsession in the World of Competitive Scrabble Players,Stefan Fatsis,2002
Vampire Mountain (Cirque Du Freak  #4),Darren Shan,2003
Jesus Freaks: Stories of Those Who Stood for Jesus  the Ultimate Jesus Freaks (Jesus Freaks  #1),D.C. Talk/The Voice of the Martyrs,1999
Trials of Death (Cirque Du Freak  #5),Darren Shan,2008
Sister Freaks: Stories of Women Who Gave Up Everything for God,Rebecca St. James/Mary E. DeMuth/Tracey Lawrence/Elizabeth Jusino,2005
Freaks of the Storm: From Flying Cows to Stealing Thunder: The World's Strangest True Weather Stories,Randy Cerveny,2006
Freak Show: Presenting Human Oddities for Amusement and Profit,Robert Bogdan,1990
Live Like a Jesus Freak: Spend Today as If It Were Your Last,D.C. Talk,2001
Freaks!: How to Draw Fantastic Fantasy Creatures,Steve  Miller,2004
Jesus Freaks,Andre Duza,2006
Category: Freaks  Vol. 1 (Category: Freaks  #1),Sakurako Gokurakuin/Lindsey Johnston,2005
Hello Cruel World: 101 Alternatives to Suicide for Teens  Freaks  and Other Outlaws,Kate Bornstein/Sara Quin,2006
Don't Get Too Comfortable: The Indignities of Coach Class  The Torments of Low Thread Count  The Never-Ending Quest for Artisanal Olive Oil  and Other First World Problems,David Rakoff,2006
I Hope They Serve Beer in Hell (Tucker Max  #1),Tucker Max,2006
Holidays on Ice,David Sedaris,1998
The Long Walk,Richard Bachman/Stephen King,1999
Long Walk to Freedom: Autobiography of Nelson Mandela,Nelson Mandela/Kofi Annan/Danny Glover,2004
Navajo Long Walk,Nancy M. Armstrong/Paulette Livers-Lambert,1994
The Devil in the White City: Murder  Magic and Madness at the Fair that Changed America,Erik Larson,2004
The Devil in the White City Murder  Magic  and Madness at the Fair That Changed America,Erik Larson,2003
The Historian's Craft: Reflections on the Nature and Uses of History and the Techniques and Methods of Those Who Write It.,Marc Bloch/Peter Putnam/Joseph Reese Strayer,1964
Charles Dickens as a Legal Historian,William Holdsworth,2010
The Progressive Historians: Turner  Beard  Parrington (Phoenix Book),Richard Hofstadter,1979
What Did the Constitution Mean to Early Americans? (Historians at Work),Edward Countryman,1999
The Historian,Elizabeth Kostova/Paul Michael/Justine Eyre,2005
See No Evil: The True Story of a Ground Soldier in the CIA's War on Terrorism,Robert B. Baer,2003
In a Dry Season (Inspector Banks  #10),Peter Robinson,2000
Plants and Landscapes for Summer-Dry Climates of the San Francisco Bay Region,East Bay M. U. D. Staff/Nora Harlow/Jill M. Singleton/Barrie D. Coate/Kristine Sandoe,2004
In Focus: National Geographic Greatest Portraits,Leah Bendavid-Val/National Geographic Society,2004
Portrait Photographer's Handbook,Bill Hurter,2004
Portrait in Death (In Death  #16),J.D. Robb,2005
Posing for Portrait Photography: A Head-To-Toe Guide,Jeff   Smith,2004
Le Portrait de Dorian Gray,Oscar Wilde/Michel Etienne/Daniel Mortier,1998
The Portrait of Dorian Gray,Oscar Wilde/Elizabeth  Gray,1999
The Picture of Dorian Gray,Oscar Wilde/Donald L. Lawler,1988
The Picture of Dorian Gray,Oscar Wilde/Michael Gillespie,2006
The Picture of Dorian Gray,Oscar Wilde/Joseph Bristow,2006
An Arab-Syrian Gentleman and Warrior in the Period of the Crusades: Memoirs of Usamah Ibn-Munqidh,Usamah ibn Munqidh/Philip Khuri Hitti/Richard W. Bulliet,2000
Technical Manual and Dictionary of Classical Ballet,Gail Grant,1982
The Ballet Companion: A Dancer's Guide to the Technique  Traditions  and Joys of Ballet,Eliza Gaynor Minden,2005
Ballet Class,John         Green/Caroline Denzler,1997
NYC Ballet Workout,Peter Martins/Paul Kolnik/Richard Corman/Howard  Kaplan,1997
The Illustrated Book of Ballet Stories (with CD),Barbara  Newman/Gill Tomblin/Darcey Bussell,2000
Lara's Leap of Faith (The Royal Ballet School Diaries  #2),Alexandra Moss/Veronica Bennett,2005
Isabelle's Perfect Performance (The Royal Ballet School Diaries  #3),Alexandra Moss,2005
The Barefoot Book Of Ballet Stories,Jane Yolen,2004
Boys or Ballet? (Royal Ballet School Diaries  #8),Alexandra Moss,2006
101 Stories of the Great Ballets: The Scene-by-Scene Stories of the Most Popular Ballets  Old and New,George Balanchine/Francis Mason,1975
Ballet for Dummies,Scott Speck/Evelyn Cisneros,2003
Ballet in Western Culture: A History of Its Origins and Evolution,Carol Lee,2002
Angelina's Ballet Class,Katharine Holabird/Helen Craig,2006
San Francisco Ballet at Seventy-Five,Janice Ross/Allan Ulrich/Brigitte Lefevre,2007
Ballet and Modern Dance,Susan Au,2002
Teaching Classical Ballet,John               White,1996
Drat! We're Rats! (Scrambled Legs  #1),Jahnna N. Malcolm,2000
Battle of the Bunheads (Scrambled Legs  #2),Jahnna N. Malcolm,2000
Blubberina (Scrambled Legs  #5),Jahnna N. Malcolm,1989
The Books in My Life,Henry Miller,1969
The Smoke Jumper,Nicholas Evans,2002
Last Chance Saloon,Marian Keyes,2003
Anybody Out There? (Walsh Family  #4),Marian Keyes,2006
Watermelon (Walsh Family  #1),Marian Keyes,2005
Rachel's Holiday (Walsh Family  #2),Marian Keyes,2007
Lucy Sullivan Is Getting Married,Marian Keyes,2007
Essays and Stories by Marian Keyes: Bags  Trips  Make-up Tips  Charity  Glory  and the Darker Side of the Story,Marian Keyes,2005
No Dress Rehearsal,Marian Keyes,2000
Fullmetal Alchemist  Vol. 10,Hiromu Arakawa/Akira Watanabe,2006
Fullmetal Alchemist  Vol. 5 (Fullmetal Alchemist  #5),Hiromu Arakawa/Akira Watanabe,2006
The House of the Spirits,Isabel Allende/Magda Botin,1986
The House of the Spirits,Isabel Allende/Madga Bogin/Christopher Hitchens,2005
"How To Meditate: An Anthology Of Talks On Meditation And ""Meditation: The Bridge Is Flowing But The River Is Not""",Frederick P. Lenz,2004
Insights: Talks On The Nature Of Existence,Frederick P. Lenz,2003
Palestine: Peace Not Apartheid,Jimmy Carter,2006
Our Endangered Values: America's Moral Crisis,Jimmy Carter,2006
An Hour Before Daylight: Memories of a Rural Boyhood,Jimmy Carter,2001
The Real Jimmy Carter: How Our Worst Ex-President Undermines American Foreign Policy  Coddles Dictators and Created the Party of Clinton and Kerry,Steven F. Hayward,2004
The Virtues of Aging,Jimmy Carter,1998
Living Faith,Jimmy Carter,1998
Sharing Good Times,Jimmy Carter,2005
Until I Find You,John Irving,2006
Atlas Shrugged,Ayn Rand,2005
Atlas Shrugged,Ayn Rand/Leonard Peikoff,2004
Atlas Shrugged,Ayn Rand,1992
Atlas Shrugged,Ayn Rand,1957
Skinny Legs and All,Tom Robbins,2002
Fannie Flagg's Original Whistle Stop Cafe Cookbook,Fannie Flagg,1995
Free Play: Improvisation in Life and Art,Stephen Nachmanovitch,1991
The Sari Shop,Rupa Bajwa,2005
Confessions of a Shopaholic (Shopaholic  #1),Sophie Kinsella,2003
Shopaholic and Sister (Shopaholic  #4),Sophie Kinsella,2006
Shopaholic Takes Manhattan (Shopaholic  #2),Sophie Kinsella,2004
Shopaholic Ties the Knot (Shopaholic  #3),Sophie Kinsella,2004
Shopaholic & Baby (Shopaholic  #5),Sophie Kinsella,2007
The Secret Dreamworld of a Shopaholic (Shopaholic  #1),Sophie Kinsella,2000
The Story of Chicago May,Nuala O'Faolain,2005
Chicago Stories,James T. Farrell/Charles Fanning,1998
Chicago Stories: Tales of the City,John  Miller/Stuart Dybek,2003
The Basic Works of Aristotle,Aristotle/Richard Peter McKeon/C.D.C. Reeve,2009
Selections from Don Quixote - Selecciones de Don Quijote de la Mancha,Miguel de Cervantes Saavedra/Stanley Appelbaum,1998
The Complete Collected Poems,Maya Angelou,1994
Hegel's Phenomenology of Spirit,Georg Wilhelm Friedrich Hegel/A.V. Miller/John Niemeyer Findlay,1976
Preface to the Phenomenology of Spirit,Georg Wilhelm Friedrich Hegel/Yirmiyahu Yovel,2005
Hegel's Phenomenology of Spirit,Martin Heidegger/Kenneth Maly/Parvis Emad,1988
A Guided Tour of 5 Works by Plato: Euthyphro/Apology/Crito/Phaedo/Cave,Christopher Biffle/Plato,1995
Midnight for Charlie Bone (The Children of the Red King  #1),Jenny Nimmo,2003
The Midnight Mystery (The Boxcar Children  #95),Gertrude Chandler Warner,2003
Within a Budding Grove (In Search of Lost Time  #2),Marcel Proust/C.K. Scott Moncrieff/Terence Kilmartin/D.J. Enright,1998
Exclusion & Embrace: A Theological Exploration of Identity  Otherness  and Reconciliation,Miroslav Volf,1996
A Time to Embrace (Timeless Love  #2),Karen Kingsbury,2006
Devil's Embrace (Devil  #1),Catherine Coulter,2000
The Book of Embraces,Eduardo Galeano/Cedric Belfrage/Mark Schafer,1992
Experiencing Father's Embrace,Jack Frost,2006
A Time to Embrace: Same-Gender Relationships in Religion  Law  and Politics,William Stacy Johnson,2006
Memory's Embrace (Corbins  #3),Linda Lael Miller,1991
Beauty: The Invisible Embrace,John O'Donohue,2005
Embrace,Mark Behr,2001
Saving Fish from Drowning,Amy Tan,2006
Un Lugar Llamado Nada,Amy Tan/Claudia Conde,2006
Virginia Woolf: An Inner Life,Julia Briggs,2006
Measure for Measure,William Shakespeare,2005
Henry Adams and the Making of America,Garry Wills,2005
Persepolis: The Story of a Childhood (Persepolis  #1),Marjane Satrapi/Mattias Ripa,2004
Persepolis 2: The Story of a Return (Persepolis  #2),Marjane Satrapi/Anjali Singh,2005
Chicken with Plums,Marjane Satrapi,2006
Embroideries,Marjane Satrapi/Anjali Singh,2006
Peter and the Shadow Thieves (Peter and the Starcatchers  #2),Dave Barry/Ridley Pearson/Greg Call,2006
Ender's Shadow (The Shadow Series  #1),Orson Scott Card,2002
Shadow of the Hegemon (The Shadow Series  #2),Orson Scott Card,2001
Shadow Dance (Buchanan-Renard  #6),Julie Garwood,2006
The Shadow Rising (The Wheel of Time  #4),Robert Jordan,1993
The Shadow Party: How George Soros  Hillary Clinton  and Sixties Radicals Seized Control of the Democratic Party,David Horowitz/Richard Poe,2006
Cast in Shadow (Chronicles of Elantra  #1),Michelle Sagara/Michelle Sagara West,2005
Owning Your Own Shadow: Understanding the Dark Side of the Psyche,Robert A. Johnson,2009
Shadow of the Almighty: The Life and Testament of Jim Elliot,Elisabeth Elliot,2009
Shadow Game (GhostWalkers  #1),Christine Feehan,2003
The Elephant Vanishes,Haruki Murakami/Alfred Birnbaum/Jay Rubin,2003
Sputnik Sweetheart,Haruki Murakami/Philip Gabriel,2002
Back to Wando Passo,David     Payne,2006
Still Life with Woodpecker,Tom Robbins,2001
Half Asleep in Frog Pajamas,Tom Robbins,2002
Fierce Invalids Home from Hot Climates,Tom Robbins,2000
PanAroma: Jitterbug Perfume,Tom Robbins/Nikolaus Hansen,1985
Halbschlaf im Froschpyjama,Tom Robbins/Pociao/Walter Hartmann,1998
God Bless You  Mr. Rosewater,Kurt Vonnegut Jr.,1998
Wampeters  Foma and Granfalloons,Kurt Vonnegut Jr.,1999
Mother Night,Kurt Vonnegut Jr.,1999
Timequake,Kurt Vonnegut Jr.,1998
Slapstick  or Lonesome No More!,Kurt Vonnegut Jr.,1999
Like Shaking Hands with God: A Conversation About Writing,Kurt Vonnegut Jr./Lee Stringer,2000
Palm Sunday: An Autobiographical Collage,Kurt Vonnegut Jr.,1999
Sun  Moon  Star,Kurt Vonnegut Jr./Ivan Chermayeff,1980
Cat's Cradle/God Bless You Mr. Rosewater/Breakfast of Champions,Kurt Vonnegut Jr.,1995
Bradbury Stories: 100 of His Most Celebrated Tales,Ray Bradbury,2005
Farewell Summer (Green Town  #3),Ray Bradbury,2006
Classic Stories 1: The Golden Apples of the Sun/R is for Rocket,Ray Bradbury,1990
Dandelion Wine,Ray Bradbury,1999
The Homecoming,Ray Bradbury/Dave McKean,2006
Zen in the Art of Writing: Essays on Creativity,Ray Bradbury,1993
Switch on the Night,Ray Bradbury/Leo Dillon/Diane Dillon,2004
The Best of Ray Bradbury,Ray Bradbury/Dave Gibbons/Richard Corben/Mike Mignola,2012
The Bradbury Chronicles: The Life of Ray Bradbury,Sam Weller,2006
The Cat's Pajamas,Ray Bradbury,2005
Essays,George Orwell/John Carey,2002
Why I Write,George Orwell,2005
Homage to Catalonia,George Orwell/Lionel Trilling,1980
Keep the Aspidistra Flying,George Orwell,2000
The Orwell Reader: Fiction  Essays  and Reportage,George Orwell/Richard H. Rovere,1961
If on a Winter's Night a Traveler,Italo Calvino/William Weaver/Peter Washington,1993
Parachutes & Kisses,Erica Jong,2006
Fear of Fifty: A Midlife Memoir,Erica Jong,2006
How to Save Your Own Life: An Isadora Wing Novel,Erica Jong/Anthony Burgess,2006
Any Woman's Blues,Erica Jong,2007
What Do Women Want?: Essays by Erica Jong,Erica Jong,2007
Fanny: Being the True History of the Adventures of Fanny Hackabout-Jones,Erica Jong,2003
Serenissima aka Shylock's Daughter,Erica Jong,1988
Dogeaters,Jessica Hagedorn,2002
Crescent and Star: Turkey Between Two Worlds,Stephen Kinzer,2002
Gabriel Garcia Marquez's Love in the Time of Cholera: A Reader's Guide,Thomas Fahy,2003
The Unbearable Lightness of Being,Milan Kundera/Michael Henry Heim,2009
Obasan,Joy Kogawa,1993
Ender's Game Boxed Set: Ender's Game  Ender's Shadow  Shadow of the Hegemon,Orson Scott Card,2002
Speaker for the Dead (Ender's Saga  #2),Orson Scott Card,1987
The Audacity of Hope: Thoughts on Reclaiming the American Dream,Barack Obama,2006
Mao: The Unknown Story,Jung Chang/Jon Halliday,2006
The Art of War,Mao Zedong,2005
Oracle Bones: A Journey Between China's Past and Present,Peter Hessler,2006
Wild Swans: Three Daughters of China,Jung Chang,2004
The Wild Swans,Peg Kerr,2001
Women in Love,D.H. Lawrence,2003
Women Who Love Too Much,Robin Norwood,2004
Men Who Hate Women and the Women Who Love Them: When Loving Hurts and You Don't Know Why,Susan Forward/Joan Torres,2002
A Walk in the Woods: Rediscovering America on the Appalachian Trail,Bill Bryson,1999
A Walk in the Woods: Rediscovering America on the Appalachian Trail,Bill Bryson,2006
A Walk in the Woods (Stickerific),Walt Disney Company,2001
The Fortress of Solitude,Jonathan Lethem,2005
Fortress of Solitude / The Devil Genghis,Kenneth Robeson/Lester Dent,2006
Our Ancestors: The Cloven Viscount  The Baron in the Trees  The Non-Existent Knight,Italo Calvino,1980
Difficult Loves,Italo Calvino,1985
The Nonexistent Knight & The Cloven Viscount,Italo Calvino,1977
The View from Castle Rock,Alice Munro,2006
The View From Castle Rock,Alice Munro,2008
Crossing to Safety,Wallace Stegner/Terry Tempest Williams/T.H. Watkins,2002
Oh Rats! The Story of Rats and People,Albert Marrin/C.B. Mordan,2006
King Rat (Asian Saga  #4),James Clavell,2009
Rat Bastards: The Life and Times of South Boston's Most Honorable Irish Mobster,"John ""Red"" Shea/Mark Wahlberg",2006
Julius Knipl  Real Estate Photographer: The Beauty Supply District,Ben Katchor,2003
Blind Willow  Sleeping Woman: 24 Stories,Haruki Murakami/Ellen Archer/Patrick Lawlor,2006
Blind Willow  Sleeping Woman,Haruki Murakami/Philip Gabriel/Jay Rubin,2006
Jasmine and Stars: Reading More Than Lolita in Tehran,Fatemeh Keshavarz,2007
Making Globalization Work,Joseph E. Stiglitz,2006
Prep : A Novel,Curtis Sittenfeld,2005
Tan fuerte  tan cerca,Jonathan Safran Foer,2005
The Wizard of Oz,Salman Rushdie/Richard Maltby/Melvyn Bragg,1992
The Ground Beneath Her Feet,Salman Rushdie,2000
The Moor's Last Sigh,Salman Rushdie,1996
Dangling Man,Saul Bellow/Salman Rushdie,1996
Grimus,Salman Rushdie,2003
Breakfast at Tiffany's,Truman Capote,1998
Jesus' Son,Denis Johnson,2007
Angels,Denis Johnson,2003
The Throne of the Third Heaven of the Nations Millennium General Assembly: Poems Collected and New,Denis Johnson,1996
The Stars at Noon,Denis Johnson,2000
The Rules of Attraction,Bret Easton Ellis,1998
Glamorama,Bret Easton Ellis,2000
Less Than Zero,Bret Easton Ellis,2010
A Christmas Memory,Truman Capote,2006
In Cold Blood,Truman Capote/Bob Colacello,2002
The Southern Haunting of Truman Capote,James C.    Simmons/Marie Rudisill,2000
Summer Crossing,Truman Capote,2006
Answered Prayers,Truman Capote,2001
The Grass Harp  Including A Tree of Night and Other Stories,Truman Capote,1993
From Babylon to Timbuktu: A History of the Ancient Black Races Including the Black Hebrews,Rudolph R. Windsor/El Hagahn,2006
Cruelest Journey: Six Hundred Miles To Timbuktu,Kira Salak,2004
Between Time and Timbuktu or Prometheus-5,Kurt Vonnegut Jr.,1972
Murder in Amsterdam: The Death of Theo van Gogh and the Limits of Tolerance,Ian Buruma,2006
The Cement Garden,Ian McEwan,2004
Atonement,Ian McEwan,2002
Gertrud The Great Of Helfta: Spiritual Exercises,Gertrude the Great/Gertrud Jaron Lewis,1989
Gertrud,Hermann Hesse,1983
Der Prozess,Franz Kafka,1988
Oracle Night,Paul Auster,2003
Eleanor Rigby,Douglas Coupland,2006
Homo Faber,Max Frisch,1994
Homo faber: Ein Bericht.,Max Frisch,1995
The Philosophy of Jean-Paul Sartre,Jean-Paul Sartre,2003
Being and Nothingness,Jean-Paul Sartre/Hazel E. Barnes/Mary Warnock/Richard Eyre,2003
The Age of Reason,Jean-Paul Sartre,1992
Die Entdeckung der Langsamkeit,Sten Nadolny,1999
Youth in Revolt: The Journals of Nick Twisp,C.D. Payne,2001
And I Don't Want to Live This Life: A Mother's Story of Her Daughter's Murder,Deborah Spungen,1996
Sid and Nancy: Love Kills,Alex Cox/Abbe Wool,1986
Flags of Our Fathers,James D. Bradley/Ron Powers,2006
Flags of Our Fathers: A Young People's Edition,Michael R. French/Ron Powers/James D. Bradley,2006
A Long Way Down,Nick Hornby,2006
Clockwork (Cover to Cover),Philip Pullman,2002
Mary Queen of Scots,Antonia Fraser,1993
Mary Queen of Scots and the Murder of Lord Darnley,Alison Weir,2004
On the Trail of Mary  Queen of Scots,J. Keith Cheetham,1999
River of Blue Fire (Otherland  #2),Tad Williams,1999
Mary  Queen of Scots: Queen Without a Country,Kathryn Lasky,2002
Mountain of Black Glass (Otherland  #3),Tad Williams,2000
Mary  Queen of Scots: Pride  Passion and a Kingdom Lost,Jenny Wormald,2001
Queen of Scots: The True Life of Mary Stuart,John Guy,2004
The Last Wife of Henry VIII,Carolly Erickson,2006
The Children of Henry VIII,Alison Weir,1997
The Last Days of Henry VIII,Robert Hutchinson,2005
The Autobiography of Henry VIII: With Notes by His Fool  Will Somers,Margaret George,1998
Henry VIII (Shakespeare  Pelican),William Shakespeare/Stephen Orgel,2001
The Memoirs of Cleopatra,Margaret George,1998
Saint George and the Dragon,Margaret Hodges/Trina Schart Hyman,1990
Kiss Me Like a Stranger: My Search for Love and Art,Gene Wilder,2006
The Complete Sherlock Holmes  Volume I,Arthur Conan Doyle/Kyle Freeman,2003
The Complete Sherlock Holmes  Volume II,Arthur Conan Doyle/Kyle Freeman,2003
The Last of Her Kind,Sigrid Nunez,2006
Anatomy of Love: A Natural History of Mating  Marriage  and Why We Stray,Helen Fisher,1994
The Devil's in the Details (A Camilla MacPhee Mystery  #4),Mary Jane Maffini,2004
Wigfield: The Can-Do Town That Just May Not,Amy Sedaris/Stephen Colbert/Paul Dinello,2004
The SantaLand Diaries and Season's Greetings,David Sedaris/Joe Mantello,1998
Jenny and the Jaws of Life: Short Stories,Jincy Willett/David Sedaris,2002
The Far Pavilions,M.M. Kaye,1988
Death in Kashmir,M.M. Kaye,2000
The Sun in the Morning: My Early Years in India and England,M.M. Kaye,1990
Death in the Andamans,M.M. Kaye,2000
Death in Berlin,M.M. Kaye,2000
The Far Pavilions,M.M. Kaye,1997
Enchanted Evening,M.M. Kaye,2000
Pathologies of Power: Health  Human Rights and the New War on the Poor,Paul Farmer/Amartya Sen,2004
Infections and Inequalities: The Modern Plagues,Paul Farmer,2001
Mountains Beyond Mountains: The Quest of Dr. Paul Farmer  a Man Who Would Cure the World,Tracy Kidder,2004
The Tao of Physics: An Exploration of the Parallels between Modern Physics and Eastern Mysticism,Fritjof Capra,2000
Dr. Mary's Monkey: How the Unsolved Murder of a Doctor  a Secret Laboratory in New Orleans and Cancer-Causing Monkey Viruses are Linked to Lee Harvey Oswald  the JFK Assassination and Emerging Global Epidemics,Edward T. Haslam/Jim Marrs,2007
The Art of Richard P. Feynman,Michelle Feynman,1995
The Early History of God: Yahweh and the Other Deities in Ancient Israel,Mark S. Smith/Patrick D. Miller,2002
Haiti  History  and the Gods,Joan Dayan/Colin Dayan,1998
Acts of God: The Unnatural History of Natural Disaster in America,Ted Steinberg,2006
The World's Religions,Huston Smith,1991
Introduction to World Religions,Christopher Partridge,2005
FDR's Folly: How Roosevelt and His New Deal Prolonged the Great Depression,Jim  Powell,2004
Folly and Glory (The Berrybender Narratives  #4),Larry McMurtry,2005
The Argumentative Indian: Writings on Indian History  Culture and Identity,Amartya Sen,2006
Argumentative Indian: Writings On Indian History Culture And Identity,Amartya Sen,2005
Things to Bring  S#!t to Do: And Other Inventories of Anxiety: My Life in Lists,Karen Rizzo,2006
Dumpy's Valentine,Julie Andrews Edwards/Emma Walton Hamilton/Tony Walton/Ruby Randig,2006
Mandy,Julie Andrews Edwards/Johanna Westerman,2006
Giraffes Can't Dance,Giles Andreae/Guy Parker-Rees/Hugh Laurie,2006
The Medici Giraffe and Other Tales of Exotic Animals and Power,Marina Belozerskaya,2006
The Giraffe Who Was Afraid of Heights (Physical & Behavioral Adaptation),David A. Ufer/Kirsten Carlson,2006
Where the Red Fern Grows with Connections,Wilson Rawls/Rafe Martin/Borden Deal/Kemp P. Battle/Robert Bethke/Harold Courlander/Maya Angelou/Nicholasa Mohr/Dick Perry/John R. Erickson,1998
Summer of the Monkeys,Wilson Rawls,1998
Dreams from My Father: A Story of Race and Inheritance,Barack Obama,2007
Doctor Who: Cat's Cradle-Time's Crucible,Marc Platt,1992
Doctor Who: Cat's Cradle-Witch Mark,Andrew    Hunt,1992
Doctor Who: Cat's Cradle-Warhead,Andrew Cartmel,1992
He's Just Not That Into You: The No-Excuses Truth to Understanding Guys,Greg Behrendt/Liz Tuccillo,2006
Not Your Mother's Slow Cooker Cookbook,Beth Hensperger/Julie Kaufmann,2004
Hands Are Not for Hitting (Ages 4-7),Martine Agassi/Marieka Heinlen,2001
Not So Big House,Sarah Susanka/Kira Obolensky,2001
Rodinsky's Room,Rachel Lichtenstein/Iain Sinclair,2000
The Rough Guide to Cuba 3,Fiona McAuslan/Matthew  Norman,2005
Cuba: A New History,Richard Gott,2005
Cuba 15,Nancy Osa,2005
Cuba (Jake Grafton #7),Stephen Coonts,2000
The Memory Keeper's Daughter,Kim Edwards,2006
Too Far to Go: The Maples Stories,John Updike,1982
Far to Go (Margaret Thursday  #2),Noel Streatfeild,1986
The Children on the Top Floor,Noel Streatfeild,1985
Desolation Angels,Jack Kerouac/Joyce Johnson,1995
Healing With Whole Foods: Asian Traditions and Modern Nutrition,Paul Pitchford,2002
The New Whole Foods Encyclopedia: A Comprehensive Resource for Healthy Eating,Rebecca  Wood/Paul Pitchford,1999
The Discomfort Zone: A Personal Journey,Jonathan Franzen,2006
The Parrot's Lament  and Other True Tales of Animal Intrigue  Intelligence  and Ingenuity,Eugene Linden,2000
Postscript to the Name of the Rose,Umberto Eco,1984
El nombre de la rosa,Umberto Eco,2006
Baby Names for Dummies,Margaret  Rose/Heather Rose Jones,2005
The Mysterious Flame of Queen Loana,Umberto Eco/Geoffrey Brock,2006
History of Beauty,Umberto Eco/Girolamo De Michele/Alastair McEwen/Agnolo di Cosimo Bronzino,2004
Baudolino,Umberto Eco/William Weaver/R.C.S. Libri,2003
Travels in Hyperreality,Umberto Eco/John Radziewicz/William Weaver,1990
How to Travel with a Salmon and Other Essays,Umberto Eco/William Weaver,1995
A Theory of Semiotics,Umberto Eco,1978
Art and Beauty in the Middle Ages,Umberto Eco/Hugh Bredin,2002
Mouse or Rat?: Translation as Negotiation,Umberto Eco,2004
The Role of the Reader: Explorations in the Semiotics of Texts,Umberto Eco,1979
The Art of War,Sun Tzu/Thomas Cleary/Pulat Otkan/Giray Fidan,2005
Sun Tzu: The Art of War for Managers; 50 Strategic Rules,Sun Tzu/Gerald A. Michaelson,2001
The Art of War,Sun Tzu/Ralph D. Sawyer,2003
The Lost Continent:  Travels in Small-town America,Bill Bryson,1999
Made in America: An Informal History of the English Language in the United States,Bill Bryson,2001
Ulysses,James Joyce/Declan Kiberd,2000
The Long-Lost Map (Ulysses Moore #2),Pierdomenico Baccalario/Iacopo Bruno/Leah D. Janeczko,2006
The Wicked Wit of Charles Dickens,Shelley Klein/Charles Dickens,2002
The Three Musketeers,Alexandre Dumas/Barbara T. Cooper,2004
The Three Musketeers,Alexandre Dumas/Michael Page,2005
The Three Musketeers (Great Illustrated Classics),Malvina G. Vogel/Alexandre Dumas,2005
The Three Musketeers (The d'Artagnan Romances. #1),Alexandre Dumas/Keith Wren,2001
Lisey's Story,Stephen King,2006
King Arthur Flour Whole Grain Baking: Delicious Recipes Using Nutritious Whole Grains,King Arthur Flour,2006
King Dork (King Dork  #1),Frank Portman,2006
A Clash of Kings  (A Song of Ice and Fire  #2),George R.R. Martin,2002
The Colorado Kid,Stephen King,2006
Stationary Bike,Stephen King/Ron McLarty,2006
Everything's Eventual: 14 Dark Tales,Stephen King,2005
The Mist,Stephen King/ZBS Foundation,1993
Pet Sematary,Stephen King,2005
Insomnia,Stephen King/Bettina Blanch Tyroller,2005
The Stephen King Collection: Stories from Night Shift,Stephen King/John  Glover,2005
The Shining,Stephen King/Campbell Scott,2005
Stephen King: America's Best-Loved Boogeyman,George Beahm,1998
The Illustrated Stephen King Trivia Book,Brian James Freeman/Bev Vincent/Glenn Chadbourne,2005
Gray Matter and Other Stories from Night Shift,Stephen King/John  Glover,1993
Cujo,Stephen King,2006
Thinner,Richard Bachman/Stephen King,1996
Stephen King from A to Z: An Encyclopedia of His Life and Work,George Beahm,1999
Black House (The Talisman  #2),Stephen King/Peter Straub,2003
The Stephen King Universe: A Guide to the Worlds of the King of Horror,Stanley Wiater/Christopher Golden/Hank Wagner,2001
Night Shift,Stephen King,1979
Misery,Stephen King,1988
The Bachman Books,Richard Bachman/Stephen King,1996
Carrie,Stephen King,1999
"Four Past Midnight: Featuring ""The Langoliers""",Stephen King,1995
Christine,Stephen King/Marie Milpois,2001
Sam Walton: Made In America,Sam Walton/John Huey,1993
The Road to Reality: A Complete Guide to the Laws of the Universe,Roger Penrose,2007
The Paradox of Choice: Why More Is Less,Barry Schwartz,2005
Coach: Lessons on the Game of Life,Michael   Lewis,2005
Losers: The Road to Everyplace But the White House,Michael   Lewis,1998
Next: The Future Just Happened,Michael   Lewis,2002
The Ends of the Earth: A Journey to the Frontiers of Anarchy,Robert D. Kaplan,1997
The Ends Of The Earth: A Journey At The Dawn Of The 21st Century,Robert D. Kaplan,1996
When Genius Failed: The Rise and Fall of Long-Term Capital Management,Roger Lowenstein,2001
When Genius Failed: The Rise And Fall Of Long Term Capital Management,Roger Lowenstein,2009
The Secret of Fantasy Forest (Sweet Valley Kids #67),Francine Pascal/Molly Mia Stewart/Ying-Hwa Hu,1996
Pearl and Wagner: Three Secrets,Kate McMullan/Janet Allison Brown/R.W. Alley,2004
A History of Britain: The Fate Of Empire 1776-2000 (A History of Britain  #3),Simon Schama,2002
The Devil in the White City Murder  Magic and Madness at the Fair that Changed America,Erik Larson,2003
O Historiador,Elizabeth Kostova,2005
Kim,Rudyard Kipling/Jeffrey Meyers,2003
God Knows,Joseph Heller,1997
Picture This,Joseph Heller,2000
Closing Time,Joseph Heller,2003
Good as Gold,Joseph Heller,1997
Something Happened,Joseph Heller,1997
Archie Americana Series: Best of the Eighties  Vol. 1,George Gladir/John L. Goldwater/Steve Geppi/Michael I. Silberkleit,2001
The Moviegoer,Walker Percy,1998
Wicked: The Life and Times of the Wicked Witch of the West,Gregory Maguire/Douglas Smith,2004
The Sword and the Shield: The Mitrokhin Archive & the Secret History of the KGB,Christopher M. Andrew/Vasili Mitrokhin,2000
Lay Down My Sword And Shield (Hackberry Holland  #1),James Lee Burke,2003
Sword and Shield,John Terra,1992
A Year in the Merde,Stephen Clarke,2006
Can't Wait to Get to Heaven,Fannie Flagg/Cassandra Campbell,2006
Green Hills of Africa,Ernest Hemingway/Edward Shenton,2004
Across the River and into the Trees,Ernest Hemingway,1998
Hemingway: The Paris Years,Michael S. Reynolds,1999
Adios Hemingway,Leonardo Padura/John King,2006
By-Line: Selected Articles and Dispatches of Four Decades,Ernest Hemingway/William M. White,1998
The Hemingway Women: Those Who Love Him - The Wives And Others,Bernice Kert,1998
Hemingway: A Biography,Jeffrey Meyers,1999
The Sword of Straw (The Sangreal Trilogy  #2),Amanda Hemingway,2006
A Farewell to Arms,Ernest Hemingway/John Slattery,2006
A Farewell to Arms,Ernest Hemingway,1982
The Big Rock Candy Mountain,Wallace Stegner,1991
Beyond the Hundredth Meridian: John Wesley Powell and the Second Opening of the West,Wallace Stegner/Bernard DeVoto,1992
Collected Stories,Wallace Stegner/Lynn Stegner,2006
All the Little Live Things,Wallace Stegner,1991
Where the Bluebird Sings to the Lemonade Springs,Wallace Stegner/T.H. Watkins,2002
Wallace Stegner: His Life and Work,Jackson J. Benson,1997
Letters of E.B. White,E.B. White/Dorothy Lobrano Guth/Martha White/John Updike,2006
Here Is New York,E.B. White/Roger Angell/Barbara Cohen/Judith Stonehill,2000
Charlotte's Web,E.B. White/Garth Williams,2006
Charlotte's Web,E.B. White/Garth Williams,1993
Gatsby's Girl,Caroline Preston,2006
In Search of Captain Zero: A Surfer's Road Trip Beyond the End of the Road,Allan C. Weisbecker,2002
Pipe Dream (Strivers Row),Solomon Jones,2001
The Pleasure of My Company,Steve Martin,2004
Shopgirl,Steve Martin,2000
The Mutineer: Rants  Ravings  and Missives from the Mountaintop  1977-2005,Hunter S. Thompson,2013
Generation of Swine: Tales of Shame and Degradation in the '80's,Hunter S. Thompson,2003
The Gonzo Way: A Celebration of Dr. Hunter S. Thompson,Anita Thompson,2007
The Proud Highway: Saga of a Desperate Southern Gentleman  1955-1967,Hunter S. Thompson/Douglas Brinkley,1998
Einstein: His Life and Universe,Walter Isaacson,2007
The Wise Men: Six Friends and the World They Made,Walter Isaacson/Evan Thomas,1997
Kissinger,Walter Isaacson,2005
Traveling Mercies: Some Thoughts on Faith,Anne Lamott,2000
Where Rainbows End,Cecelia Ahern,2004
Irish Girls Are Back in Town,Cecelia Ahern/Patricia Scanlan/Gemma O'Connor/Sarah Webb/Maeve Binchy/Marian Keyes/Morag Prunty/Cathy Kelly/Colette Caddle/Marita Conlon-McKenna/Martina Devlin/Clare Dowling/Catherine Foley/Aine Greaney/Suzanne Higgins/Rosaleen Linehan/Joan O'Neill/Julie Parsons/Deirdre Purcell/Martina Reilly/Mary Ryan/Annie Sparrow/Una Brankin,2005
There's No Place Like Here,Cecelia Ahern,2007
Final Rain (The Survivalist  #19),Jerry Ahern,1989
The Pursuit of Happyness,Chris Gardner,2006
Harvesting the Heart,Jodi Picoult,1995
The Tenth Circle,Jodi Picoult,2006
Mercy,Jodi Picoult,2001
Picture Perfect,Jodi Picoult,2002
Songs of the Humpback Whale,Jodi Picoult,2001
Salem Falls,Jodi Picoult,2002
The Pact,Jodi Picoult,2006
My Sister's Keeper,Jodi Picoult,2005
Cold Mountain,Charles Frazier,2006
The Collected Songs of Cold Mountain,Hanshan/Red Pine/John Blofeld,2000
For One More Day,Mitch Albom,2006
Just One More Day: A Memoir,Susan    Lewis,2006
Absolutely Mahvelous,Billy Crystal/Dick Schaap,1986
The Last Innocent Man,Phillip Margolin,2005
Outlander (Outlander  #1),Diana Gabaldon,2005
A Breath of Snow and Ashes (Outlander  #6),Diana Gabaldon,2006
Outlander - The Exile of Sharad Hett (Star Wars: Ongoing  Volume 2),Timothy Truman/Rick Leonardi/Tom Raney/Al Rio,2001
The Fiery Cross (Outlander  #5),Diana Gabaldon/Janos Farkas,2005
Refuge (Outlanders  #36),James Axler,2006
Dragonfly in Amber (Outlander  #2),Diana Gabaldon,1992
Outlander,Matt Keefe,2006
Hydra's Ring (Outlanders  #39),James Axler,2006
Omega Path (Outlanders  #4),James Axler,1998
Savage Sun (Outlanders  #3),James Axler,1997
As I Lay Dying,William Faulkner/E.L. Doctorow,2001
Novels  1926-1929,William Faulkner/Noel Polk/Joseph Blotner,2006
Light in August,William Faulkner,1991
Selected Short Stories,William Faulkner,1993
Three Famous Short Novels: Spotted Horses Old Man the Bear,William Faulkner,1958
The Town,William Faulkner,1961
Voyager (Outlander  #3),Diana Gabaldon,2001
Drums of Autumn (Outlander  #4),Diana Gabaldon,2001
The Outlandish Companion: Companion to Outlander  Dragonfly in Amber  Voyager  and Drums of Autumn,Diana Gabaldon,1999
Lord John and the Private Matter (Lord John Grey  #1),Diana Gabaldon,2005
Cross Stitch (Outlander  #1),Diana Gabaldon,1994
The Eight,Katherine Neville,1997
Your Eight Year Old: Lively and Outgoing,Louise Bates Ames/Frances L. Ilg/Carol C. Haber/Betty David,1990
Eight Mindful Steps to Happiness: Walking the Buddha's Path,Henepola Gunaratana,2001
Eight Men Out: The Black Sox and the 1919 World Series,Eliot Asinof/Stephen Jay Gould,2000
Eleven on Top (Stephanie Plum  #11),Janet Evanovich,2006
El Clan Del Oso Cavernario,Jean M. Auel/Leonor Tejada Conde-Pelayo,1981
The Portable James Joyce,James Joyce/Harry Levin,1986
Finnegans Wake,James Joyce,2002
Barnaby Rudge,Charles Dickens/John Bowen/Hablot Knight Browne,2003
The Spectator Bird,Wallace Stegner,1990
The Big Book of Boy Stuff,Bart King/Chris Sabatino,2004
The Boys of Everest: Chris Bonington and the Tragedy of Climbing's Greatest Generation,Clint Willis,2006
Roald Dahl: The Storyteller (Famous Lives),Jason Hook,2004
The Sex Lives of Cannibals: Adrift in the Equatorial Pacific,J. Maarten Troost,2004
The Read-Aloud Handbook,Jim Trelease,2006
The Working Poor: Invisible in America,David K. Shipler,2005
First Comes Love (Hot Water  California #1),Christie Ridgway,2002
Eat Right 4 Your Type,Peter J. D'Adamo/Catherine Whitney,1998
The Annotated Gulliver's Travels,Jonathan Swift/Isaac Asimov,1980
Gulliver's Travels,Jonathan Swift/Robert A. Greenberg,1980
The Chronicles of Narnia CD Box Set,C.S. Lewis/Kenneth Branagh,2004
The Chronicles of Narnia (The Chronicles of Narnia  #1-7),C.S. Lewis/Pauline Baynes,2005
Mere Christianity,C.S. Lewis/Kathleen Norris,2015
Mere Christianity,C.S. Lewis,1996
The Screwtape Letters,C.S. Lewis,2001
The Screwtape Letters/Book & Study Guide,C.S. Lewis,1976
Four Mothers,Shifra Horn/Dalya Bilu,2000
Four Mothers at Chautuaqua,Pansy/Isabella MacDonald Alden,1997
The Trial of God: (as it was held on February 25  1649  in Shamgorod),Elie Wiesel/Robert McAfee Brown/Matthew Fox,1995
Summer for the Gods: The Scopes Trial and America's Continuing Debate Over Science and Religion,Edward J. Larson/Brian Troxell,1998
Dawn (The Night Trilogy  #2),Elie Wiesel/Frances Frenaye,2006
The Forgotten,Elie Wiesel/Stephen Becker,1995
Day (The Night Trilogy  #3),Elie Wiesel/Anne Borchardt,2006
All Rivers Run to the Sea,Elie Wiesel,1996
Father Hunger: Fathers  Daughters  and the Pursuit of Thinness,Margo Maine/Craig  Johnson,2004
Father Hunger: Fathers  Daughters & Food,Margo Maine/Craig L. Johnson,2003
Bold Land  Bold Love (Australian Trilogy  #1),Connie Mason,1998
Leading with a Limp: Turning Your Struggles Into Strengths,Dan B. Allender,2006
Something to Declare,Julia Alvarez,1999
Kesey's One Flew Over the Cuckoo's Nest (Cliffs Notes),Bruce Edward Walker/Ken Kesey/CliffsNotes,2000
One Flew Over the Cuckoo's Nest,Ken Kesey,1963
One Flew over the Cuckoo's Nest,Ken Kesey,1963
The Sea  The Sea,Iris Murdoch/Mary Kinzie,2001
Existentialists and Mystics: Writings on Philosophy and Literature,Iris Murdoch/George Steiner/Peter J. Conradi,1999
A Fairly Honourable Defeat,Iris Murdoch/Peter Reed,2001
The Unicorn,Iris Murdoch,1987
Bruno's Dream,Iris Murdoch,1976
Mystical Paths (Starbridge  #5),Susan Howatch,1996
Glittering Images (Starbridge  #1),Susan Howatch,1996
Scandalous Risks,Susan Howatch,2009
Glamorous Powers (Starbridge  #2),Susan Howatch,1996
A Severed Head,Iris Murdoch,1976
Absolute Truths (Starbridge  #6),Susan Howatch,1996
The Shrouded Walls,Susan Howatch,2010
Waiting Sands,Susan Howatch,2003
The Hollow Man,Dan Simmons,1993
Hardcase (Joe Kurtz  #1),Dan Simmons,2002
Summer of Night (Seasons of Horror  #1),Dan Simmons,1992
Vengeance (Joe Kurtz  #1),Dan Simmons,2001
Carrion Comfort,Dan Simmons,1990
The Rise of Endymion (Hyperion Cantos  #4),Dan Simmons,1998
Children of the Night,Dan Simmons,1993
The Group,Mary McCarthy,1964
Haruki Murakami and the Music of Words,Jay Rubin,2005
Norwegian Wood,Haruki Murakami/Jay Rubin,2000
A Wild Sheep Chase (The Rat  #3),Haruki Murakami/Alfred Birnbaum,2002
Horton Hatches the Egg,Dr. Seuss,2004
Seaward,Susan Cooper,1987
The Boggart,Susan Cooper/Omar Rayyan,2005
Silver on the Tree (The Dark is Rising  #5),Susan Cooper,2000
The Long Goodbye (Philip Marlowe  #6),Raymond Chandler,1992
Trouble Is My Business,Raymond Chandler,1988
The Captain's Verses,Pablo Neruda/Donald Devenish Walsh,2004
Herbert the Timid Dragon,Mercer Mayer,1991
Under the Net,Iris Murdoch,1982
Love,Toni Morrison,2005
Beloved,Toni Morrison/A.S. Byatt,2006
Song of Solomon,Toni Morrison,2004
The Bluest Eye,Toni Morrison,2005
100 Love Sonnets,Pablo Neruda/Stephen Tapscott,1986
Jazz,Toni Morrison,1992
Jazz,Toni Morrison,2004
Sula,Toni Morrison,2002
Sula,Toni Morrison,2004
Sula,Toni Morrison,1987
Sula,Toni Morrison,2005
Tar baby,Toni Morrison,1997
Tar Baby,Toni Morrison,2004
Pacific Northwest Hiking: The Complete Guide to More Than 1 000 of the Best Hikes in Washington and Oregon (Foghorn Outdoors),Scott Leonard/Megan McMorris,2005
The Guns of August,Barbara W. Tuchman/Robert K. Massie,2004
It Can't Happen Here,Sinclair Lewis/Michael R.  Meyer,2005
Babbitt,Sinclair Lewis,2003
Main Street,Sinclair Lewis/Brooke Allen,2003
Main Street,Sinclair Lewis,2000
Arrowsmith / Elmer Gantry / Dodsworth,Sinclair Lewis/Richard R. Lingeman,2002
Elmer Gantry,Sinclair Lewis,1998
Die Geisha,Arthur Golden,2000
Arthur Edward Waite's Quest of the Golden Stairs,Arthur Edward Waite,2003
Arrowsmith,Sinclair Lewis/E.L. Doctorow,1953
Something Wicked This Way Comes,Ray Bradbury,2001
Living on the Ragged Edge: Finding Joy in a World Gone Mad: Workbook,Charles R. Swindoll,2005
A Door of Hope,Jan Frank,1987
Captivating: Unveiling the Mystery of a Woman's Soul,John Eldredge/Stasi Eldredge,2005
Family (Firstborn  #4),Karen Kingsbury,2006
Found (Firstborn  #3),Karen Kingsbury,2006
Forever (Firstborn  #5),Karen Kingsbury,2007
Ever After (Lost Love  #2),Karen Kingsbury,2007
Return (Redemption  #3),Karen Kingsbury/Gary Smalley,2003
The Red Gloves Collection (Red Gloves  #1-4),Karen Kingsbury,2006
Reunion (Redemption  #5),Karen Kingsbury/Gary Smalley,2004
Redemption (Redemption  #1),Karen Kingsbury/Gary Smalley,2002
Forgiven (Firstborn  #2),Karen Kingsbury,2005
Rejoice (Redemption  #4),Karen Kingsbury/Gary Smalley,2004
Where I'm Calling From: New and Selected Stories,Raymond Carver,2000
All of Us: The Collected Poems,Raymond Carver,2000
Short Cuts: Selected Stories,Raymond Carver/Robert Altman,1993
Cathedral,Raymond Carver,1989
In Pharaoh's Army: Memories of the Lost War,Tobias Wolff/Luann Walther,1995
Old School,Tobias Wolff,2005
This Boy's Life,Tobias Wolff,2000
The Vintage Book of Contemporary American Short Stories,Tobias Wolff,1994
We Wish to Inform You That Tomorrow We Will Be Killed with Our Families,Philip Gourevitch,1999
The Paris Review Interviews  I: 16 Celebrated Interviews,The Paris Review/Philip Gourevitch/Rebecca West/Elizabeth Bishop/Robert  Stone/Robert Gottlieb/Richard Price/Billy Wilder/Jack Gilbert/Joan Didion/Dorothy Parker/Truman Capote/Ernest Hemingway/T.S. Eliot/Saul Bellow/Jorge Luis Borges/Kurt Vonnegut Jr./James M. Cain,2006
The Living and the Dead: Robert McNamara and Five Lives of a Lost War,Paul Hendrickson,1997
Sons of Mississippi: A Story of Race and Its Legacy,Paul Hendrickson,2004
Looking for the Light: The Hidden Life and Art of Marion Post Wolcott,Paul Hendrickson/Marion Post Wolcott,1992
The Color Purple,Alice Walker,2004
Bright Purple: Color Me Confused (TrueColors  #10),Melody Carlson,2006
Humboldt's Gift,Saul Bellow,1996
The Promise,Chaim Potok,2005
The Gift of Asher Lev,Chaim Potok,1997
In the Beginning,Chaim Potok,1997
My Name Is Asher Lev,Chaim Potok,2003
Endymion: Pforten der Zeit,Dan Simmons,2001
1 000 Places to See Before You Die,Patricia Schultz,2003
The Crook Factory,Dan Simmons,2000
Swan Song,Robert R. McCammon,1987
Mine,Robert R. McCammon,1991
Gone South,Robert R. McCammon,1993
Usher's Passing,Robert R. McCammon,1992
The Wolf's Hour,Robert R. McCammon,1990
Mystery Walk,Robert R. McCammon,1992
Boy's Life,Robert R. McCammon,1992
Stinger,Robert R. McCammon,1988
Swan Song,Robert R. McCammon,1987
Danse Macabre,Stephen King,2001
The Secretary of Dreams  Volume One,Stephen King/Glenn Chadbourne,2006
The Green Mile,Stephen King,1996
Dreamcatcher,Stephen King/William Olivier Desmond/Maria Teresa Marenco,2002
Storm of the Century: An Original Screenplay,Stephen King,1999
The Body,Stephen King/Robin Waterfield,1999
Creepshow,Stephen King/Bernie Wrightson/Michele Wrightson,1982
On Writing: A Memoir,Stephen King,2001
The Shining,Stephen King,1980
The Dark Half,Stephen King,1990
The Science of Stephen King: From 'Carrie' to 'Cell ' The Terrifying Truth Behind the Horror Master's Fiction,Lois H. Gresh/Robert E. Weinberg,2007
The Girl Who Loved Tom Gordon,Stephen King,2000
Riding the Bullet,Stephen King/Josh Hamilton,2002
The Bachman Books: Four Early Novels by Stephen King,Stephen King/Richard Bachman,1985
El umbral de la noche,Stephen King/Gregorio Vlastelica/Eduardo Goligorsky,2001
Stand by Me,Raynold Gideon,1986
La danza de la muerte,Stephen King/Eduardo Goligorsky,1986
The Gardens of Emily Dickinson,Judith Farr/Louise Carter,2005
The Life of Emily Dickinson,Richard B. Sewall,1998
The Poems of Emily Dickinson,Emily Dickinson/R.W. Franklin,2005
Selected Poetry of Emily Dickinson,Emily Dickinson,1997
The Unabridged Journals of Sylvia Plath,Sylvia Plath/Karen V. Kukil,2000
Ariel: The Restored Edition,Sylvia Plath/Frieda Hughes,2018
The Colossus and Other Poems,Sylvia Plath,1998
Rough Magic: A Biography of Sylvia Plath,Paul Alexander,2003
The Journals of Sylvia Plath,Sylvia Plath/Ted Hughes/Frances McCullough,1998
The Death and Life of Sylvia Plath,Ronald Hayman,2003
Te Kaihau: The Windeater,Keri Hulme,1987
Everyman,Philip Roth,2006
American Pastoral (The American Trilogy  #1),Philip Roth,1998
I Married a Communist (The American Trilogy  #2),Philip Roth,1999
Sabbath's Theater,Philip Roth,1996
The Counterlife,Philip Roth,1996
Rabbit Angstrom: The Four Novels,John Updike,1995
Terrorist,John Updike,2006
Rabbit Novels: Rabbit  Run and Rabbit Redux,John Updike,2003
Brazil,John Updike,1996
Conversations with John Updike,James Plath,2011
Rabbit at Rest (Rabbit Angstrom #4),John Updike,1996
Rest Rabbit Rest (Sweet Pickles  #18),Jacquelyn Reinach/Richard Hefter,1978
The Mambo Kings Play Songs of Love,Oscar Hijuelos,2005
Mr. Ives' Christmas,Oscar Hijuelos,2003
A Simple Habana Melody,Oscar Hijuelos,2003
The Fourteen Sisters of Emilio Montez O'Brien,Oscar Hijuelos,2003
The Known World,Edward P. Jones,2004
The Stories of John Cheever,John Cheever/Pelle Fritz-Crone,2000
Istanbul: Memories and the City,Orhan Pamuk,2006
The White Castle,Orhan Pamuk/Victoria Rowe Holbrook,2000
La Vida Nueva,Orhan Pamuk/Rafael Carpintero,2006
Granta 85: Hidden Histories,Ian Jack,2004
Me llamo rojo,Orhan Pamuk/Rafael Carpintero,2007
The Collected Poems  1957-1987,Octavio Paz/Eliot Weinberger/Elizabeth Bishop,1991
The Labyrinth of Solitude and Other Writings,Octavio Paz/Lysander Kemp/Yara Milos,1994
Sor Juana: Or  the Traps of Faith,Octavio Paz/Margaret Sayers Peden,1990
Selected Poems,Octavio Paz/Eliot Weinberger/Charles Tomlinson/William Carlos Williams/Monique Fong Wust/G. Aroul/Elizabeth Bishop/Paul Blackburn/Lysander Kemp/Denise Levertov/Muriel Rukeyser/Mark Strand,1984
The Double Flame: Love and Eroticism,Octavio Paz/Helen Lane,1996
The English Patient: A Screenplay (Screen and Cinema),Anthony Minghella/Michael Ondaatje,1997
Angels & Insects,A.S. Byatt,1994
The Blue Flower,Penelope Fitzgerald,1997
The Bookshop  The Gate of Angels  The Blue Flower,Penelope Fitzgerald/Frank Kermode,2003
The Human Stain (The American Trilogy  #3),Philip Roth,2001
Housekeeping,Marilynne Robinson,2004
All Aunt Hagar's Children: Stories,Edward P. Jones,2006
Lost in the City,Edward P. Jones,2004
White Noise,Don DeLillo,1999
Americana,Don DeLillo,1993
Love-Lies-Bleeding,Don DeLillo,2006
The Body Artist,Don DeLillo,2002
The Hotel New Hampshire,John Irving,1982
The Hotel New Hampshire,John Irving,1982
Das Hotel New Hampshire,John Irving/Hans Hermann,1984
Black Girl/White Girl,Joyce Carol Oates,2006
Them (Wonderland Quartet  #3),Joyce Carol Oates/Elaine Showalter,2006
You Must Remember This,Joyce Carol Oates,1998
Wonderland (Wonderland Quartet  #4),Joyce Carol Oates/Elaine Showalter,2006
Missing Mom,Joyce Carol Oates,2006
After the Wreck  I Picked Myself Up  Spread My Wings  and Flew Away,Joyce Carol Oates,2006
Zombie,Joyce Carol Oates,1996
Sabbath's Theater,Philip Roth,1996
The Stone Diaries,Carol Shields,2005
Insurgent Collective Action and Civil War in El Salvador,Elisabeth Jean Wood,2003
Dicey's Song (Tillerman Cycle  #2),Cynthia Voigt,2003
Puzzle Pack: The Witch of Blackbird Pond,Mary B. Collins,2005
City on the Seine: Paris in the Time of Richelieu and Louis XIV  1614-1715,Andrew P. Trout,1996
Teach Them Diligently: How to Use the Scriptures in Child Training,Lou Priolo,2000
The Confessions of Nat Turner,William Styron,2004
Set This House On Fire,William Styron,2001
Darkness Visible: A Memoir of Madness,William Styron,2007
A Book of Blue Flowers,Robert L. Geneve,2006
Falconer,John Cheever,1977
The Wapshot Chronicle,John Cheever/Rick Moody,2003
72 Hour Hold,Bebe Moore Campbell,2006
The Witching Hour (Lives of the Mayfair Witches  #1),Anne Rice,2004
The Victim,Saul Bellow,1996
The Adventures of Augie March,Saul Bellow/Christopher Hitchens,2006
Mr. Sammler's Planet,Saul Bellow/Stanley Crouch,2004
Broken (Women of the Otherworld  #6),Kelley Armstrong,2006
Exit Strategy (Nadia Stafford #1),Kelley Armstrong,2007
Bitten (Otherworld  #1),Kelley Armstrong,2004
Haunted (Women of the Otherworld  #5),Kelley Armstrong,2005
Dime Store Magic (Women of the Otherworld  #3),Kelley Armstrong,2004
Industrial Magic (Women of the Otherworld #4),Kelley Armstrong,2004
Stolen (Women of the Otherworld  #2),Kelley Armstrong,2004
Moderato cantabile,Marguerite Duras,1985
The Line Between,Peter S. Beagle,2006
Tamsin,Peter S. Beagle,1999
The Fantasy Worlds of Peter Beagle,Peter S. Beagle,1979
The Innkeeper's Song,Peter S. Beagle,1993
Uncle Setnakt's Essential Guide to the Left Hand Path,Don Webb,2011
Les petits chevaux de Tarquinia,Marguerite Duras,1973
The Humanoids (Humanoids #1),Jack Williamson,1996
Terraforming Earth,Jack Williamson,2003
Les jeux sont faits,Jean-Paul Sartre,1996
The Plague  The Fall  Exile and the Kingdom  and Selected Essays,Albert Camus/Stuart Gilbert/Justin O'Brien/David Bellos,2004
The Rebel,Albert Camus/Anthony Bower/Herbert Read,1992
The Fall,Albert Camus/Justin O'Brien,1991
Camus at Combat: Writing 1944-1947,Albert Camus/Jacqueline Levi-Valensi/Arthur Goldhammer/David Carroll,2006
Resistance  Rebellion and Death: Essays,Albert Camus/Justin O'Brien,1995
I Who Have Never Known Men,Jacqueline Harpman/Ros Schwartz,1998
Crime Novels: American Noir of the 1950s,Robert Polito/Jim Thompson/Patricia Highsmith/Charles Willeford/David Goodis/Chester Himes,1997
Raise High the Roof Beam  Carpenters and Seymour: an Introduction,J.D. Salinger,1998
The Algebraist,Iain M. Banks,2006
Excession (Culture  #5),Iain M. Banks,1998
Look to Windward (Culture  #7),Iain M. Banks,2002
Inversions (Culture  #6),Iain M. Banks,2001
Exzession (Culture  #5),Iain M. Banks/Irene Bonhorst,2002
Iain Banks' 'The Wasp Factory'  'The Crow Road' and 'Whit',Alan MacGillivray,2001
A Song Of Stone,Iain Banks,2009
Selected Poems,Herman Melville/Robert Faggen,2006
Herman Melville: A Biography,Hershel Parker,2005
The Confidence-Man,Herman Melville/Tony Tanner/John Dugdale,1999
The Italian Girl (Ackroyd and Thackeray #5),Patricia Hall,2000
An Unofficial Rose,Iris Murdoch,1973
Days: A Tangier Diary,Paul Bowles,2006
The Sheltering Sky / Let It Come Down / The Spider's House,Paul Bowles/Daniel Halpern,2002
The Spider's House,Paul Bowles/Francine Prose,2006
A Hundred Camels in the Courtyard,Paul Bowles,2001
Collected Stories and Later Writings,Paul Bowles/Daniel Halpern,2002
The Sheltering Sky,Paul Bowles,2005
Points in Time,Paul Bowles,2006
The Accidental Bodyguard (Accidental  #2),Ann Major,1996
The Nice and the Good,Iris Murdoch,1978
No More Christian Nice Guy: When Being Nice--Instead of Good--Hurts Men  Women and Children,Paul Coughlin/Laura Schlessinger,2005
Good Omens: The Nice and Accurate Prophecies of Agnes Nutter  Witch,Terry Pratchett/Neil Gaiman,2007
Philosophical Investigations,Ludwig Wittgenstein/G.E.M. Anscombe,2001
Wittgenstein's Poker: The Story of a Ten-Minute Argument Between Two Great Philosophers,David Edmonds/John Eidinow,2002
Tractatus Logico-Philosophicus,Ludwig Wittgenstein/David Pears/Brian McGuinness/Bertrand Russell,2001
Philosophical Investigations,Ludwig Wittgenstein/G.E.M. Anscombe,1973
On Certainty,Ludwig Wittgenstein/G.E.M. Anscombe/George Henrik von Wright,1991
Wittgenstein on Rules and Private Language: An Elementary Exposition,Saul A. Kripke,1984
Ludwig Wittgenstein: The Duty of Genius,Ray Monk,1991
Wittgenstein's Vienna,Allan Janik/Stephen Toulmin,1996
The Blue and Brown Books,Ludwig Wittgenstein/Rush Rhees,1965
Long Day's Journey into Night,Eugene O'Neill/Harold Bloom,2002
Long Day's Journey: The Steamboat & Stagecoach Era in the Northern West,Carlos A. Schwantes,1999
En attendant Godot,Samuel Beckett,1995
The Coming of Godot: A Short History of a Masterpiece,Jonathan Croall/Peter Hall,2006
The Discovery of New Worlds (Story of the World  #2),Margaret Bertha Synge,2006
Six Characters in Search of an Author and Other Plays,Luigi Pirandello/Mark Musa,1995
The Oil Jar and Other Stories,Luigi Pirandello/Stanley Appelbaum,1995
The Late Mattia Pascal,Luigi Pirandello/William Weaver/Charles Simic,2004
One  No One and One Hundred Thousand,Luigi Pirandello/William Weaver/Samuel Putnam,1992
Henry IV,Luigi Pirandello/Tom Stoppard,2005
Three Plays,Luigi Pirandello/Robert Rietty/Julian Mitchell/John Linstrum,1985
Sierra's Homecoming (McKettricks  #5),Linda Lael Miller,2006
Homecoming (Tillerman Cycle  #1),Cynthia Voigt,2002
Buried Child,Sam Shepard,2006
Seven Plays,Sam Shepard/Richard Gilman,1984
You Come Too: Favorite Poems for Readers of All Ages,Robert Frost/Noel Perrin,2002
Watership Down,Richard  Adams,2005
Watership Down,Richard  Adams,2001
Tales from Watership Down,Richard  Adams,1998
The Bake Shop Ghost,Jacqueline K. Ogburn/Marjorie A. Priceman,2005
The Journey That Saved Curious George: The True Wartime Escape of Margret and H.A. Rey,Louise Borden/Allan Drummond,2005
All the Sad Young Men (Works of F. Scott Fitzgerald),F. Scott Fitzgerald/James L.W. West III,2007
Memoirs of Hadrian,Marguerite Yourcenar/Grace Frick,2005
Every Book Its Reader: The Power of the Printed Word to Stir the World,Nicholas A. Basbanes,2006
Invitation to a Beheading,Vladimir Nabokov,2015
Strong Opinions,Vladimir Nabokov,1990
The Portable Conrad,Joseph Conrad/Morton Dauwen Zabel/Frederick R. Karl,1976
Lord Jim,Joseph Conrad,2000
Typhoon and Other Tales,Joseph Conrad/Cedric Watts,2003
Stopping by Woods on a Snowy Evening,Robert Frost/Susan Jeffers,2001
The Poetry of Robert Frost: The Collected Poems  Complete and Unabridged,Robert Frost/Edward Connery Lathem,2002
Frost,Thomas Bernhard/Michael Hofmann,2006
The Road Not Taken and Other Poems,Robert Frost,1993
Collected Poems  Prose  and Plays,Robert Frost/Richard Poirier/Mark   Richardson,1995
Robert Frost: A Life,Jay Parini,2000
Three Plays: Desire Under the Elms / Strange Interlude / Mourning Becomes Electra,Eugene O'Neill/Luann Walther,1995
A Streetcar Named Desire,Tennessee Williams,1952
A Streetcar Named Desire,Tennessee Williams/Arthur  Miller,2004
Streetcar Suburbs: The Process of Growth in Boston  1870-1900,Sam Bass Warner,0
A Streetcar Named Desire (SparkNotes Literature Guide),SparkNotes,2002
CliffNotes on Williams' Glass Menagerie & Streetcar Named Desire (Cliffs Notes),James Lamar Roberts/Tennessee Williams/CliffsNotes,1965
Pygmalion,George Bernard Shaw/Dan H. Laurence/Nicholas Grene,2003
The Play Soldier,Chet Green,2011
Return to Ithaca (Tales from the Odyssey  #5),Mary Pope Osborne/Troy Howell,2004
The New Testament,Richmond Lattimore,1997
Greek Lyrics,Richmond Lattimore,1960
The Iliad,Homer/Robert Fagles/Derek Jacobi,2006
The Iliad  Books 8-9 (Classical Texts Series),Homer/Charles H. Wilson,1996
The Gray-Eyed Goddess (Tales from the Odyssey  #4),Mary Pope Osborne/Troy Howell/Homer,2003
Collected Stories,Tennessee Williams/Gore Vidal,1994
Saint Joan,George Bernard Shaw/Dan H. Laurence/Imogen Stubbs,2001
The Intelligent Woman's Guide to Socialism  Capitalism  Sovietism and Fascism,George Bernard Shaw/Susan Moller Okin,1984
Molloy  Malone Dies  The Unnamable (The Trilogy  #1-3),Samuel Beckett,1997
The Adventures of Race Williams,Carroll John Daly,1989
The Hidden Hand,Carroll John Daly/Drew Bishop,1992
Murder from the East,Carroll John Daly,1935
Education as My Agenda: Gertrude Williams  Race & the Baltimore Public Schools,Jo Ann Ooiman Robinson,2005
The Scarlet Letter,Nathaniel Hawthorne/Thomas E. Connolly/Nina Baym,2003
The Scarlet Letter,Nathaniel Hawthorne/Kathryn Harrison,2000
The Scarlet Letter,Nathaniel Hawthorne,2004
The Scarlet Letter,Nathaniel Hawthorne,2006
The Scarlet Letter,Nathaniel Hawthorne,2005
Nathaniel Hawthorne's The Scarlet Letter,Nathaniel Hawthorne/Karin Jacobson,2001
The Birth of Tragedy,Friedrich Nietzsche/Clifton Fadiman,1995
Human  All Too Human (Complete Works 3),Friedrich Nietzsche/Gary Handwerk,2000
Basic Writings of Nietzsche,Friedrich Nietzsche/Walter Kaufmann/Peter Gay,2001
Beyond Good and Evil,Friedrich Nietzsche/R.J. Hollingdale/Michael Tanner,2003
Daybreak: Thoughts on the Prejudices of Morality,Friedrich Nietzsche/R.J. Hollingdale,1997
How To Draw The Legend Of Zelda    (troll),Michael Teitelbaum/Ron Zalme,2004
Savage Beauty: The Life of Edna St. Vincent Millay,Nancy Milford,2002
My Year of Meats,Ruth Ozeki,1999
Beef,Ruth Ozeki,2000
The Partly Cloudy Patriot,Sarah Vowell/Katherine Streeter,2003
The Risk Pool,Richard Russo,1998
The Whore's Child and Other Stories,Richard Russo,2003
Supermob: How Sidney Korshak and His Criminal Associates Became America's Hidden Power Brokers,Gus Russo,2006
The Lay of the Land,Richard Ford,2006
Tom Ford,Graydon Carter/Tom Ford/Anna Wintour/Bridget Foley,2008
The People's Tycoon: Henry Ford and the American Century,Steven Watts,2006
Wilderness: The Lost Writings  Vol. 1,Jim Morrison,1989
When Somebody Loves You Back (Soulmates Dissipate  #6),Mary B. Morrison,2006
Europe Central,William T. Vollmann,2005
Historical Atlas of Central Europe (History of East Central Europe  Vol. 1),Paul Robert Magocsi,2002
Passing,Nella Larsen/Carla Kaplan,2007
The Complete Fiction of Nella Larsen: Passing  Quicksand  and the Stories,Nella Larsen/Charles Larson/Marita Golden,2001
The Poet of Tolstoy Park,Sonny Brewer,2006
A Calendar of Wisdom: Daily Thoughts to Nourish the Soul,Leo Tolstoy/Peter Sekirin,1997
Safe Conduct: An Autobiography and Other Writings,Boris Pasternak/B. Deutsch,2009
Letters: Summer 1926,Boris Pasternak/Marina Tsvetaeva/Rainer Maria Rilke,2001
Traveller,Richard  Adams,1989
The Plague Dogs,Richard  Adams,2006
Maia (Beklan Empire #2),Richard  Adams,1984
The Girl in a Swing,Richard  Adams,1982
You Can't Go Home Again,Thomas Wolfe,1998
Look Homeward  Angel,Thomas Wolfe,2006
Of Time and the River: A Legend of Man's Hunger in His Youth,Thomas Wolfe/Pat Conroy,1999
Boys' Life & Search and Destroy,Howard Korder,2006
The Castle in the Forest,Norman Mailer,2007
The Naked and the Dead,Norman Mailer,2000
The Executioner's Song,Norman Mailer,1998
The Big Empty: Dialogues on Politics  Sex  God  Boxing  Morality  Myth  Poker & Bad Conscience in America,Norman Mailer/John Buffalo Mailer,2006
The Armies of the Night: History as a Novel  the Novel as History,Norman Mailer,1995
In Cold Blood,Truman Capote,2000
Cold Blood (Lorraine Page  #2),Lynda La Plante,1999
Amazing Disgrace (Gerald Samper #2),James Hamilton-Paterson,2006
Cry  the Beloved Country,Alan Paton,2002
You Don't Know Jack (NY Girlfriends  #2),Erin McCarthy,2006
The Sunset Limited,Cormac McCarthy,2006
No Country for Old Men,Cormac McCarthy,2006
McCarthy's Bar: A Journey of Discovery in Ireland,Pete McCarthy,2003
The Idiot,Fyodor Dostoyevsky/Anna Brailovsky/Joseph Frank/Constance Garnett/Alan Myers,2003
The Complete Idiot's Guide to Calculus,W. Michael Kelley,2006
True and False: Heresy and Common Sense for the Actor,David Mamet,1999
On Directing Film,David Mamet,1992
Book of Dreams,Jack Kerouac/Robert Creeley,2001
Three by Annie Dillard: Pilgrim at Tinker Creek  An American Childhood  The Writing Life,Annie Dillard,1990
Pilgrim at Tinker Creek,Annie Dillard,2000
An American Childhood,Annie Dillard,2013
For the Time Being,Annie Dillard,2000
The Maytrees,Annie Dillard,2007
Plan B: Further Thoughts on Faith,Anne Lamott,2006
All New People,Anne Lamott,1999
Operating Instructions: A Journal of My Son's First Year,Anne Lamott,2005
Stiff: The Curious Lives of Human Cadavers,Mary Roach,2004
A Working Stiff's Manifesto: A Memoir of Thirty Jobs I Quit  Nine That Fired Me  and Three I Can't Remember,Iain Levison,2003
Stiff Upper Lip  Jeeves (Jeeves  #13),P.G. Wodehouse,2002
The Bonesetter's Daughter,Amy Tan,2003
The Kitchen God's Wife,Amy Tan,2006
The Moon Lady,Amy Tan/Gretchen Schields,1995
The Short History of a Prince,Jane Hamilton,1999
The Guardian,Jane Hamilton,1994
Sometimes a Great Notion,Ken Kesey/Charles Bowden,2006
Trout Fishing in America / The Pill vs. the Springhill Mine Disaster / In Watermelon Sugar,Richard Brautigan,1989
Revenge of the Lawn / The Abortion / So the Wind Won't Blow it All Away,Richard Brautigan,1995
A Confederate General from Big Sur / Dreaming of Babylon / The Hawkline Monster,Richard Brautigan,1991
An Unfortunate Woman,Richard Brautigan/Taylan Taftaf,2001
The Collected Stories,Eudora Welty,1982
Complete Novels: The Robber Bridegroom  Delta Wedding  The Ponder Heart  Losing Battles  The Optimist's Daughter,Eudora Welty/Richard Ford/Michael Kreyling,1998
Eudora Welty: Photographs,Eudora Welty/Reynolds Price,1993
On Writing,Eudora Welty/Richard Bausch,2002
Essential Welty: Why I Live at the P.O.  A Memory  Powerhouse and Petrified Man,Eudora Welty,2006
Losing Battles,Eudora Welty,1990
The Eye of the Story: Selected Essays and Reviews,Eudora Welty,1990
The Golden Apples,Eudora Welty,1956
One Writer's Beginnings,Eudora Welty,1998
The Spirit Catches You and You Fall Down: A Hmong Child  Her American Doctors  and the Collision of Two Cultures,Anne Fadiman,1998
Hegemony or Survival: America's Quest for Global Dominance,Noam Chomsky,2004
The Chomsky-Foucault Debate: On Human Nature,Noam Chomsky/Michel Foucault/John Rajchman,2006
Media Control: The Spectacular Achievements of Propaganda,Noam Chomsky,2002
11 de Septiembre,Noam Chomsky,2002
On Anarchism,Noam Chomsky/Barry Pateman,2005
The Chomsky Reader,Noam Chomsky,1988
Language and Mind,Noam Chomsky,2006
Perilous Power: The Middle East & US Foreign Policy,Noam Chomsky/Gilbert Achcar/Stephan R. Shalom,2006
What Uncle Sam Really Wants,Noam Chomsky/Arthur Naiman/David Barsamian/Sandy Niemann,1992
Imperial Ambitions: Conversations on the Post-9/11 World,Noam Chomsky/David Barsamian,2005
On MisEducation (Critical Perspectives),Noam Chomsky/Donaldo Macedo,2004
Aspects of the Theory of Syntax,Noam Chomsky,1969
On Democracy & Education (Social Theory  Education & Cultural Change),Noam Chomsky/C.P. Otero,2002
Cat Breaking Free (Joe Grey  #11),Shirley Rousseau Murphy,2006
Confessions,Jean-Jacques Rousseau/Patrick Coleman/Angela Scholar,2000
Cat Cross Their Graves (Joe Grey  #10),Shirley Rousseau Murphy,2005
The Social Contract,Jean-Jacques Rousseau/Maurice Cranston,2006
Cat in the Dark (Joe Grey  #4),Shirley Rousseau Murphy,1999
The Source,James A. Michener,2002
Hawaii,James A. Michener,2002
Chesapeake,James A. Michener,2003
Caravans,James A. Michener,2003
Iberia,James A. Michener/Robert Vavra,1984
Centennial,James A. Michener,1989
Carrie (Biblioteca de Stephen King. 102  8),Stephen King/Gregorio Vlastelica,2001
Carrie,Stephen King,2005
The Shining,Stephen King,2002
The Shining,Stephen King/Campbell Scott,2005
The Shining,Stephen King,2002
Marley & Me: Life and Love with the World's Worst Dog,John Grogan,2006
Marley and Me: Life and Love With the World's Worst Dog,John Grogan,2005
Brodie's notes on Aldous Huxley's brave new world,Graham Handley,1992
The Moon Is Down,John Steinbeck,2000
Ride the Moon Down,Terry C. Johnston,1999
Drawing Down the Moon: Witches  Druids  Goddess-Worshippers  and Other Pagans in America,Margot Adler,2006
Sing Down the Moon,Scott O'Dell,1997
Light in August,William Faulkner,2002
The Transit of Venus,Shirley Hazzard,1995
Kingsblood Royal,Sinclair Lewis/Charles R. Johnson,2001
Swann's Way (In Search of Lost Time  #1),Marcel Proust/Lydia Davis,2004
Swann's Way (Remembrance of Things Past  #1),Marcel Proust/C.K. Scott Moncrieff/Elizabeth Dalton,2005
Swann's Way (Remembrance of Things Past  #1),Marcel Proust/C.K. Scott Moncrieff,2005
Lady of the Lake,Elizabeth Mayne,1997
A Kiss Before Dying,Ira Levin/Otto Penzler,2003
A Kiss Before Dying (Sweet Valley High  #122),Francine Pascal/Kate William,1996
The Satanic Verses,Salman Rushdie,1988
The City of Falling Angels,John Berendt,2006
Falling Angel,William Hjortsberg/Ridley Scott/James Crumley,2006
Falling Angels (Luc Actar #1),Melissa M. Garcia,2006
The Collaborator: The Trial and Execution of Robert Brasillach,Alice Kaplan,2001
Ulysses,James Joyce/Craig Raine,1997
The Crazed,Ha Jin,2002
Chickenhawk: Back in the World Again: Life After Vietnam,Robert Mason,1994
Nuns and Soldiers,Iris Murdoch/Karen Armstrong,2002
Sir Gawain And The Green Knight,Michael Morpurgo/Michael Foreman,2004
Cliffs Notes on Wiesel's Night,Maryam Riess,1996
The Night Trilogy: Night  Dawn  the Accident,Elie Wiesel/Marion Wiesel,1987
Strong Motion,Jonathan Franzen,2007
How to Be Alone,Jonathan Franzen,2007
The Twenty-Seventh City,Jonathan Franzen,2001
The Best Stories of Fyodor Dostoevsky,Fyodor Dostoyevsky/David Magarshack,2005
The Best Short Stories,Fyodor Dostoyevsky/David Magarshack,2001
Demons,Fyodor Dostoyevsky/Richard Pevear/Larissa Volokhonsky,2000
The Idiot,Fyodor Dostoyevsky/Richard Pevear/Larissa Volokhonsky,2003
Great Short Works of Fyodor Dostoevsky,Fyodor Dostoyevsky/Ronald Hingley,2004
The Idiot,Fyodor Dostoyevsky/Constance Garnett/Joseph Frank,2004
Celtic Tree Mysteries: Practical Druid Magic & Divination,Steve Blamires/Sandy Leuthner,2002
Rebecca,Daphne du Maurier/Sally Beauman,2007
Betraying Spinoza: The Renegade Jew Who Gave Us Modernity,Rebecca Goldstein,2006
Shadow of the Moon (Moon #5),Rebecca York,2006
Black Lamb and Grey Falcon,Rebecca West/Christopher Hitchens,2007
Operation Shylock: A Confession,Philip Roth,1994
Operation Shylock. Ein Bekenntnis,Philip Roth,1994
Lost in the Funhouse,John Barth,1988
CliffsNotes on Faulkner's As I Lay Dying (Cliffs Notes),James Lamar Roberts/William Faulkner/CliffsNotes,1964
The Sound and the Fury  As I Lay Dying  Sanctuary  Intruder in the Dust,William Faulkner,1988
CliffsNotes on Faulkner's Absalom  Absalom!,James Lamar Roberts/CliffsNotes,1964
The Aeneid,Virgil/Robert Fagles/Bernard Knox,2006
The Aeneid,Virgil/Robert Fitzgerald,1990
The Aeneid,Virgil/David   West,2003
Aeneid,Virgil/Stanley Lombardo/W. R. Johnson,2005
Virgil  Vol 2: Aeneid Books 7-12  Appendix Vergiliana,Virgil/G.P. Goold,2001
The Castle of Otranto,Horace Walpole/E.F. Bleiler/Walter Scott,2004
The Castle of Otranto,Horace Walpole,1998
Messenger (The Giver  #3),Lois Lowry,2006
Gossamer,Lois Lowry,2006
Anastasia on Her Own (Anastasia Krupnik  #5),Lois Lowry,1986
Stay!: Keeper's Story,Lois Lowry/True Kelley,1999
Gathering Blue (The Giver  #2),Lois Lowry,2000
See You Around  Sam! (Sam Krupnik  #3),Lois Lowry/Diane deGroat,1998
King Lear,William Shakespeare,2004
King Lear,William Shakespeare/Roma Gill,2002
King Lear,William Shakespeare/R.A. Foakes,1997
King Lear,William Shakespeare/Barbara A. Mowat/Paul Werstine,2005
The Turn of the Screw (Norton Critical Edition),Henry James/Deborah Esch/Jonathan Warren,1999
The Turn of the Screw and The Aspern Papers,Henry James/Anthony Curtis,2003
The Turn of the Screw and Other Short Fiction,Henry James/R.W.B. Lewis,2008
The Turn of the Screw,Henry James/Peter G. Beidler,2003
Much Ado about Nothing,William Shakespeare/Mary Berry/Michael Clamp,2005
Much Ado About Nothing,William Shakespeare/David L. Stevenson,1998
Much Ado about Nothing (Oxford School Shakespeare),William Shakespeare/Roma Gill,2002
Much Ado about Nothing,William Shakespeare/Samuel West/Amanda Root/Arkangel Cast,2005
Much Ado about Nothing,William Shakespeare/F.H. Mares,2003
Winter's Tale,Mark Helprin,2005
Winter's Tales,Isak Dinesen/Karen Blixen,1993
Twelfth Night,William Shakespeare/Alan Durband,1996
Twelfth Night,William Shakespeare/Barbara A. Mowat/Paul Werstine,2005
Twelfth Night,William Shakespeare,2005
Tempest (Star Wars: Legacy of the Force  #3),Troy Denning,2006
Red: Passion and Patience in the Desert,Terry Tempest Williams,2002
Hamlet  The Texts of 1603 and 1623,William Shakespeare/Neil Taylor,2006
Hamlet's Dresser: A Memoir,Bob      Smith,2003
The Hamlet,William Faulkner,1991
Othello,William Shakespeare,2004
Othello,William Shakespeare/David Threlfall/Don Warrington/Anne-Marie Duff/Arkangel Cast,2005
Othello,William Shakespeare/Barbara A. Mowat/Paul Werstine,2004
Julius Caesar,William Shakespeare/Roma Gill,2002
Julius Caesar,William Shakespeare/John   Bowe/Michael Feast/Adrian Lester,2005
Julius Caesar,William Shakespeare/Marvin Spevack/Marga Munkelt,2004
Julius Caesar,William Shakespeare/SparkNotes,2003
Cliffsnotes on Shakespeare's Henry IV  Part 1,James K. Lowers/William Shakespeare/CliffsNotes,1960
King Henry IV  Part 1,William Shakespeare/David Scott Kastan,2002
Alice in Wonderland,Lewis Carroll/Jane Carruth/Rene Cloke,2004
Alice In Wonderland,Lewis Carroll/John Tenniel,2001
The Alexandria Quartet  (The Alexandria Quartet #1-4),Lawrence Durrell,1991
Justine (The Alexandria Quartet #1),Lawrence Durrell,1991
Clea (The Alexandria Quartet #4),Lawrence Durrell,1991
Siddhartha,Hermann Hesse,1993
Kate Vaiden,Reynolds Price,1998
The Social Contract and The First and Second Discourses,Jean-Jacques Rousseau/Susan Dunn/Gita May/Robert N. Bellah/David Bromwich/Conor           Cruise O'Brien,2002
Nature Girl,Carl Hiaasen,2006
Stormy Weather,Carl Hiaasen,2001
Skin Tight (Mick Stranahan  #1),Carl Hiaasen,2005
Basket Case,Carl Hiaasen,2005
Tourist Season,Carl Hiaasen,2005
Sick Puppy,Carl Hiaasen,2005
Flush,Carl Hiaasen,2005
Double Whammy (Skink #1),Carl Hiaasen,2005
Naked Came the Manatee,Carl Hiaasen/Elmore Leonard/Dave Barry/James W. Hall/Edna Buchanan/Les Standiford/Paul Levine/Brian Antoni/Tananarive Due/John Dufresne/Vicki Hendricks/Carolina Hospital/Evelyn Mayerson,1998
Strip Tease,Carl Hiaasen,2005
Basket Case,Carl Hiaasen,2003
A Carl Hiaasen Collection: Stormy Weather  Tourist Season  and  Strip Tease,Carl Hiaasen/Edward Asner,2000
Skinny Dip (Mick Stranahan #2),Carl Hiaasen,2006
Hoot,Carl Hiaasen,2006
The Bible Cure For Diabetes,Don Colbert,1999
The Celestine Prophecy: A Pocket Guide to the Nine Insights,James Redfield,2005
The Tenth Insight: Holding the Vision (Celestine Prophecy  #2),James Redfield,1998
The Celestine Prophecy,James Redfield/Lou Diamond Phillips,2006
The Celestine Prophecy: An Experiential Guide,James Redfield,1995
Zen and the Art of Motorcycle Maintenance: An Inquiry Into Values,Robert M. Pirsig,1979
The Dark Side Of Genius: The Life Of Alfred Hitchcock,Donald Spoto,1999
Enchantment: The Life of Audrey Hepburn,Donald Spoto,2007
Marilyn Monroe: The Biography,Donald Spoto,2001
Cross (Alex Cross  #12),James Patterson,2006
Judge & Jury,James Patterson/Andrew Gross,2006
The 6th Target (Women's Murder Club  #6),James Patterson/Maxine Paetro,2007
The Quickie,James Patterson/Michael Ledwidge,2007
You've Been Warned,James Patterson/Howard Roughan,2007
2nd Chance (Women's Murder Club  #2),James Patterson/Andrew Gross,2005
1st to Die (Women's Murder Club  #1),James Patterson,2005
Season of the Machete,James Patterson,1995
Jack & Jill (Alex Cross  #3),James Patterson,2003
The Midnight Club,James Patterson,1999
Cat & Mouse (Alex Cross #4),James Patterson,2003
Pop Goes the Weasel (Alex Cross  #5),James Patterson,2000
Roses Are Red (Alex Cross  #6),James Patterson,2001
Along Came a Spider (Alex Cross  #1),James Patterson,2003
Black Friday,James Patterson,2000
Honeymoon (Honeymoon  #1),James Patterson/Howard Roughan,2007
Kiss the Girls (Alex Cross  #2),James Patterson,2000
The Thomas Berryman Number,James Patterson,1996
London Bridges (Alex Cross  #10),James Patterson,2005
The Angel Experiment (Maximum Ride  #1),James Patterson,2006
3rd Degree (Women's Murder Club  #3),James Patterson/Andrew Gross,2005
The Jester,James Patterson/Andrew Gross,2004
See How They Run,James Patterson,1997
Miracle on the 17th Green (Travis McKinley  #1),James Patterson/Peter de Jonge,1999
When the Wind Blows (When the Wind Blows  #1),James Patterson,2000
SantaKid,James Patterson/Michael Garland,2004
Private Parts,Howard Stern,1997
The Private Parts of Women,Lesley Glaister,2002
Green Arrow  Vol. 1: Quiver,Kevin Smith/Phil Hester/Ande Parks,2008
Quiver,Stephanie Spinner,2005
A Quiver Full of Arrows,Jeffrey Archer,2005
Celebrations: Rituals of Peace and Prayer,Maya Angelou,2006
The Collected Autobiographies of Maya Angelou,Maya Angelou,2004
Wouldn't Take Nothing for My Journey Now,Maya Angelou,1997
And Still I Rise,Maya Angelou/Linda Sunshine/Diego Rivera,2001
Life Doesn't Frighten Me,Maya Angelou/Jean-Michel Basquiat/Sara Jane Boyers,1996
Dreaming in Pictures: The Photography,Lewis Carroll/Douglas R. Nickel,2002
Lewis Carroll's Jabberwocky: A Book of Brillig Dioramas,Lewis Carroll/Graeme Base,1996
The Collected Short Stories of Maxim Gorky,Maxim Gorky/Avrahm Yarmolinsky/Moura Budberg,1988
Name Dropping,Jane Heller,2001
Many Luscious Lollipops: A Book About Adjectives,Ruth Heller,1998
Night of Long Shadows (Eberron: Inquisitives  #2),Paul Crilley,2007
Poetics,Aristotle/Malcolm Heath,1996
Poetics of Music in the Form of Six Lessons,Igor Stravinsky/George Seferis/Arthur Knodel/Ingolf Dahl,1970
An Introduction to the Old Testament Poetic Books,C. Hassell Bullock,1988
Mondrian,John Milner/Piet Mondrian,1995
The Legacy of Mark Rothko,Lee Seldes,1996
Mark Rothko,Diane Waldman/Bernard Malamud,1978
Mark Rothko  1903 1970,Diane Waldman,2001
A World of Art,Henry M. Sayre,2006
Olympian Odes. Pythian Odes,Pindar/William H. Race,1997
The Odes,Pindar/Cecil Maurice Bowra/Daniel C. Snell/Dawson William Turner/Maehler/Abraham Moore,1982
The Odes and Selected Fragments,Pindar/G.S. Conway/Richard Stoneman,1998
Nemean Odes. Isthmian Odes. Fragments,Pindar/William H. Race,1997
Sabriel (Abhorsen  #1),Garth Nix,2004
Euripides 3: Alcestis/Daughters of Troy/The Phoenician Women/Iphigenia at Aulis/Rhesus,Euripides/David R. Slavitt/Smith Palmer Bovie/Fred Chappell/Mark Rudman/Elaine Terranova/Richard Elman/Katharine Washburn/George D. Economou,1998
Eragon: Prima Official Game Guide,Prima Publishing,2006
Battlefield of the Mind: Winning the Battle in Your Mind,Joyce Meyer,2002
A Lady At Last (deWarenne Dynasty  #7),Brenda Joyce,2006
James Joyce's Ulysses,Stuart Gilbert,1955
A Complicated Kindness,Miriam Toews,2005
A Complicated Kindness (Bookclub-In-A-Box),Marilyn Herbert/Miriam Toews,2006
Race of Scorpions (The House of Niccolo  #3),Dorothy Dunnett,1990
Vinyl Cafe Odd Jobs,Stuart McLean,2005
Vinyl Cafe Coast to Coast Story Service,Stuart McLean,2005
Vinyl Cafe Diaries (Vinyl Cafe  #4),Stuart McLean,2003
Checkmate (Tom Clancy's Splinter Cell  #3),David  Michaels/Tom Clancy,2006
Operation Barracuda (Tom Clancy's Splinter Cell  #2),David  Michaels/Raymond Benson/Tom Clancy,2005
Splinter Cell (Tom Clancy's Splinter Cell  #1),David  Michaels/Raymond Benson/Tom Clancy,2004
Dark Visions,Douglas E. Winter/Dan Simmons/Stephen King/George R.R. Martin,2000
Ancilla to the Pre-Socratic Philosophers,Kathleen Banks Freeman/Hermann Alexander Diels,2003
The Presocratics,Philip Ellis Wheelwright,1966
The Presocratic Philosophers,Geoffrey S. Kirk/John Earle Raven/Malcolm Schofield,1983
Presocratic Philosophy: A Very Short Introduction,Catherine Osborne,2004
The Presocratic Philosophers,Jonathan Barnes/Ted Honderich,1982
The First Philosophers: The Presocratics and Sophists,Robin Waterfield/Anaximander/Anaximenes/Empedocles/Gorgias of Leontini/Heraclitus/Parmenides/Protagoras/Pythagoras/Thales/Thrasymachus/Zeno of Elea,2000
Skeleton Crew,Stephen King,1993
Night Shift,Stephen King,1993
The Talisman,Stephen King/Peter Straub,1984
El retrato de Rose Madder,Stephen King/Bettina Blanch Tyroller,2006
The Dark Half,Stephen King,1989
Storm of the Century,Stephen King,1999
Girls Think of Everything: Stories of Ingenious Inventions by Women,Catherine Thimmesh/Melissa Sweet,2002
How Dogs Think: What the World Looks Like to Them and Why They Act the Way They Do,Stanley Coren,2005
The How to Think Like Leonardo da Vinci Workbook: Your Personal Companion to How to Think Like Leonardo da Vinci,Michael J. Gelb,1999
Brit-Think  Ameri-Think: A Transatlantic Survival Guide,Jane Walmsley,2003
What You Think of Me Is None of My Business,Terry Cole-Whittaker,1988
Think on These Things,Jiddu Krishnamurti/D. Rajagopal,1989
Think Like a Guy: How to Get a Guy by Thinking Like One,Giuliana DePandi,2006
How to Think Theologically,Howard W. Stone/James O. Duke,2006
JoJo's Bizarre Adventure  Vol. 6 (Stardust Crusaders  #6),Hirohiko Araki,2006
JoJo's Bizarre Adventure  Vol. 4 (Stardust Crusaders  #4),Hirohiko Araki,2006
JoJo's Bizarre Adventure  Vol. 5 (Stardust Crusaders  #5),Hirohiko Araki,2006
JoJo's Bizarre Adventure  Vol. 7 (Stardust Crusaders  #7),Hirohiko Araki,2007
JoJo's Bizarre Adventure  Vol. 8 (Stardust Crusaders  #8),Hirohiko Araki,2007
Jojo's Bizarre Adventure  Tome 17: L'Amoureux terrible (Stardust Crusaders  #5),Hirohiko Araki/Hirohiko Araki,2003
Jojo's Bizarre Adventure  Tome 6: Jojo contre la forme de vie ultime (Battle Tendency  #1),Hirohiko Araki,2002
Fevre Dream,George R.R. Martin,1982
The Hedge Knight (The Tales of Dunk and Egg  #1),Ben Avery/Mike S. Miller/George R.R. Martin/Mike Crowell,2005
A Clash of Kings (A Song of Ice and Fire  #2),George R.R. Martin/Roy Dotrice,2004
Tuf Voyaging,George R.R. Martin,2004
Jack of Kinrowan: Jack the Giant-Killer / Drink Down the Moon,Charles de Lint,2000
Lies My Teacher Told Me: Everything Your History Textbook Got Wrong,James W. Loewen,1995
Lies My Teacher Told Me about Christopher Columbus: What Your History Books Got Wrong,James W. Loewen,2006
C.G. Jung and Hermann Hesse: A Book of Two Friendships,Miguel Serrano,1997
The Journey to the East,Hermann Hesse/Hilda Rosner,2003
March,Geraldine Brooks,2006
Foreign Correspondence: A Pen Pal's Journey from Down Under to All Over,Geraldine Brooks,1999
Jojo's Bizarre Adventure  Tome 1: Dio  L'envahisseur (Phantom Blood  #1),Hirohiko Araki,2002
Jojo's Bizarre Adventure  Tome 19: La Lampe Magique (Stardust Crusaders  #7),Hirohiko Araki/Hirohiko Araki,2003
Jojo's Bizarre Adventure  Tome 18: Death Thirteen (Stardust Crusaders  #6),Hirohiko Araki/Hirohiko Araki,2003
Jojo's Bizarre Adventure  Tome 11: Le guerrier qui retourne au vent (Battle Tendency  #6),Hirohiko Araki,2002
From Far Away  Vol. 12,Kyoko Hikawa/Yuko Sawada/Freeman Wong,2006
From Far Away  Vol. 13,Kyoko Hikawa/Yuko Sawada/Freeman Wong,2006
From Far Away  Vol. 14,Kyoko Hikawa/Yuko Sawada/Freeman Wong,2007
Very Far Away from Anywhere Else,Ursula K. Le Guin,2004
Vagabond  Volume 20,Takehiko Inoue,2005
Tsubasa: RESERVoir CHRoNiCLE  Vol. 11,CLAMP/William Flanagan,2006
Tsubasa: RESERVoir CHRoNiCLE  Vol. 3,CLAMP/William Flanagan,2004
Tsubasa: RESERVoir CHRoNiCLE  Vol. 1,CLAMP/Anthony Gerard,2004
Tsubasa: RESERVoir CHRoNiCLE  Vol. 10,CLAMP/William Flanagan,2006
Tsubasa: RESERVoir CHRoNiCLE  Vol. 8,CLAMP/William Flanagan,2006
Tsubasa: RESERVoir CHRoNiCLE  Vol. 6,CLAMP/William Flanagan,2005
Tsubasa: RESERVoir CHRoNiCLE  Vol. 04 (Tsubasa: RESERVoir CHRoNiCLE  #4),CLAMP/William Flanagan,2005
Tsubasa: RESERVoir CHRoNiCLE  Vol. 09,CLAMP/William Flanagan,2006
Tsubasa: RESERVoir CHRoNiCLE  Vol. 12,CLAMP/William Flanagan,2007
Hikaru no Go  Vol. 7: The Young Lions Tournament (Hikaru no Go  #7),Yumi Hotta/Takeshi Obata,2006
Hikaru no Go  Vol. 8: The Pro Test Preliminaries: Day Four (Hikaru no Go  #8),Yumi Hotta/Takeshi Obata,2006
Hikaru no Go  Vol. 1: Descent of the Go Master (Hikaru no Go  #1),Yumi Hotta/Takeshi Obata,2004
Hikaru no Go  Vol. 9: The Pro Test Begins (Hikaru no Go  #9),Yumi Hotta/Takeshi Obata/Yukari Umezawa,2007
Hikaru no Go  Vol. 10: Lifeline (Hikaru no Go  #10),Yumi Hotta/Takeshi Obata,2007
Death Note  Vol. 8: Target (Death Note  #8),Tsugumi Ohba/Takeshi Obata/Tetsuichiro Miyaki,2006
Death Note  Vol. 1: Boredom (Death Note  #1),Tsugumi Ohba/Takeshi Obata/Pookie Rolf,2005
Death Note  Vol. 4: Love (Death Note  #4),Tsugumi Ohba/Alexis Kirsch,2006
Death Note  Vol. 5: Whiteout (Death Note  #5),Tsugumi Ohba/Takeshi Obata/Alexis Kirsch,2006
Death Note  Vol. 3: Hard Run (Death Note  #3),Tsugumi Ohba/Takeshi Obata/Pookie Rolf,2006
Death Note  Vol. 2: Confluence (Death Note  #2),Tsugumi Ohba/Takeshi Obata/Pookie Rolf,2005
Death Note  Vol. 6: Give-and-Take (Death Note  #6),Tsugumi Ohba/Takeshi Obata/Alexis Kirsch,2006
Death Note  Vol. 7: Zero (Death Note  #7),Tsugumi Ohba/Takeshi Obata/Alexis Kirsch,2006
Death Note  Vol. 9: Contact (Death Note  #9),Tsugumi Ohba/Takeshi Obata/Tetsuichiro Miyaki,2007
Death Note  Vol. 10: Deletion (Death Note  #10),Tsugumi Ohba/Takeshi Obata/Tetsuichiro Miyaki,2007
The Worm Ouroboros,E.R. Eddison/Keith   Henderson,2006
Mistress of Mistresses: A Vision of Zimiamvia (The Zimiamvian Trilogy  #1),E.R. Eddison/Gerald Ravenscourt Hayes/Keith   Henderson,1977
The Mezentian Gate,E.R. Eddison,1978
The Mythical Man-Month: Essays on Software Engineering,Frederick P. Brooks Jr.,1995
Voices (Annals of the Western Shore  #2),Ursula K. Le Guin,2006
Gifts (Annals of the Western Shore  #1),Ursula K. Le Guin,2006
Lao Tzu: Tao Te Ching: A Book about the Way and the Power of the Way,Lao Tzu/Ursula K. Le Guin/J.P. Seaton,1998
The Wave in the Mind: Talks and Essays on the Writer  the Reader and the Imagination,Ursula K. Le Guin,2004
The Dispossessed,Ursula K. Le Guin,1994
Five Complete Novels,Ursula K. Le Guin,1985
Tehanu (Earthsea Cycle  #4),Ursula K. Le Guin,2001
Changing Planes,Ursula K. Le Guin,2005
The Other Wind (Earthsea Cycle  #6),Ursula K. Le Guin/Samuel Roukin,2003
Tales from Earthsea (Earthsea Cycle  #5),Ursula K. Le Guin,2003
Jane on Her Own (Catwings  #4),Ursula K. Le Guin/S.D. Schindler,2006
Tehanu (Earthsea Cycle  #4),Ursula K. Le Guin,2004
The Tombs of Atuan (Earthsea Cycle  #2),Ursula K. Le Guin/Margot Paronis,2001
Catwings (Catwings #1),Ursula K. Le Guin/S.D. Schindler,2003
Wonderful Alexander and the Catwings,Ursula K. Le Guin/S.D. Schindler,1994
The Farthest Shore (Earthsea Cycle  #3),Ursula K. Le Guin,2004
The Life and Games of Mikhail Tal,Mikhail Tal/Iakov Damsky/Kenneth P. Neat,1997
Tal-Botvinnik 1960,Mikhail Tal/Hanon W. Russell,2001
Don Quixote,Miguel de Cervantes Saavedra/John Rutherford,2003
Cromartie High School  Vol. 06,Eiji Nonaka/Brendan Frayne,2006
Cromartie High School  Vol. 05,Eiji Nonaka/Brendan Frayne,2006
Cromartie High School  Vol. 01,Eiji Nonaka/Brendan Frayne,2005
Cromartie High School  Vol. 02,Eiji Nonaka/Brendan Frayne,2005
Bleach  Volume 16,Tite Kubo,2006
Bleach  Volume 13,Tite Kubo,2006
Bleach  Volume 10,Tite Kubo,2005
Bleach  Volume 18,Tite Kubo,2007
Bleach  Volume 17,Tite Kubo,2007
Bleach  Volume 19,Tite Kubo,2007
Bleach  Volume 20,Tite Kubo,2007
Twelve Fair Kingdoms,Suzette Haden Elgin,1983
Crest of the Stars 2: A Modest War  (Seikai no Monshou  #2),Hiroyuki Morioka,2007
Crest of the Stars 3: Return to a Strange World  (Seikai no Monshou  #3),Hiroyuki Morioka,2007
Julie and Julia: My Year of Cooking Dangerously,Julie Powell,2006
Julie and Julia: 365 Days  524 Recipes  1 Tiny Apartment Kitchen,Julie Powell,2005
The Master of Go,Yasunari Kawabata/Edward G. Seidensticker,1996
Conrad's Fate (Chrestomanci  #5),Diana Wynne Jones,2006
Rocketman: Astronaut Pete Conrad's Incredible Ride to the Moon and Beyond,Nancy Conrad/Howard A. Klausner/Buzz Aldrin,2006
Red River  Vol. 14 (Red River  #14),Chie Shinohara,2006
Red River  Vol. 15 (Red River  #15),Chie Shinohara,2006
Red River  Vol. 16 (Red River  #16),Chie Shinohara,2007
Red River  Vol. 17 (Red River  #17),Chie Shinohara,2007
Tramps Like Us  Volume 8,Yayoi Ogawa,2006
Tramps Like Us  Volume 9,Yayoi Ogawa,2006
Tramps Like Us  Volume 11,Yayoi Ogawa,2007
Tramps Like Us  Volume 12,Yayoi Ogawa,2007
The Interpreter,Suki Kim,2004
The Thousandfold Thought (The Prince of Nothing  #3),R. Scott Bakker,2007
Flight of the Nighthawks (The Darkwar Saga  #1),Raymond E. Feist,2006
Magician: Apprentice (The Riftwar Saga  #1),Raymond E. Feist,1994
Into a Dark Realm (The Darkwar Saga  #2),Raymond E. Feist,2007
Manna from Heaven,Roger Zelazny/Scott Zrubeck/Steven Brust,2006
Lord of Light,Roger Zelazny,2010
Roger Zelazny's To Rule in Amber (The Dawn of Amber  #3),John Gregory Betancourt/Roger Zelazny,2005
Terrier (Beka Cooper  #1),Tamora Pierce,2006
Alanna: The First Adventure (Song of the Lioness  #1),Tamora Pierce,2005
Young Warriors: Stories of Strength,Tamora Pierce/Josepha Sherman/Margaret Mahy/Lesley McBain/Mike Resnick/Bruce Rogers/Pamela F. Service/Jan Stirling/Holly Black/Doranna Durgin/India Edghill/Rosemary Edghill/Esther M. Friesner/Laura Anne Gilman/Janis Ian/Brett Hartinge,2006
Emperor Mage (Immortals  #3),Tamora Pierce,2005
The Realms of the Gods (Immortals  #4),Tamora Pierce,2006
In the Hand of the Goddess (Song of the Lioness  #2),Tamora Pierce,2005
Wild Magic (Immortals  #1),Tamora Pierce,2005
Lioness Rampant (Song of the Lioness  #4),Tamora Pierce,2005
The Botany of Desire: A Plant's-Eye View of the World,Michael Pollan,2002
The Botany of Desire: A Plant's-Eye View of the World,Michael Pollan/Scott Brick,2007
More Milly Molly Mandy,Joyce Lankester Brisley,1999
Essence and Alchemy: A Natural History of Perfume,Mandy Aftel,2007
The Lion  the Witch and the Wardrobe,C.S. Lewis/Pauline Baynes,2003
Promise of the Witch King (Forgotten Realms: The Sellswords  #2),R.A. Salvatore,2006
Witches Abroad (Discworld  #12),Terry Pratchett,2005
The Wizard's Apprentice (The Keepers  #2),Jackie French Koller/Rebecca Guay,2003
Magician: Apprentice (The Riftwar Saga  #1),Raymond E. Feist,1993
Magician: Apprentice (The Riftwar Saga  #1),Raymond E. Feist/Brett Booth,2006
Geek Love,Katherine Dunn,2002
Dear God  Help!!! Love  Earl,Barbara Park/Kenneth Lafreniere,2006
Prince of the Blood (Krondor's Sons  #1),Raymond E. Feist,2007
Shards of a Broken Crown (The Serpentwar Saga  #4),Raymond E. Feist,1998
Rage of a Demon King (The Serpentwar Saga  #3),Raymond E. Feist,1997
A Crown of Swords (The Wheel of Time  #7),Robert Jordan,1997
Winter's Heart (The Wheel of Time  #9),Robert Jordan,2002
The Fires of Heaven (The Wheel of Time  #5),Robert Jordan,1994
A Beautiful Mind,Sylvia Nasar,2002
How To Have A Beautiful Mind,Edward de Bono,2004
The State of Mind Called Beautiful,Sayadaw U. Pandita/Kate Wheeler/Swami Vivekananda,2006
Il genio dei numeri,Sylvia Nasar/Carlo Capararo/Sergio Mancini/Roberta Zuppet,2002
Wolfskin (Saga of the Light Isles  #1),Juliet Marillier,2004
Blade of Fortriu (The Bridei Chronicles  #2),Juliet Marillier,2006
The Dark Mirror (The Bridei Chronicles  #1),Juliet Marillier,2006
Child of the Prophecy (Sevenwaters  #3),Juliet Marillier,2003
Son of the Shadows (Sevenwaters  #2),Juliet Marillier,2002
Wildwood Dancing (Wildwood  #1),Juliet Marillier,2007
Foxmask (Saga of the Light Isles  #2),Juliet Marillier,2005
Foxmask (Saga of the Light Isles  #2),Juliet Marillier,2005
The Noonday Demon: An Atlas of Depression,Andrew Solomon,2002
The Noonday Demon: An Anatomy of Depression,Andrew Solomon,2002
My Secret: A PostSecret Book,Frank Warren,2006
The Secret Lives of Men and Women: A PostSecret Book,Frank Warren,2007
The Secret Life of Houdini: The Making of America's First Superhero,William Kalush/Larry Sloman,2006
The Golden Key,Melanie Rawn/Kate Elliott/Jennifer Roberson,1997
The Case Of The Golden Key (Jigsaw Jones Mystery #19),James Preller/Jamie  Smith,2002
Mandie and the Jumping Juniper (Mandie  #18),Lois Gladys Leppard,2008
Wise Child,Monica Furlong,2004
The Boys of the Archangel Raphael: A Youth Confraternity in Florence  1411-1785,Konrad Eisenbichler,1998
King Solomon's Ring,Konrad Lorenz/Marjorie Kerr Wilson,2002
The Konrad Saga (Konrad  #1-3),David S. Garnett/David Ferring,2005
Aerie (Dragon Jousters  #4),Mercedes Lackey,2006
Sanctuary (Dragon Jousters  #3),Mercedes Lackey,2006
Fortune's Fool (Five Hundred Kingdoms  #3),Mercedes Lackey,2007
The Fairy Godmother (Five Hundred Kingdoms  #1),Mercedes Lackey,2004
The Wizard of London (Elemental Masters  #4),Mercedes Lackey,2006
By Slanderous Tongues (Doubled Edge  #3),Mercedes Lackey/Roberta Gellis,2007
Arrows of the Queen (Heralds of Valdemar  #1),Mercedes Lackey,1987
Phoenix and Ashes (Elemental Masters  #3),Mercedes Lackey,2005
Crossroads and Other Tales of Valdemar (Tales of Valdemar #3),Mercedes Lackey/Rosemary Edghill/Sarah A. Hoyt/Tanya Huff/Fiona Patton/Janni Lee Simner/Mickey Zucker Reichert/Judith Tarr/Larry Dixon/Michael Z. Williamson/Nancy Asire/Richard Lee Byers/Brenda Cooper/Stephanie D. Shaver/Kate Paulk/Michael Longcor/Ben Ohlander,2005
Storm Warning (Valdemar: Mage Storms #1),Mercedes Lackey,1995
This Rough Magic (Heirs of Alexandria  #2),Mercedes Lackey/Eric Flint/Dave Freer,2005
Joust (Dragon Jousters  #1),Mercedes Lackey,2004
Winds of Fury (Valdemar: Mage Winds #3),Mercedes Lackey,1994
Winds of Fate (Valdemar: Mage Winds #1),Mercedes Lackey,1992
Alta (Dragon Jousters  #2),Mercedes Lackey,2005
The Serpent's Shadow (Elemental Masters  #1),Mercedes Lackey,2002
Storm Rising (Valdemar: Mage Storms  #2),Mercedes Lackey,1996
Exile's Valor (Heralds of Valdemar  #7),Mercedes Lackey,2004
Sword of Ice and Other Tales of Valdemar (Tales of Valdemar #1),Mercedes Lackey/Tanya Huff/Mickey Zucker Reichert/Michelle Sagara West/Gary A. Braunbeck/John Helfers/Elisabeth Waters/Lawrence Schimel/Mark Shepherd/Janni Lee Simner/Richard Lee Byers/Josepha Sherman/Larry Dixon/John Yezeguielian/Mel White/Stephanie D. Shaver/Kristin Schwengel/Ben Ohlander/Philip M. Austin,1997
The River's Gift,Mercedes Lackey,1999
Jinx High (Diana Tregarde  #3),Mercedes Lackey,2000
Owlknight (Owl Mage Trilogy  #3),Mercedes Lackey/Larry Dixon,2000
Bedlam's Edge (Bedlam's Bard  #8),Mercedes Lackey/Rosemary Edghill,2007
Owlflight (Owl Mage Trilogy  #1),Mercedes Lackey/Larry Dixon,1998
Children of the Night (Diana Tregarde  #2),Mercedes Lackey,2005
Winter Moon (Walker Papers  #1.5),Mercedes Lackey/Tanith Lee/C.E. Murphy,2005
Arrow's Fall (Heralds of Valdemar  #3),Mercedes Lackey,1988
Difficult Conversations: How to Discuss What Matters Most,Bruce Patton/Douglas Stone/Sheila Heen,2000
The Scarlet Gang of Asakusa,Yasunari Kawabata/Alisa Freedman,2005
Beauty and Sadness,Yasunari Kawabata/Howard Hibbett,1996
The Dancing Girl of Izu and Other Stories,Yasunari Kawabata/J. Martin Holman,1998
Palm-of-the-Hand Stories,Yasunari Kawabata/Lane Dunlop/J. Martin Holman,2006
House of the Sleeping Beauties and Other Stories,Yasunari Kawabata/Edward G. Seidensticker/Yukio Mishima,2004
First Snow on Fuji,Yasunari Kawabata/Michael Emmerich,1999
Romanee Conti: The World's Most Fabled Wine,Richard Olney,1995
As I Crossed a Bridge of Dreams: Recollections of a Woman in Eleventh-Century Japan,Lady Sarashina/Ivan Morris,1975
The Time Traveler's Wife,Audrey Niffenegger,2005
The Part-Time Wife (The Secret Lives of Society Wives  #6),Maureen Child,2006
Part-Time Wife (Hometown Heartbreakers  #4),Susan   Mallery,1996
The Little Friend,Donna Tartt,2007
The Little Friend,Donna Tartt,2002
The Littles and Their Amazing New Friend,John Lawrence Peterson,1999
The Legend of the Poinsettia,Tomie dePaola,1997
I Am Legend,Richard Matheson,1999
Throne of Jade (Temeraire  #2),Naomi Novik,2006
Thrones  Dominations,Dorothy L. Sayers/Jill Paton Walsh,1999
A Throne in Brussels: Britain  the Saxe-Coburgs and the Belgianisation of Europe,Paul Belien,2006
Utena: Revolutionary Girl 01,Chiho Saito,2003
Malgudi Days,R.K. Narayan/Jhumpa Lahiri,2006
The Magic Barrel,Bernard Malamud/Jhumpa Lahiri,2003
Zinn & the Art of Road Bike Maintenance,Lennard Zinn/Todd Telander,2005
A Power Governments Cannot Suppress,Howard Zinn,2006
Wherever You Go  There You Are: Mindfulness Meditation in Everyday Life,Jon Kabat-Zinn,2005
Mindfulness for Beginners,Jon Kabat-Zinn,2006
Grammar Snobs Are Great Big Meanies: A Guide to Language for Fun and Spite,June Casagrande,2006
Death of a Snob (Hamish Macbeth  #6),M.C. Beaton,2000
Beauty is the Beast  Vol. 4,Tomo Matsumoto/Tomo Kimura,2006
Beauty and the Beast,Max Eilenberg/Angela Barrett,2006
White Noise: Text and Criticism,Don DeLillo/Mark Osteen,1998
The Art of Loving,Erich Fromm/Peter D. Kramer/Rainer Funk,2019
The Art of Loving,Eiki Eiki/Sashiko Sato/Bambi Eloriaga,2006
Inattentional Blindness,Arien Mack/Irvin Rock,2000
Touching the Rock: An Experience of Blindness,John M. Hull/Oliver Sacks,1992
Blindness and Insight: Essays in the Rhetoric of Contemporary Criticism,Paul De Man/Wlad Godzich,1983
Yiddish with Dick and Jane,Ellis Weiner/Barbara Davilman/Gabi Payn,2004
A Treasury of Dick and Jane and Friends (Dick and Jane),Pearson Scott Foresman/William S. Gray,2003
The Complete Dick Tracy Volume 1: 1931-1933,Chester Gould/Ashley Wood/Max Allan Collins,2012
Do Androids Dream Of Electric Sheep?,Philip K. Dick,2005
Four Novels of the 1960s: The Man in the High Castle / The Three Stigmata of Palmer Eldritch / Do Androids Dream of Electric Sheep? / Ubik,Philip K. Dick/Jonathan Lethem,2007
The Philip K. Dick Reader,Philip K. Dick,2001
The Shifting Realities of Philip K. Dick,Philip K. Dick/Lawrence Sutin,1996
The Collected Stories of Philip K. Dick 3: Second Variety,Philip K. Dick/John Brunner,2002
The Minority Report (Collected Stories of Philip K. Dick),Philip K. Dick,2000
A Man's Protection,Jayne Castle/Jayne Ann Krentz,1982
Hunger,Lan Samantha Chang,2000
The Diezmo,Rick Bass,2006
Colter: The True Story of the Best Dog I Ever Had,Rick Bass,2001
The Hermit's Story,Rick Bass,2003
The Great Gatsby,F. Scott Fitzgerald,1925
Gould's Book of Fish: A Novel in Twelve Fish,Richard Flanagan,2003
The Liars' Club,Mary Karr,2005
The Pretender (Liar's Club  #1),Celeste Bradley,2003
The Impostor (Liar's Club  #2),Celeste Bradley,2003
Small Wonder,Barbara Kingsolver,2003
Prodigal Summer,Barbara Kingsolver,2001
English Passengers,Matthew Kneale,2001
English Passengers,Matthew Kneale,2001
Island: Collected Stories,Alistair MacLeod,2002
Carried Away: A Personal Selection of Stories,Alice Munro/Margaret Atwood,2006
Selected Stories,Alice Munro,1997
Runaway,Alice Munro,2004
Something I've Been Meaning to Tell You: 13 Stories,Alice Munro,2004
The Beggar Maid: Stories of Flo and Rose,Alice Munro/Susanna Basso,1991
Lives of Girls and Women,Alice Munro,2001
Open Secrets,Alice Munro,1995
Pastoralia,George Saunders,2001
Good Faith,Jane Smiley,2004
The Greenlanders,Jane Smiley,2005
The Autograph Man,Zadie Smith,2003
Anna Karenina,Leo Tolstoy/Constance Garnett,2004
Chronicles: Volume One,Bob Dylan,2005
The Essential Interviews,Bob Dylan/Jonathan Cott,2006
The Bob Dylan Encyclopedia,Michael Gray,2006
Going Native,Stephen Wright,2005
Stranger In A Strange Land,Robert A. Heinlein,2005
The Pearl/The Red Pony,John Steinbeck,1976
A Midsummer Night's Dream,William Shakespeare/Stephen Orgel/A.R. Braunmuller/Russ McDonald,2000
A Ring of Endless Light (Austin Family  #4),Madeleine L'Engle,1995
Bless Me  Ultima,Rudolfo Anaya,1999
Island of the Blue Dolphins,Scott O'Dell/Tantoo Cardinal,2005
A Reading Guide to Island of the Blue Dolphins,Patricia McHugh,2003
Einstein's Dreams,Alan Lightman,2004
Sweet Dreams  Mimi (Baby Einstein),Julie Aigner-Clark/Nadeem Zaidi,2004
A Hunger Like No Other (Immortals After Dark  #1),Kresley Cole,2006
The Price of Pleasure (Sutherland Brothers  #2),Kresley Cole,2004
If You Dare (MacCarrick Brothers  #1),Kresley Cole,2005
Organic Church: Growing Faith Where Life Happens,Neil Cole/Leonard Sweet,2005
Chekhov's Doctors: A Collection of Chekhov's Medical Tales (Literature & Medicine 5),Anton Chekhov/Jack Coulehan/Robert Coles,2003
The Story of Ruby Bridges,Robert Coles/George Ford,2004
The Complete Lyrics of Cole Porter,Cole Porter/Robert Kimball/John Updike,1992
Barron's Book Notes: Lord of the Flies,Michael Spring/William Golding,1984
The spire  William Golding : notes,Steve Eddy,2006
The Inheritors,William Golding,1963
The Pyramid,William Golding,1997
President Nixon: Alone in the White House,Richard Reeves,2002
Awakenings,Oliver Sacks,1999
Kitty Goes to Washington (Kitty Norville  #2),Carrie Vaughn,2006
Kitty and the Midnight Hour (Kitty Norville #1),Carrie Vaughn,2005
Not Since Carrie: Forty Years of Broadway Musical Flops,Ken Mandelbaum,1992
Kitty Takes a Holiday (Kitty Norville  #3),Carrie Vaughn,2007
The Best Short Stories of O. Henry,O. Henry/Bennett Cerf/Van H. Cartmell,2000
Amelia Bedelia 50th Anniversary Library: Amelia Bedelia  Amelia Bedelia and the Surprise Shower  and Play Ball  Amelia Bedelia,Peggy Parish/Various,2012
Merry Christmas  Amelia Bedelia,Peggy Parish/Lynn Sweat,2002
Amelia Bedelia Goes Camping,Peggy Parish/Lynn Sweat,2003
Amelia Bedelia and the Baby (Amelia Bedelia),Peggy Parish/Lynn Sweat,2004
Teach Us  Amelia Bedelia,Peggy Parish/Lynn Sweat,2004
Amelia Bedelia Helps Out,Peggy Parish/Lynn Sweat,2005
Directing the Documentary,Michael Rabiger,2004
Introduction to Documentary,Bill Nichols,2001
$30 Film School: How to Write  Direct  Produce  Shoot  Edit  Distribute  Tour With  and Sell Your Own No-Budget Digital Movie,Michael W. Dean,2003
Salonica  City of Ghosts: Christians  Muslims and Jews  1430-1950,Mark Mazower,2006
Farewell to Salonica: City at the Crossroads,Leon Sciaky/Peter Sciaky,2003
The Mind Parasites,Colin Wilson,2005
Neverwhere (London Below  #1),Neil Gaiman,2003
Neil Gaiman's Neverwhere,Mike Carey/Glenn Fabry/Neil Gaiman,2007
Neverwhere,Neil Gaiman,2001
Marjorie Morningstar,Herman Wouk,1992
The Perfume of the Lady in Black,Gaston Leroux/Margaret Jull Costa/Terry Hale,2015
The Perfume Factory,Alex Austin,2018
Psyche in a Dress,Francesca Lia Block,2006
Echo,Francesca Lia Block,2001
Ecstasia,Francesca Lia Block,2004
Eight Cousins (Eight Cousins  #1),Louisa May Alcott,2007
Peace Is Every Step: The Path of Mindfulness in Everyday Life,Thich Nhat Hanh/Arnold Kotler/Dalai Lama XIV,1992
Night Beat: A Shadow History of Rock & Roll,Mikal Gilmore,1999
The History of Rock and Roll (World History),Adam Woog,1999
Please Kill Me: The Uncensored Oral History of Punk,Legs McNeil/Gillian McCain,2006
The Day the Country Died: A History of Anarcho-Punk  1980-1984,Ian Glasper,2007
Edie: Girl on Fire,David Weisman/Melissa Painter,2006
Edie,Jean Stein/George Plimpton,1994
The Leatherstocking Tales  Vol. 1: The Pioneers / The Last of the Mohicans / The Prairie,James Fenimore Cooper/Blake Nevius,1985
The Catcher in the Rye: Annotations and Study Aids,J.D. Salinger/Rudolph F. Rau,1999
A House Divided (House of Earth  #3),Pearl S. Buck,2006
Sons (House of Earth  #2),Pearl S. Buck,2005
East Wind: West Wind,Pearl S. Buck,1995
Encyclopedia Brown Solves Them All (Encyclopedia Brown  #5),Donald J. Sobol/Leonard W. Shortall,1992
Encyclopedia Brown and the Case of the Slippery Salamander (Encyclopedia Brown  #22),Donald J. Sobol/Warren Chang,2003
Encyclopedia Brown and the Case of the Treasure Hunt (Encyclopedia Brown  #17),Donald J. Sobol/Gail Owens,1989
Encyclopedia Brown and the Case of the Sleeping Dog (Encyclopedia Brown  #21),Donald J. Sobol/Warren Chang,1999
When Red Is Black (Inspector Chen Cao #3),Qiu Xiaolong,2005
The Red and the Black,Stendhal/Burton Raffel/Diane Johnson,2004
Red and Black,Stendhal/Robert M. Adams,1969
Black on Red: My 44 Years Inside the Soviet Union: An Autobiography,Robert Robinson/Jonathan Slevin,1988
Thinking Visually (Basics Illustration  #1),Mark Wigan,2006
Love,Stendhal/Gilbert Sale/Suzanne Sale/B.C.J.G. Knight/Jean Stewart,1975
The Charterhouse of Parma,Stendhal/Richard Howard/Robert Andrew Parker,2000
The Charterhouse of Parma,Stendhal/Roger Pearson/Margaret Mauldon,1999
The King of Elfland's Daughter,Lord Dunsany/Neil Gaiman,1999
In the Land of Time: And Other Fantasy Tales,Lord Dunsany/S.T. Joshi,2004
Fifty-One Tales,Lord Dunsany/John Gregory Betancourt/Lin Carter,2002
The Sword of Welleran and Other Stories,Lord Dunsany/Sidney H. Sime,2005
On the Lines of Morris' Romances: Two Books That Inspired J. R. R. Tolkien-The Wood Beyond the World and the Well at the World's End,William Morris/Michale W. Perry,2003
Faust  Part One,Johann Wolfgang von Goethe/David  Luke,1998
Faust  First Part,Johann Wolfgang von Goethe/Peter Salm,1988
Faust  Part Two,Johann Wolfgang von Goethe/David  Luke,1999
Nathan the Wise  Minna von Barnhelm  and Other Plays and Writings,Gotthold Ephraim Lessing,1991
Your First Year in Network Marketing: Overcome Your Fears  Experience Success  and Achieve Your Dreams!,Mark Yarnell/Rene Reid Yarnell/Richard  Poe,1998
The Wealth of Networks: How Social Production Transforms Markets and Freedom,Yochai Benkler,2006
War Trash,Ha Jin,2005
Zone of the Enders: The 2nd Runner Official Strategy Guide,Tim Bogenn,2003
The God Delusion,Richard Dawkins,2006
Good in Bed (Cannie Shapiro  #1),Jennifer Weiner,2002
The Guy Not Taken: Stories,Jennifer Weiner,2006
Goodnight Nobody,Jennifer Weiner,2006
Los diarios de Nanny,Emma McLaughlin/Nicola Kraus,2003
Davita's Harp,Chaim Potok,1996
Neuromancer,William Gibson,2004
Chosen By God: Know God's Perfect Plan for His Glory and His Children,R.C. Sproul,1994
The Chosen: The Hidden History of Admission and Exclusion at Harvard  Yale  and Princeton,Jerome Karabel,2006
Chosen Prey (Lucas Davenport  #12),John Sandford,2002
Chosen But Free,Norman L. Geisler,2001
The Lady Chosen (Bastion Club  #1),Stephanie Laurens,2003
Maya Cosmogenesis 2012: The True Meaning of the Maya Calendar End-Date,John Major Jenkins/Terence McKenna,1998
Travels of Marco Polo,Marco Polo/Howard Mittelmark/Milton Rugoff,2004
The Sword of Angels (The Bronze Knight  #3),John Marco,2006
A Scanner Darkly,Philip K. Dick,2006
Midnight's Children,Salman Rushdie,1995
Last Man Standing,David Baldacci,2002
Last Man Standing,David Baldacci,2002
Last Man Standing,David Baldacci,2003
Rape: A Love Story,Joyce Carol Oates,2003
Plain Truth,Jodi Picoult,2004
Vanishing Acts,Jodi Picoult,2005
Nineteen Minutes,Jodi Picoult,2007
The Pact,Jodi Picoult,2005
The Outsiders,S.E. Hinton/Jodi Picoult,2006
Die Wahrheit der letzten Stunde,Jodi Picoult,2001
Die Hexen von Salem Falls,Jodi Picoult,2002
In einer regnerischen Nacht.,Jodi Picoult,2003
A Tree Grows in Brooklyn,Betty  Smith,2006
The Sound of Mountain Water,Wallace Stegner,1997
Wolf Willow,Wallace Stegner/Page Stegner,2000
Mormon Country,Wallace Stegner/Richard W. Etulain,2003
The Complete Novels,Jane Austen,1996
Jane Austen's Letters,Jane Austen,2003
Pride and Prejudice,Jane Austen,1984
The Complete Novels of Jane Austen  Vol 1: Sense & Sensibility/Pride & Prejudice/Mansfield Park,Jane Austen,1992
Pride and Prejudice,Jane Austen/Pat Rogers,2006
Desire and Duty: A Sequel to Jane Austen's Pride and Prejudice,Ted Bader/Marilyn Bader,1997
Emma,Jane Austen/James Kinsley/Adela Pinch,2003
Emma,Jane Austen,2006
Emma,Jane Austen/Prunella Scales,2006
Sense and Sensibility,Jane Austen/Claudia L. Johnson,2001
Who's Afraid of Virginia Woolf?,Edward Albee,2006
To the Lighthouse,Virginia Woolf/Mark Hussey,2005
Mrs. Dalloway,Virginia Woolf/Maureen Howard,2002
A Room of One's Own,Virginia Woolf,1994
Moments of Being: A Collection of Autobiographical Writing,Virginia Woolf/Jeanne Schulkind,1985
The Complete Shorter Fiction of Virginia Woolf,Virginia Woolf/Susan Dick,1989
The Diary of Virginia Woolf  Volume Two: 1920-1924,Virginia Woolf/Anne Olivier Bell/Andrew McNeillie,1980
A Writer's Diary,Virginia Woolf/Leonard Woolf,2003
The Autobiography of Alice B. Toklas,Gertrude Stein,2001
Strange Fits of Passion,Anita Shreve,2005
Eden Close,Anita Shreve,2005
Where or When,Anita Shreve,2005
Body Surfing,Anita Shreve,2007
Labyrinth (Languedoc  #1),Kate Mosse,2007
Labyrinth of Evil (Star Wars: The Dark Lord Trilogy  #1),James Luceno,2005
El laberinto,Kate Mosse/Claudia Conde,2006
Spook: Science Tackles the Afterlife,Mary Roach,2006
Odd Thomas (Odd Thomas  #1),Dean Koontz,2006
Brother Odd (Odd Thomas  #3),Dean Koontz,2006
Rape: A Love Story,Joyce Carol Oates,2004
First Love: A Gothic Tale,Joyce Carol Oates/Barry Moser/Erhan Sunar,1997
The Haunted Screen: Expressionism in the German Cinema and the Influence of Max Reinhardt,Lotte H. Eisner,1974
Crucial Conversations: Tools for Talking When Stakes Are High,Kerry Patterson/Joseph Grenny/Ron McMillan/Al Switzler/Stephen R. Covey,2002
Conversations with God: An Uncommon Dialogue  Book 1,Neale Donald Walsch,1996
Conversations With God: An Uncommon Dialogue  Book 3,Neale Donald Walsch,2005
Conversations With God: An Uncommon Dialogue  Book 2,Neale Donald Walsch,2005
Naked Conversations: How Blogs Are Changing the Way Businesses Talk with Customers,Robert Scoble/Shel  Israel,2006
The Art of Civilized Conversation: A Guide to Expressing Yourself with Style and Grace,Margaret Shepherd/Penny Carter/Sharon Hogan,2005
Conversation: A History of a Declining Art,Stephen Miller,2006
Bono: In Conversation with Michka Assayas,Michka Assayas,2005
Michael Powell: Interviews,David Lazar,2003
Art and Lies,Jeanette Winterson,1996
Tanglewreck,Jeanette Winterson,2006
Weight: The Myth of Atlas and Heracles,Jeanette Winterson,2005
The Passion,Jeanette Winterson,1997
Art Objects: Essays on Ecstasy and Effrontery,Jeanette Winterson,1997
The World and Other Places: Stories,Jeanette Winterson,2000
Sexing the Cherry,Jeanette Winterson,1998
Lighthousekeeping,Jeanette Winterson,2006
Written on the Body,Jeanette Winterson,1994
I'm Telling You Stories: Jeanette Winterson and the Politics of Reading (Postmodern Studies 25),Helena Grice/Tim Woods,1998
Easy Riders  Raging Bulls: How the Sex-Drugs-And-Rock-'N'-Roll Generation Saved Hollywood,Peter Biskind,2014
It's Only a Movie  Ingrid: Encounters on and Off Screen,Alexander  Walker,1989
Portraits of Murder: 47 Short Stories Chosen by the Master of Suspense,Alfred Hitchcock/Don Tothe,2005
The Art of Alfred Hitchcock: Fifty Years of His Motion Pictures,Donald Spoto,1991
The Complete Films Of Alfred Hitchcock,Robert A. Harris/Michael S. Lasky,2002
The Mystery of the Whispering Mummy (Alfred Hitchcock and The Three Investigators  #3),Robert Arthur/Alfred Hitchcock,1985
Alfred Hitchcock and the Making of Psycho,Stephen Rebello,1998
Five Quarters of the Orange,Joanne Harris,2002
Five Quarters of the Orange,Joanne Harris,2007
Sleep  Pale Sister,Joanne Harris,2005
Blackberry Wine,Joanne Harris,2003
Gentlemen and Players,Joanne Harris,2006
Blackberry Wine,Joanne Harris,2001
The Lollipop Shoes (Chocolat  #2),Joanne Harris,2007
The French Kitchen: A Cookbook,Joanne Harris/Fran Warde,2003
Holy Madness: The Shock Tactics Radical Teachings Crazy Wise Adepts Holy Fools Rascal Gurus,Georg Feuerstein/Roger Walsh,1992
The Adventuress,Audrey Niffenegger,2006
The Time Traveler's Wife,Audrey Niffenegger/William Hope/Laurel Lefkow,2005
La mujer del viajero en el tiempo,Audrey Niffenegger/Silvia Alemany,2005
Ralph Ellison: A Biography,Arnold Rampersad,2007
The Collectors (Camel Club  #2),David Baldacci,2006
Saving Faith,David Baldacci,2000
Total Control,David Baldacci,2003
She Got Up Off the Couch: And Other Heroic Acts from Mooreland  Indiana,Haven Kimmel,2007
Orville: A Dog Story,Haven Kimmel/Robert Andrew Parker,2003
The Solace Of Leaving Early,Haven Kimmel,2003
The Used World,Haven Kimmel,2007
Something Rising,Haven Kimmel,2005
Bridge of Birds (The Chronicles of Master Li and Number Ten Ox  #1),Barry Hughart,1985
American Film Guide,Frank N. Magill,1983
Looking for God in Harry Potter,John Granger,2006
Shades of Murder (Mitchell and Markby Village  #13),Ann Granger,2001
The Complete Maus,Art Spiegelman,2003
Maus I: A Survivor's Tale: My Father Bleeds History (Maus  #1),Art Spiegelman,1991
Radical Chic & Mau-Mauing the Flak Catchers,Tom Wolfe,1999
Sorcery Rising (Fool's Gold  #1),Jude Fisher,2003
The Lord of the Rings: The Two Towers: Visual Companion,Jude Fisher/Viggo Mortensen,2002
In the Green Star's Glow (Green Star  #5),Lin Carter,1976
By the Light of the Green Star (Green Star  #3),Lin Carter,1974
The Lord of the Rings: A Reader's Companion,Wayne G. Hammond/Christina Scull,2005
The Lord of the Rings: Official Movie Guide,Brian Sibley,2001
The Two Towers (The Lord of the Rings  #2),J.R.R. Tolkien/Peter S. Beagle,2003
The Return of the King (The Lord of the Rings  #3),J.R.R. Tolkien,2003
The Lord of the Rings: The Return of the King - Visual Companion,Jude Fisher,2003
Death's Acre: Inside the Legendary Forensic Lab the Body Farm Where the Dead Do Tell Tales,William M. Bass/Jon Jefferson,2004
The Magical Worlds of Lord of the Rings: The Amazing Myths  Legends and Facts Behind the Masterpiece,David Colbert,2002
The Rough Guide to Australia 7,Margo Daly/David Leffman/Anne Dehne/Chris   Scott,2005
The Rough Guide to Vietnam,Rough Guides/Jan Dodd/Mark Lewis/Ron Emmons,2006
A Gateway to Sindarin: A Grammar of an Elvish Language from J.R.R. Tolkien's Lord of the Rings,David Salo,2004
The Return of the King (The Lord of the Rings  #3),J.R.R. Tolkien,2005
The Laughing Corpse (Anita Blake  Vampire Hunter  #2),Laurell K. Hamilton,2005
What the Corpse Revealed,Hugh    Miller,2000
Corpse: Nature  Forensics  and the Struggle to Pinpoint Time of Death,Jessica Snyder Sachs,2002
The Main Corpse (A Goldy Bear Culinary Mystery #6),Diane Mott Davidson,1997
Exquisite Corpse,Poppy Z. Brite,1997
The Return of the King (The Lord of the Rings  #3),Brian Sibley/J.R.R. Tolkien,2002
The Fellowship of the Ring (The Lord of the Rings  #1),J.R.R. Tolkien,2004
The Lord of the Rings / The Hobbit,J.R.R. Tolkien,2002
Bored of the Rings: A Parody of J.R.R. Tolkien's Lord of the Rings,The Harvard Lampoon/Henry N. Beard/Douglas C. Kenney,1993
The Return of the Shadow: The History of The Lord of the Rings  Part One (The History of Middle-Earth  #6),J.R.R. Tolkien/Christopher Tolkien,2000
Les Deux Tours (Le Seigneur des Anneaux  #2),J.R.R. Tolkien/Francis Ledoux,2001
The Lord of the Rings,J.R.R. Tolkien/Brian Sibley/Michael Bakewell/Stephen  Oliver/Ian Holm/Michael Hordern/Robert Stephens/John Le Mesurier/Peter Woodthorpe/Gerard  Murphy/Hugh Dickson/Peter Vaughan/Peter Howell,2003
The Return of the King (The Lord of the Rings  #3),J.R.R. Tolkien,2001
The Ice Storm,Rick Moody,2002
The Diviners,Rick Moody,2007
Right Livelihoods: Three Novellas,Rick Moody,2007
Black Veil: A Memoir with Digressions,Rick Moody,2002
Garden State,Rick Moody,2002
The Lord of the Rings Millennium Edition Boxed Set (The Lord of the Rings  #1-3),J.R.R. Tolkien,1999
The Twenty-Seventh City,Jonathan Franzen,2003
Stork Naked (Xanth  #30),Piers Anthony,2006
Pet Peeve (Xanth #29),Piers Anthony,2006
Up in a Heaval (Xanth #26),Piers Anthony,2003
Roc and a Hard Place (Xanth #19),Piers Anthony,1996
Swell Foop (Xanth #25),Piers Anthony,2002
Being a Green Mother (Incarnations of Immortality  #5),Piers Anthony,1989
Firefly,Piers Anthony,1992
Yon Ill Wind (Xanth #20),Piers Anthony,1997
Vision of Tarot (Tarot  #2),Piers Anthony,1987
On a Pale Horse,Piers Anthony,1984
Vale of the Vole (Xanth #10),Piers Anthony,2000
The Dastard (Xanth #24),Piers Anthony,2001
Demons Don't Dream (Xanth #16),Piers Anthony,1994
The Color of Her Panties (Xanth #15),Piers Anthony,1992
Faun & Games (Xanth #21),Piers Anthony,1997
Harpy Thyme (Xanth #17),Piers Anthony,1995
Geis of the Gargoyle (Xanth #18),Piers Anthony,1995
Three Complete Xanth Novels (Xanth  #1-3),Piers Anthony,1995
God of Tarot (Tarot  #1),Piers Anthony,1987
Faith of Tarot (Tarot  #3),Piers Anthony,1987
Unicorn Point (Apprentice Adept #6),Piers Anthony,1990
Hard Sell,Piers Anthony,1993
Var the Stick (Battle Circle  #2),Piers Anthony,1975
Xanth: The Quest for Magic (Xanth  #1-3),Piers Anthony,2002
Killobyte,Piers Anthony,1994
Fractal Mode (Mode  #2),Piers Anthony,1992
Anthonology,Piers Anthony,1986
I Maccabees,Jonathan  A. Goldstein/Anonymous,1976
II Maccabees,Anonymous/Jonathan  A. Goldstein,1983
Question Quest (Xanth #14),Piers Anthony,1991
Rings of Ice,Piers Anthony,1987
Shame of Man (Geodyssey  #2),Piers Anthony,1994
Armageddon's Children (Genesis of Shannara  #1),Terry Brooks,2006
Straken (High Druid of Shannara  #3),Terry Brooks,2006
Tanequil (High Druid of Shannara  #2),Terry Brooks,2005
The Voyage of the Jerle Shannara Trilogy (Voyage of the Jerle Shannara  #1-3),Terry Brooks,2006
The Heritage of Shannara (Heritage of Shannara  #1-4),Terry Brooks,2003
Jarka Ruus (High Druid of Shannara  #1),Terry Brooks,2005
Ilse Witch (Voyage of the Jerle Shannara #1),Terry Brooks,2000
First King of Shannara (The Original Shannara Trilogy #0),Terry Brooks,1997
The Elf Queen of Shannara (Heritage of Shannara  #3),Terry Brooks,1998
The Druids' Keep (The Sword of Shannara  #2),Terry Brooks,2003
The Elfstones of Shannara (The Original Shannara Trilogy #2),Terry Brooks,2000
In the Shadow of the Warlock Lord (The Sword of Shannara  #1),Terry Brooks,2009
Ferdydurke,Witold Gombrowicz/Danuta Borchardt,2000
Cosmos and Pornografia: Two Novels,Witold Gombrowicz/Alastair Hamilton/Eric Mosbacher,1994
Cosmos,Witold Gombrowicz/Danuta Borchardt,2005
Bacacay,Witold Gombrowicz/Bill Johnston,2006
McSweeney's #12,Dave Eggers/Roddy Doyle/McSweeney's Publishing,2003
A Midwife's Tale: The Life of Martha Ballard  Based on Her Diary  1785-1812,Laurel Thatcher Ulrich,1991
The Midwife's Apprentice,Karen Cushman,1996
Heart & Hands: A Midwife's Guide to Pregnancy & Birth,Elizabeth  Davis/Suzanne Arms,2004
A Midwife's Story,Sheryl Feldman/Penny Armstrong,2007
The Midwife's Tale,Gretchen Moran Laskas,2004
Varney's Pocket Midwife,Jan M. Kriebs/Carolyn L. Gegor,2005
McSweeney's #24,Dave Eggers/Christopher R. Howard/Jonathan Ames/Joe Meno/Eric Hanson,2007
Billy Budd  Sailor and Other Uncompleted Writings,Herman Melville,2007
Billy Budd  Sailor,Herman Melville/Harrison Hayford/Merton M. Sealts Jr.,2001
Billy Budd  Sailor,Herman Melville,2006
The Outsider,Richard Wright,2003
Native Son,Richard Wright,2005
Later Works: Black Boy (American Hunger) / The Outsider,Richard Wright/Arnold Rampersad,1991
Cyrano de Bergerac,Edmond Rostand/Eteel Lawson/Lowell Bair,2003
Cyrano de Bergerac,Edmond Rostand/Anthony Burgess,2003
The Inferno of Dante: A New Verse Translation (Bilingual Edition),Dante Alighieri/Robert Pinsky/Michael Mazur,1997
Batman: Inferno,Alexander C. Irvine,2006
Inferno (La Divina Commedia #1),Dante Alighieri/Ronald L. Martinez/Robert M. Durling/Robert Turner,1997
Dante's Inferno,Dante Alighieri/Mark Musa,1995
The Stranger Beside Me: Ted Bundy: The Shocking Inside Story,Ann Rule,2001
The Kindness of Strangers,Katrina Kittle,2007
Stranger in the Forest: On Foot Across Borneo,Eric Hansen,2000
Strangers In Paradise  Pocket Book 5,Terry Moore,2005
The Strangers in the House,Georges Simenon/P.D. James/Geoffrey Sainsbury/David Watson,2006
Wayside School Gets A Little Stranger (Wayside School  #3),Louis Sachar,2004
Strangers,Dean Koontz,2002
Strangers on a Train,Patricia Highsmith,2001
Come a Stranger (Tillerman Cycle  #5),Cynthia Voigt,1995
Exile and the Kingdom,Albert Camus/Carol Cosman/Orhan Pamuk,2007
A Happy Death,Albert Camus/Richard Howard/Jean Sarocchi,2002
Lyrical and Critical Essays,Albert Camus/Ellen Conroy Kennedy/Philip Thody,1970
Outsider,Albert Camus,1983
Caligula and Three Other Plays,Albert Camus,1966
The Possessed,Albert Camus/Justin O'Brien,1964
Caligula,Albert Camus/Pierre-Louis Rey/P. Morgan/E.T. Jones,1993
Introducing Camus,David Zane Mairowitz/Alain Korkos,1998
Notebooks  1935-1951,Albert Camus/Philip Thody/Justin O'Brien,1998
Existential Meditation,Simon Cleveland,2005
The Plague,Albert Camus/Robin Buss,2002
Le mythe de Sisyphe,Albert Camus,1985
Marvel 1602,Neil Gaiman/Andy Kubert/Richard Isanove/Peter Sanderson/Todd Klein,2006
Galapagos: A Natural History,Michael H. Jackson,1994
Ecuador & the Galapagos Islands,Danny Palmerlee/Carolyn McCarthy/Michael Grosberg/Lonely Planet,2006
Breakfast of Champions,Robert Egan/Kurt Vonnegut Jr.,2017
Seabiscuit: The Saga of a Great Champion,B.K. Beckwith/Howard Brodie/Grantland Rice,2004
One Door Away from Heaven,Dean Koontz,2002
Dark Rivers of the Heart / Sole Survivor / Intensity,Dean Koontz,2001
The Amateur Marriage,Anne Tyler,2006
El matrimonio amateur,Anne Tyler/Gemma Rovira,2006
Angel Christmas,Carole Nelson Douglas/Emma Merritt/Marilyn Campbell/Patricia Rice/Mary Balogh,1995
Sideways Stories from Wayside School (Wayside School #1),Louis Sachar/Adam McCauley,2004
Sideways,Rex Pickett,2004
Sideways Arithmetic from Wayside School (Wayside School #2.5),Louis Sachar,2004
The Sideways Guide to Wine and Life,Alexander Payne/Jim     Taylor,2005
More Sideways Arithmetic from Wayside School (Wayside School #2.6),Louis Sachar,1994
Sideways: The Shooting Script,Alexander Payne/Jim     Taylor,2004
White Man's Grave,Richard Dooling,1995
Charms for the Easy Life,Kaye Gibbons,2005
The Lovely Bones,Alice Sebold,2004
Hour Game (Sean King & Michelle Maxwell  #2),David Baldacci,2005
House of Sand and Fog,Andre Dubus III/Fontaine Dollas Dubus,1999
While I Was Gone,Sue Miller,2002
My War Gone by  I Miss It So,Anthony Loyd,2000
Will You Miss Me When I'm Gone? The Carter Family and Their Legacy in American Music,Mark Zwonitzer/Charles Hirshberg,2004
Bird Songs: Of North America,Les Beletsky/Jon L. Dunn,2006
National Geographic Field Guide to the Birds of North America,National Geographic Society/Jon L. Dunn/Jonathan Alderfer,2006
Fugitive Pieces,Anne Michaels,1998
Theories of Relativity,Barbara Haworth-Attard,2005
Relativity: The Special and the General Theory,Albert Einstein/Nigel Calder/Robert W. Lawson,2006
Relativity: The Special and the General Theory: The Masterpiece Science Edition,Albert Einstein/Roger Penrose/Robert Geroch/David C. Cassidy,2005
Mirror Mirror,Gregory Maguire,2004
Unnatural Exposure (Kay Scarpetta  #8),Patricia Cornwell,1998
Estado De Miedo,Michael Crichton,2005
Mugglenet.Com's What Will Happen in Harry Potter 7: Who Lives  Who Dies  Who Falls in Love and How Will the Adventure Finally End?,Ben Schoen/Andy Gordon/Gretchen Stull/Emerson Spartz/Jamie Lawrence,2006
Ultimate Unofficial Guide to the Mysteries of Harry Potter: Analysis of Books 1-4,Galadriel Waters/Astre Mithrandir,2003
Harrius Potter et Philosophi Lapis,J.K. Rowling/Peter Needham,2003
Harrius Potter et Camera Secretorum,J.K. Rowling/Peter Needham,2006
La historia de la familia Roccamatio de Helsinki,Yann Martel/Bianca Southwood,2007
An Instance of the Fingerpost,Iain Pears,2000
An Instance of the Fingerpost,Iain Pears,1998
Tears of the Giraffe (No. 1 Ladies' Detective Agency  #2),Alexander McCall Smith,2002
Friends  Lovers  Chocolate (Isabel Dalhousie  #2),Alexander McCall Smith,2005
The Right Attitude to Rain (Isabel Dalhousie  #3),Alexander McCall Smith,2006
The Sunday Philosophy Club (Isabel Dalhousie  #1),Alexander McCall Smith,2005
The Finer Points of Sausage Dogs (Portuguese Irregular Verbs  #2),Alexander McCall Smith,2004
Geisha: The Life  the Voices  the Art,Jodi Cobb/Ian Buruma,1998
True Believers (Gregor Demarkian  #17),Jane Haddam,2002
At First Sight (Jeremy Marsh & Lexie Darnell  #2),Nicholas Sparks,2006
The Guardian,Nicholas Sparks,2005
Wokini: A Lakota Journey to Happiness and Self-Understanding,Billy Mills/Nicholas Sparks,2003
The Notebook (The Notebook  #1),Nicholas Sparks,2004
True Believer,Nicholas Sparks,2009
The Patron Saint of Liars,Ann Patchett,2003
Because It Is Bitter  and Because It Is My Heart,Joyce Carol Oates,1991
The Female of the Species: Tales of Mystery and Suspense,Joyce Carol Oates,2007
The Falls,Joyce Carol Oates,2005
The Assignation: Stories,Joyce Carol Oates,1996
The Gravedigger's Daughter,Joyce Carol Oates,2007
Middle Age: A Romance,Joyce Carol Oates,2002
Black Water,Joyce Carol Oates,1993
Blonde,Joyce Carol Oates/Claude Seban,2002
The Museum of Dr. Moses: Tales of Mystery and Suspense,Joyce Carol Oates,2007
A Garden of Earthly Delights (Wonderland Quartet  #1),Joyce Carol Oates/Elaine Showalter,2003
Paradise Lost,John Milton/John      Leonard,2003
Paradise Lost,John Milton/Philip Pullman,2005
Paradise Lost,John Milton/Gordon Teskey,2004
Paradise (Second Opportunities  #1),Judith McNaught,2003
Last Train to Paradise: Henry Flagler and the Spectacular Rise and Fall of the Railroad that Crossed an Ocean,Les Standiford,2003
The Trouble with the Pears: An Intimate Portrait of Erzsebet Bathory,Gia Bathory Al Babel,2006
Mary Queen of Scotland and The Isles,Margaret George,1997
When the Elephants Dance,Tess Uriza Holthe,2003
A Thread of Grace,Mary Doria Russell,2005
The Piano Shop on the Left Bank: Discovering a Forgotten Passion in a Paris Atelier,Thad Carhart,2002
The Dive From Clausen's Pier,Ann Packer,2003
The Dive from Clausen's Pier,Ann Packer,2003
A Dubious Codicil,Michael Wharton,1991
The Awakening and Selected Stories,Kate Chopin/Cynthia Brantley Johnson/Alyssa  Harad,2004
Complete Novels and Stories,Kate Chopin/Sandra M. Gilbert,2002
Beowulf & Grendel: The Truth Behind England's Oldest Legend,John Grigsby,2005
Grendel: Devil by the Deed,Matt Wagner/Rich Rankin/Chris Pitzer/Diana Schutz,2007
Fuselfieber,David Sedaris/Harry Rowohlt,2002
Mi vida en rose,David Sedaris,2004
A Dance to the Music of Time: 4th Movement (A Dance to the Music of Time  #10-12),Anthony Powell,1995
Anthony Powell: A Life,Michael   Barber,2005
A Dance to the Music of Time: 1st Movement (A Dance to the Music of Time  #1-3),Anthony Powell,1995
A Dance to the Music of Time: 3rd Movement (A Dance to the Music of Time  #7-9),Anthony Powell,1995
A Dance to the Music of Time: 2nd Movement (A Dance to the Music of Time  #4-6),Anthony Powell,1995
Titan: The Life of John D. Rockefeller  Sr.,Ron Chernow,2004
Alexander Hamilton,Ron Chernow,2005
The House of Morgan: An American Banking Dynasty and the Rise of Modern Finance,Ron Chernow,2001
Ego and Hubris: The Michael Malice Story,Harvey Pekar/Gary Dumm,2006
Empire of the Senseless,Kathy Acker,1994
Great Expectations,Kathy Acker,1994
Desert Queen: The Extraordinary Life of Gertrude Bell: Adventurer  Adviser to Kings  Ally of Lawrence of Arabia,Janet Wallach,2005
Queen of the Scene,Queen Latifah/Frank Morrison,2006
The Red Queen: Sex and the Evolution of Human Nature,Matt Ridley,2003
The Sweet Potato Queens' Big-Ass Cookbook (and Financial Planner),Jill Conner Browne,2003
Dairy Queen (Dairy Queen  #1),Catherine Gilbert Murdock,2006
Sex with the Queen: 900 Years of Vile Kings  Virile Lovers  and Passionate Politics,Eleanor Herman,2006
The Boleyn Inheritance (The Plantagenet and Tudor Novels  #10),Philippa Gregory,2006
The Constant Princess (The Plantagenet and Tudor Novels  #6),Philippa Gregory,2006
The Favored Child (The Wideacre Trilogy  #2),Philippa Gregory,2003
The Virgin's Lover (The Plantagenet and Tudor Novels  #13),Philippa Gregory,2005
Virgin Earth  (Tradescant  #2),Philippa Gregory,2006
The Wise Woman,Philippa Gregory,2002
Meridon (The Wideacre Trilogy  #3),Philippa Gregory,2003
The Little House,Philippa Gregory,1998
Wideacre  (The Wideacre Trilogy  #1),Philippa Gregory,2003
You Can't Be Neutral on a Moving Train: A Personal History of Our Times,Howard Zinn,2002
Declarations of Independence: Cross-Examining American Ideology,Howard Zinn,1991
Ella Minnow Pea: A Novel in Letters,Mark Dunn,2002
Daisy Miller and Other Stories,Henry James/Jean Gooder,1998
The Turn of the Screw/Daisy Miller,Henry James,1954
The Hot Zone: The Terrifying True Story of the Origins of the Ebola Virus,Richard Preston,1999
The Hot Zone: The Chilling True Story of an Ebola Outbreak,Richard   Preston,1995
Gardening with a Wild Heart: Restoring California's Native Landscapes at Home,Judith Larner Lowry,2007
Teacher's Pet (Wild at Heart  #7),Laurie Halse Anderson,2001
Homeless (Wild at Heart  #2),Laurie Halse Anderson/Mark Salisbury,2000
Hear the Wind Blow,Mary Downing Hahn,2003
Case Histories (Jackson Brodie #1),Kate Atkinson,2005
Three Case Histories,Sigmund Freud/Philip Rieff,1996
Michael Tolliver Lives (Tales of the City  #7),Armistead Maupin,2007
Back to Barbary Lane: The Tales of the City Omnibus (Tales of the City  #4-6),Armistead Maupin,1991
The Intuitionist,Colson Whitehead,1999
John Henry Days,Colson Whitehead,2002
Why Are All The Black Kids Sitting Together in the Cafeteria?: A Psychologist Explains the Development of Racial Identity,Beverly Daniel Tatum,2003
The Custard Kid (Black Cats),Terry Deary,2001
The Magus,John Fowles,2001
The Myth of the Magus (Canto Original),Elizabeth M. Butler,1993
Cards on the Table (Hercule Poirot  #15),Agatha Christie,2005
A Murder Is Announced (Miss Marple  #5),Agatha Christie,2006
And Then There Were None,Agatha Christie,2004
Sleeping Murder (Miss Marple  #13),Agatha Christie,2003
Agatha Christie: An Autobiography,Agatha Christie/Robert Welch Herrick,2001
Murder on the Orient Express (Hercule Poirot  #10),Agatha Christie,2004
Evil Under the Sun (Hercule Poirot  #24),Agatha Christie,2006
Hallowe'en Party (Hercule Poirot  #39),Agatha Christie,2001
One  Two  Buckle My Shoe (Hercule Poirot  #23),Agatha Christie/Hugh Fraser,2004
A Caribbean Mystery,Agatha Christie/Rosalind Ayres,2006
Crooked House,Agatha Christie,2002
The Body in the Library (Miss Marple  #3),Agatha Christie,2006
Witness for the Prosecution and Selected Plays,Agatha Christie,1995
The A.B.C. Murders (Hercule Poirot  #13),Agatha Christie,2006
Partners in Crime (Tommy and Tuppence #2),Agatha Christie,2001
The Murder of Roger Ackroyd (Hercule Poirot  #4),Agatha Christie,2006
Dead Man's Folly (Hercule Poirot  #33),Agatha Christie/David Suchet,2006
Poirot's Early Cases: 18 Hercule Poirot Mysteries (Hercule Poirot  #41),Agatha Christie/Hugh Fraser/David Suchet,2005
Murder at the Vicarage (Miss Marple  #1),Agatha Christie,2006
The Listerdale Mystery And Eleven Other Stories,Agatha Christie/Hugh Fraser,2006
The Mystery of the Blue Train (Hercule Poirot  #6),Agatha Christie,2007
The Unexpected Guest: A Play In Two Acts,Agatha Christie,2010
After the Funeral,Agatha Christie,2001
Cat Among the Pigeons (Hercule Poirot  #34),Agatha Christie,2005
The Mysterious Affair at Styles (Hercule Poirot  #1),Agatha Christie,2002
Absent in the Spring and Other Novels (Mary Westmacott Omnibus  #1--Absent in the Spring  Giant's Bread  The Rose and the Yew Tree),Mary Westmacott/Agatha Christie,2001
Hercule Poirot's Christmas (Hercule Poirot  #20),Agatha Christie,2001
Black Coffee (Hercule Poirot  #45.5),Charles Osborne/Agatha Christie,1999
Hercule Poirot's Christmas: A BBC Radio 4 Full-Cast Dramatisation,Agatha Christie/Michael Bakewell/Peter Sallis/Cyril Luckham/Edward De Souza/Rachel Gurney/Nicky Henson/Deryck Guyler,2001
Murder on the Orient Express (Hercule Poirot  #10),Agatha Christie,2006
Death on the Nile (Hercule Poirot  #17),Agatha Christie,2007
Mrs. McGinty's Dead (Hercule Poirot  #30),Agatha Christie,2002
The Most of P.G. Wodehouse,P.G. Wodehouse,2000
Full Moon (Blandings Castle  #7),P.G. Wodehouse,2006
How Right You Are  Jeeves (Jeeves  #12),P.G. Wodehouse,2000
Life With Jeeves (Jeeves  #6  2  & 4),P.G. Wodehouse,1983
Spring Fever,P.G. Wodehouse,2004
Carry On  Jeeves (Jeeves  #3),P.G. Wodehouse,2003
Lord Emsworth and Others (Blandings Castle  #5.5),P.G. Wodehouse,2002
The Mating Season (Jeeves  #9),P.G. Wodehouse,2002
Thank You  Jeeves (Jeeves  #5),P.G. Wodehouse,2003
Big Money,P.G. Wodehouse,1991
Much Obliged  Jeeves,P.G. Wodehouse,2004
The Inimitable Jeeves (Jeeves  #2),P.G. Wodehouse,2000
Thank You  Jeeves,P.G. Wodehouse/Jonathan Cecil,2005
Money in the Bank,P.G. Wodehouse,2005
The Luck of the Bodkins,P.G. Wodehouse,2002
Joy in the Morning,P.G. Wodehouse/Chris Miller,1998
The Labours of Hercules (Hercule Poirot  #27),Agatha Christie/Hugh Fraser,2005
Dead Man's Folly (Hercule Poirot  #33),Agatha Christie,2008
Hercule Poirot's Casebook (Hercule Poirot  #42),Agatha Christie,1998
The Husband,Dean Koontz,2006
City of Night (Dean Koontz's Frankenstein  #2),Dean Koontz/Ed Gorman,2005
Sole Survivor,Dean Koontz,2006
Forever Odd (Odd Thomas  #2),Dean Koontz,2006
Life Expectancy,Dean Koontz,2005
The Raphael Affair (Jonathan Argyll  #1),Iain Pears,2001
The Dream of Scipio,Iain Pears,2003
Welcome to the Great Mysterious,Lorna Landvik,2002
Oh My Stars,Lorna Landvik,2006
Your Oasis on Flame Lake,Lorna Landvik,1998
Patty Jane's House of Curl,Lorna Landvik/Mechtild Sandberg-Ciletti/Mechtild Ciletti,1999
The Tall Pine Polka / Your Oasis on Flame Lake,Lorna Landvik,2005
Anne's House Of Dreams,L.M. Montgomery,2006
Poirot: The Complete Ariadne Oliver  Vol. 2,Agatha Christie,2005
The Phantom Tollbooth,Norton Juster/Jules Feiffer,2000
The Sixth Book of Lost Swords: Mindsword's Story (Lost Swords  #6),Fred Saberhagen,1991
The Fourth Book of Lost Swords: Farslayer's Story (Lost Swords  #4),Fred Saberhagen,1990
Berserkers: The Beginning (Berserkers  #1 & #5),Fred Saberhagen,1998
The Last Book of Swords: Shieldbreaker's Story (Lost Swords  #8),Fred Saberhagen,1995
Ariadne's Web (Book of the Gods  #2),Fred Saberhagen,2001
The Arms of Hercules (Book of the Gods  #3),Fred Saberhagen,2002
Berserker: Blue Death (Berserker  #8),Fred Saberhagen,1987
Daughter of Fortune,Isabel Allende/Margaret Sayers Peden,2006
My Invented Country: A Nostalgic Journey Through Chile,Isabel Allende,2003
Aphrodite: A Memoir of the Senses,Isabel Allende/Robert Shekter/Panchita Llona,1999
Of Love and Shadows,Isabel Allende/Margaret Sayers Peden,2005
Pictures by J.R.R. Tolkien,J.R.R. Tolkien/Christopher Tolkien,1992
The J.R.R. Tolkien Handbook: A Comprehensive Guide to His Life  Writings  and World of Middle-Earth,Colin Duriez/Brian Sibley,2002
Mr. Majeika and the School Trip,Humphrey Carpenter,1999
The Infinite Plan,Isabel Allende,1994
Ines of My Soul,Isabel Allende/Margaret Sayers Peden,2006
Selected Non-Fictions,Jorge Luis Borges/Suzanne Jill Levine/Esther Allen/Eliot Weinberger,2000
Ficciones,Jorge Luis Borges/Gordon Botherston/Peter Hulme,1999
Doyle Brunson's Super System,Doyle Brunson/Mike Caro/David  Reese/Joey Hawthorne/David Sklansky/Bobby Baldwin,2002
Color Drawing: Design Drawing Skills and Techniques for Architects  Landscape Architects  and Interior Designers,Michael E. Doyle,1999
The Grail: A Year Ambling & Shambling Through an Oregon Vineyard in Pursuit of the Best Pinot Noir Wine in the Whole Wild World,Brian  Doyle/Mary Miller Doyle,2006
The Coming of the Fairies,Arthur Conan Doyle/John M. Lynch,2006
Vampire Hunter D Volume 06: Pilgrimage of the Sacred and the Profane,Hideyuki Kikuchi/Yoshitaka Amano,2006
Vampire Hunter D Volume 05: The Stuff of Dreams,Hideyuki Kikuchi/Yoshitaka Amano,2006
Demon Deathchase (Vampire Hunter D  #3),Hideyuki Kikuchi/Yoshitaka Amano,2006
Vampire Hunter D Volume 04: Tale of the Dead Town,Hideyuki Kikuchi/Yoshitaka Amano,2006
Vampire Hunter D Volume 07: Mysterious Journey to the North Sea - Part One,Hideyuki Kikuchi/Yoshitaka Amano,2007
Coffin: The Art of Vampire Hunter D,Yoshitaka Amano,2006
Paradise Lost and Paradise Regained,John Milton/Christopher Ricks/Susanne Woods,2001
Paradise Lost,John Milton/Merritt Y. Hughes/David Scott Kastan,2005
Leviathan,Thomas Hobbes/Edwin M. Curley,1994
The Book of Leviathan,Peter Blegvad,2001
Democracy in America,Alexis de Tocqueville/Isaac Kramnick/Gerald Bevan,2003
Democracy in America,Alexis de Tocqueville/Harvey Mansfield/Delba Winthrop,2002
Magic Carpet Ride: The Autobiography of John Kay and Steppenwolf,John     Kay/John Einarson,1994
Steppenwolf Theatre Company : Twenty-Five Years of an Actor's Theater,Victor Skrebneski,2000
The Glass Bead Game,Hermann Hesse/Richard Winston/Clara Winston/Theodore Ziolkowski,2002
The Sorrows of Young Werther,Johann Wolfgang von Goethe/Burton Pike/Edla Valdna,2005
The Sorrows of Young Werther and Selected Writings,Johann Wolfgang von Goethe/Catherine Hutter/Marcelle Clements,2005
The Sorrows of Young Werther,Johann Wolfgang von Goethe/Nathan Haskell Dole/Thomas Carlyle/R. Dillon Boylan,2006
The Dream Master,Roger Zelazny,2010
The Queen's Necklace,Teresa Edgerton,2001
Goblin Moon (The Goblin Moon Duology #1),Teresa Edgerton,1991
The Work of the Sun (The Green Lion Trilogy #3),Teresa Edgerton,1990
The Castle of  the Silver Wheel,Teresa Edgerton,1993
China and Japan (Myths and Legends),Donald A. Mackenzie,1988
A Madman Dreams of Turing Machines,Janna Levin,2006
Turing and the Universal Machine: The Making of the Modern Computer,Jon Agar/Jon Turney,1997
Ad Infinitum... The Ghost in Turing's Machine: Taking God Out of Mathematics and Putting the Body Back In. An Essay in Corporeal Semiotics,Brian Rotman,1993
Heart of Darkness,Joseph Conrad,2006
Rocket Ship Galileo (Heinlein's Juveniles  #1),Robert A. Heinlein,2004
Tunnel in the Sky (Heinlein's Juveniles  #9),Robert A. Heinlein,2005
The Cat Who Walks Through Walls (The World As Myth),Robert A. Heinlein,1988
The Fantasies of Robert A. Heinlein,Robert A. Heinlein,2002
Citizen of the Galaxy,Robert A. Heinlein,2005
The Moon is a Harsh Mistress,Robert A. Heinlein,2005
Roverandom,J.R.R. Tolkien/Wayne G. Hammond/Christina Scull,1999
The Mysteries of Pittsburgh,Michael Chabon,2005
Summerland,Michael Chabon,2004
The Yiddish Policemen's Union,Michael Chabon,2007
The Toy Maker: The Life and Times of Inventor Frank Hornby,Anthony Mcreavy,2004
The Disappointment Artist,Jonathan Lethem,2006
The Wall of the Sky  the Wall of the Eye,Jonathan Lethem,2007
You Don't Love Me Yet,Jonathan Lethem,2007
Gun  With Occasional Music,Jonathan Lethem,2003
As She Climbed Across the Table,Jonathan Lethem,1998
Living With the Passive-Aggressive Man,Scott Wetzler,1993
Cypress Gardens (Images of America: Florida),Mary M. Flekke/Sarah E. MacDonald/Randall M. MacDonald,2006
The Organized Student: Teaching Children the Skills for Success in School and Beyond,Donna Goldberg/Jennifer Zwiebel,2005
Beach Music,Pat Conroy,2002
Der Gesang Des Meeres. Beach Music,Pat Conroy,1998
The Prince of Tides,Pat Conroy,2002
Blessings,Belva Plain,2010
Seven Complete Perry Mason Novels - The Case Of: The Foot-Loose Doll / The Glamorous Ghost / The Long-Legged Models / The Lucky Loser  The Screaming Woman / The Terrified Typist / The Waylaid Wolf,Erle Stanley Gardner,1994
The Case of the Glamorous Ghost (Perry Mason),Erle Stanley Gardner,2000
The Case of the Half-Wakened Wife,Erle Stanley Gardner,1991
I Dreamed I Married Perry Mason (A Cece Caruso Mystery  #1),Susan Kandel,2005
The Case of the Terrified Typist (Perry Mason #49),Erle Stanley Gardner,1999
The Case of the Curious Bride (Perry Mason Mystery),Erle Stanley Gardner,2000
Fragile Things: Short Fictions and Wonders,Neil Gaiman,2006
The Good Fairies of New York,Martin Millar/Neil Gaiman,2006
Smoke and Mirrors: Short Fiction and Illusions,Neil Gaiman,2005
Death: The High Cost of Living,Neil Gaiman/Chris Bachalo/Mark Buckingham/Tori Amos,1994
Stardust,Neil Gaiman,2006
The Facts in the Case of the Departure of Miss Finch,Neil Gaiman/Michael Zulli,2008
The Diagnosis,Alan Lightman,2002
The Best American Science Writing 2002,Matt Ridley/Jesse Cohen/Alan Lightman/Joseph D'Agnese,2002
The Complete Poetry,John Milton/John T. Shawcross,1971
The Complete Poems and Major Prose,John Milton/Merritt Y. Hughes,2003
The Man and the Author: John Milton: Twentieth Century Perspectives,J. Martin Evans,2002
The Major Works,John Milton/Jonathan Goldberg/Stephen Orgel,2003
Christopher and His Kind,Christopher Isherwood,2001
The Condor And The Cows: A South American Travel Diary,Christopher Isherwood/William Caskey/Jeffrey Meyers,2003
A Single Man,Christopher Isherwood,2001
Christopher et son monde  1929-1939,Christopher Isherwood,1981
The Love of the Last Tycoon,F. Scott Fitzgerald,1995
About This Life,Barry  Lopez,1999
Arctic Dreams,Barry  Lopez,2001
Field Notes: The Grace Note of the Canyon Wren,Barry  Lopez,2004
The Rediscovery of North America,Barry  Lopez,1992
Deadly Feasts: Tracking the Secrets of a Terrifying New Plague,Richard Rhodes,1998
How to Write: Advice and Reflections,Richard Rhodes,1996
John James Audubon,Richard Rhodes,2006
Masters of Death: The SS-Einsatzgruppen and the Invention of the Holocaust,Richard Rhodes,2003
A Hole in the World: An American Boyhood,Richard Rhodes,2000
The Crack-Up,F. Scott Fitzgerald/Edmund Wilson,2003
Walden & Resistance to Civil Government (Critical Edition),Owen  Thomas/William John Rossi/Henry David Thoreau/William Rossi,1992
Collected Essays and Poems,Henry David Thoreau/Elizabeth Hall Witherell,2001
The Portable Thoreau,Henry David Thoreau/Carl Bode,1977
True Harvest: Readings From Henry David Thoreau For Every Day Of The Year,Henry David Thoreau/Barry M. Andrews,2005
Civil Disobedience and Other Essays,Henry David Thoreau,2005
Walden,Henry David Thoreau,2004
Interrupted Music: The Making of Tolkien's Mythology,Verlyn Flieger,2005
The Tolkien Fan's Medieval Reader,David E. Smith (Turgon of TheOneRing.net,0
Touchy and Feely (Sissy Sawyer  #1),Graham Masterton,2007
Prey,Graham Masterton,1999
Hidden World,Graham Masterton,2003
The House That Jack Built,Graham Masterton,2000
The Riverside Milton,John Milton/Roy C. Flannagan,1998
How to Read a Poem,Terry Eagleton,2006
The Gatekeeper: A Memoir,Terry Eagleton,2003
The Ideology of the Aesthetic,Terry Eagleton,1991
Marxism and Literary Criticism,Terry Eagleton,2002
Children of God (The Sparrow  #2),Mary Doria Russell,1999
When the Lion Feeds (Courtney  #1),Wilbur Smith,2006
Birds of Prey (Courtney #9),Wilbur Smith,2003
Alberic the Wise,Norton Juster/Leonard Baskin,1992
The Hello  Goodbye Window,Norton Juster/Chris Raschka,2005
The Dot and the Line: A Romance in Lower Mathematics,Norton Juster,1977
1632,Eric Flint,2006
Marvels,Kurt Busiek/Alex Ross,2007
Marvels,Kurt Busiek/Alex Ross,2004
Spider-Man: Saga of the Sandman,Stan Lee/Roy Thomas/Tom DeFalco/Kurt Busiek/Steve Ditko/Jack Kirby/Herb Trimpe/Ross Andru,2007
Superman: Up  Up  and Away!,Kurt Busiek/Geoff Johns/Pete Woods/Renato Guedes,2006
Kingdom Come,Mark Waid/Alex Ross/Elliot S. Maggin,1997
Fantastic Four  Volume 2,Mark Waid/Mike Wieringo/Howard Porter,2005
Fantastic Four  Volume 3,Mark Waid/Mike Wieringo,2005
Underworld Unleashed,Mark Waid/Scott Peterson/Howard Porter/Dennis Janke/Phil Jimenez/J.H. Williams III/John Stokes/Mick Gray/Dan           Green,1998
Fantastic Four  Vol 5: Disassembled,Mark Waid/Paco Medina,2005
Devilish,Maureen Johnson,2006
The Devilish Pleasures of a Duke (Boscastle  #6),Jillian Hunter,2007
A Devilish Dilemma,Judith A. Lansdowne,1998
Paranoid Park,Blake Nelson,2006
13 Little Blue Envelopes (Little Blue Envelope  #1),Maureen Johnson,2010
My Ishmael (Ishmael  #3),Daniel Quinn,1998
Ishmael (Star Trek: The Original Series  #23),Barbara Hambly,1991
Flatland,Edwin A. Abbott/Rosemary Jann,2006
Flatland,Edwin A. Abbott/Ian Stewart,2002
Flatland: A Romance of Many Dimensions,Edwin A. Abbott,2006
Flatland: A Romance of Many Dimensions,Edwin A. Abbott,2004
Flatterland,Ian Stewart,2003
American Government: Continuity and Change,Karen  O'Connor/Larry J. Sabato,2005
Essentials of American Government: Continuity and Change,Karen  O'Connor/Larry J. Sabato,2005
American Government: Continuity and Change  Texas Edition,Karen  O'Connor/Larry J. Sabato,2005
Stardust of Yesterday (de Piaget  #9; de Paiget/MacLeod  #1),Lynn Kurland,2001
Moonage Daydream: The Life & Times of Ziggy Stardust,David Bowie/Mick Rock,2005
From Sawdust to Stardust: The Biography of DeForest Kelley,Terry Lee Rioux,2005
The Hitchhiker's Guide to the Galaxy (Hitchhiker's Guide  #1),Douglas Adams,2004
Coraline,Neil Gaiman/Dave McKean,2006
Jurassic Park Institute Dinosaur Field Guide,Michael K. Brett-Surman/Thomas R. Holtz Jr./Bob Walters,2001
Lost World of Agharti: The Mystery of Vril Power,Alec MacLellan,1996
I Am the Blues: The Willie Dixon Story,Willie Dixon/Don Snowden,1990
Isaac Newton,James Gleick,2004
Things Fall Apart: An Adapted Classic,Chinua Achebe,2000
The Stranger,Albert Camus/Stuart Gilbert,1954
Having Our Say: The Delany Sisters' First 100 Years,Emily Mann/Sarah L. Delany/A. Elizabeth Delany/Amy Hill Hearth,1996
Retrospective  1964-1984,H.R. Giger/Kathi Christen/Adrienne Theimer/Ernst  Fuchs,1997
Handmaid's Tale,Margaret Atwood,1994
One Day in the Life of Ivan Denisovich,Aleksandr Solzhenitsyn/H.T. Willetts,2005
The Two-Mile Time Machine: Ice Cores  Abrupt Climate Change  and Our Future,Richard B. Alley,2002
Collected Essays: Notes of a Native Son / Nobody Knows My Name / The Fire Next Time / No Name in the Street / The Devil Finds Work / Other Essays,James Baldwin/Toni Morrison,1998
Love and Louis XIV: The Women in the Life of the Sun King,Antonia Fraser,2007
Marie Antoinette: The Journey,Antonia Fraser,2002
My Antonia (Great Plains trilogy #3),Willa Cather/Alyssa  Harad,2009
The Bush Agenda: Invading the World  One Economy at a Time,Antonia Juhasz,2006
Marie Antoinette: The Journey,Antonia Fraser,2006
Don Quixote: The Ormsby Translation  Revised  Backgrounds and Sources  Criticism,Miguel de Cervantes Saavedra/John Ormsby,1980
A Tale of Two Cities,Charles Dickens/Gillen D'Arcy Wood,2004
A Yellow Raft in Blue Water,Michael Dorris,2003
The Sound and the Fury,William Faulkner,1992
The Sound and the Fury: An Authoritative Text  Backgrounds and Contexts  Criticism,William Faulkner/David Minter/Noel Polk/Ben Wasson/C. Vann Woodward/Robert Penn Warren/Richard H. King/Jean-Paul Sartre/Irving Howe/Ralph Ellison,1993
The Sound and the Fury,William Faulkner/Grover Gardner,2005
CliffsNotes on Faulkner's The Sound and the Fury (Cliffs Notes),James Lamar Roberts/William Faulkner/CliffsNotes,1963
The Invisible Man,H.G. Wells,2002
The Invisible Man,H.G. Wells,1992
Invisible Man,Ralph Ellison,1990
The Invisible Man,H.G. Wells/Christopher Priest,2005
To Sail Beyond the Sunset,Robert A. Heinlein,1987
The Friday Night Knitting Club (Friday Night Knitting Club  #1),Kate Jacobs,2007
Lady Friday (The Keys to the Kingdom  #5),Garth Nix,2007
Friday,Robert A. Heinlein,1997
Starship Troopers,Robert A. Heinlein,1987
Starship Troopers,Robert A. Heinlein,2006
Starship Troopers,Robert A. Heinlein,1997
The Diamond Color Meditation: Color Pathway to the Soul,John  Diamond,2006
Zodiac,Neal Stephenson/Jean-Pierre Pugi,2002
Sirens and Sea Monsters (Tales from the Odyssey #3),Mary Pope Osborne/Homer/Troy Howell,2003
The Scarlet Letter,Nathaniel Hawthorne,2006
Dracula,Bram Stoker/Jan Needle/Gary Blythe,2004
Dracula,Bram Stoker/Joseph Valente,2003
Dracula,Bram Stoker/Robert Whitfield,1998
The Bram Stoker Bedside Companion: 10 Stories by the Author of Dracula,Bram Stoker/Charles Osborne,1973
Dracula,Bram Stoker/Nina Auerbach/David J. Skal,1986
Macbeth,William Shakespeare/Paul Werstine/Barbara A. Mowat,2004
Macbeth (No Fear Shakespeare),William Shakespeare/SparkNotes/John Crowther,2003
Death of a Dreamer (Hamish Macbeth  #22),M.C. Beaton,2006
The Crucible,Arthur  Miller/Christopher Bigsby,2003
Crucible of War: The Seven Years' War and the Fate of Empire in British North America  1754 - 1766,Fred Anderson,2001
Spock: The Fire and the Rose (Star Trek: Crucible  #2),David R. George III,2006
McCoy: The Provenance Of Shadows (Star Trek: Crucible  #1),David R. George III,2006
Kirk: The Star to Every Wandering (Star Trek: Crucible  #3),David R. George III,2007
Mr Tompkins in Paperback (Canto),George Gamow/Roger Penrose,1993
Thirty Years that Shook Physics: The Story of Quantum Theory,George Gamow,1985
The Great Divorce,C.S. Lewis,2002
The Metaphysics of Star Trek,Richard Hanley,1997
The Very Best of the Feynman Lectures,Richard P. Feynman,2005
The Feynman Lectures on Physics Vols 3-4,Richard P. Feynman,2004
The Feynman Lectures on Physics Vols 7-8,Richard P. Feynman,2006
The Feynman Lectures on Physics Vols 5-6,Richard P. Feynman,2004
The Feynman Lectures on Physics Vol 3,Richard P. Feynman/Robert B. Leighton/Matthew L. Sands,2005
Galactic Goodnight (Disney's Little Einsteins),Susan Ring/Kirk Albert Etienne,2006
What Einstein Told His Cook: Kitchen Science Explained,Robert L. Wolke/Marlene Parrish,2002
Mission: Where's June? (Disney's Little Einstein),Susan Ring/Kirk Albert Etienne/Kirk Etienne Albert/Michael James Luzzi,2006
Babies (Baby Einstein),Julie Aigner-Clark,2002
Butterfly Suits (Disney's Little Einsteins),Marcy Kelman/Nadeem Zaidi/Andy Mastrocinque,2006
Birthday Machine (Disney's Little Einsteins Early Reader),Susan Ring/Anna Okabe,2006
Music of the Meadow (Little Einsteins Early Reader),Susan Ring/Kelly Preston/Katie Nix,2006
1912 Manuscript on the Special Theory of Relativity,Albert Einstein/Hanoch Gutfreund,2004
Piercing the Darkness (Darkness  #2),Frank E. Peretti,2003
This Present Darkness (Darkness  #1),Frank E. Peretti,2003
The Oath,Frank E. Peretti,2005
Oath of Swords (War God  #1),David Weber,2006
Oath of Gold (The Deed of Paksenarrion  #3),Elizabeth Moon,1989
The Oath (Dismas Hardy  #8),John Lescroart,2003
Wind Rider's Oath (War God  #3),David Weber,2005
A Visitation of Spirits,Randall Kenan,2000
Open My Eyes  Lord: A Practical Guide to Angelic Visitations and Heavenly Experiences,Gary Oates/Robert Paul Lamb/Randy Clark,2004
The Complete C.S. Lewis Signature Classics,C.S. Lewis,2007
The Collected Letters of C.S. Lewis  Volume 3: Narnia  Cambridge  and Joy  1950 - 1963,C.S. Lewis/Walter Hooper,2007
Till We Have Faces: A Myth Retold,C.S. Lewis/Nadia May,2000
The Demon-Haunted World: Science as a Candle in the Dark,Carl Sagan/Ann Druyan,1997
Stephen Hawking's a Brief History of Time: A Reader's Companion,Stephen Hawking/Gene  Stone,1992
The Illustrated A Brief History of Time,Stephen Hawking,1997
A First Course in String Theory,Barton Zwiebach,2004
Black Holes & Time Warps: Einstein's Outrageous Legacy,Kip S. Thorne/Stephen Hawking/Frederick Seitz,1995
Surely You're Joking  Mr. Feynman!,Richard P. Feynman,2006
Surely You're Joking  Mr. Feynman!: Adventures of a Curious Character,Richard P. Feynman/Raymond Todd,1997
The Meaning of It All: Thoughts of a Citizen-Scientist,Richard P. Feynman,2005
Amor Y Respeto/love And Respect: El Respeto Que El Desesperadamente Necesita/ The Love She Most Desires And The Respect He Desperately Needs,Emerson Eggerichs,2005
Chemistry: The Central Science,Theodore L. Brown/H. Eugene LeMay Jr./Bruce E. Bursten,2002
Introduction to Linear Algebra and Differential Equations,John W. Dettman,1986
Physics for Scientists and Engineers,Douglas C. Giancoli,2000
Physics: for Scientists and Engineers with Modern Physics,Paul M. Fishbane/Stephen Gasiorowicz/Stephen T. Thornton,2004
Misty of Chincoteague (Misty  #1),Marguerite Henry/Wesley Dennis,2006
Black Beauty,Anna Sewell/Scott McKowen,2004
Black Beauty (Coloring Book),Anna Sewell/John         Green,1996
Five on a Treasure Island (Famous Five  #1),Enid Blyton,2001
The Secret Seven (The Secret Seven  #1),Enid Blyton,2006
The Circus of Adventure,Enid Blyton,1975
La gata perdida = The Missing Cat (Las Aventuras de Nicolas = Adventures with Nicholas),Chris L. Demarest/Berlitz Publishing Company,2006
La Chatte Perdue = The Missing Cat (Les Aventures avec Nicolas = Adventures with Nicholas),Chris L. Demarest,2006
The Mystery of the Missing Cat,Gertrude Chandler Warner/Charles Tang,1994
Die Verschwundene Katze = The Missing Cat,Chris L. Demarest,1996
The Trolley Car Family,Eleanor Clymer/Ursula Koering,1987
Rose in Bloom (Eight Cousins  #2),Louisa May Alcott,1995
The Quiet Little Woman: A Christmas Story,Louisa May Alcott/C. Michael Dudash/Stephen W. Hines,2009
Louisa May Alcott on Race  Sex  and Slavery,Louisa May Alcott/Sarah Elbert,1997
An Old-Fashioned Thanksgiving,Louisa May Alcott/James Bernardin,2005
Moods,Louisa May Alcott,1991
The Girlhood Diary of Louisa May Alcott  1843-1846: Writings of a Young Author,Louisa May Alcott/Kerry A. Graves,2000
These Happy Golden Years (Little House  #8),Laura Ingalls Wilder/Garth Williams,1971
Pioneer Girl: The Story of Laura Ingalls Wilder,William   Anderson/Dan Andreasen,2000
The Norton Anthology of Short Fiction,Richard Bausch,2006
Red  White  and Black: The Peoples of Early North America,Gary B. Nash,1999
Homemade Love,bell hooks/Shane W. Evans,2002
The Will to Change: Men  Masculinity  and Love,bell hooks,2004
Killing Rage: Ending Racism,bell hooks,1996
Where We Stand: Class Matters,bell hooks,2000
All About Love: New Visions,bell hooks,1999
Everybody Was Kung Fu Fighting: Afro-Asian Connections and the Myth of Cultural Purity,Vijay Prashad,2002
The Darker Nations: A People's History of the Third World,Vijay Prashad/Howard Zinn,2007
The Karma Of Brown Folk,Vijay Prashad,2001
The Negro,W.E.B. Du Bois/Robert Gregg,2001
Democracy Matters: Winning the Fight Against Imperialism,Cornel West,2004
Tyranny of the Majority: Fundamental Fairness in Representative Democracy,Lani Guinier/Stephen L. Carter,1995
More Readings From One Man's Wilderness: The Journals of Richard L. Proenneke  1974-1980,Richard Proenneke/John Branson,2006
The Guardship (Thomas Marlowe  #1),James L. Nelson,2000
Before We Were Free,Julia Alvarez,2004
Moral Disorder and Other Stories,Margaret Atwood,2006
The Penelopiad,Margaret Atwood/Laurel Merlington,2005
The Tent,Margaret Atwood,2006
The Robber Bride,Margaret Atwood,1998
The Moth Diaries,Rachel Klein,2004
Trauma,Graham Masterton,2002
Liars and Saints,Maile Meloy,2004
The Anthropology of Turquoise: Reflections on Desert  Sea  Stone  and Sky,Ellen Meloy,2003
Eating Stone: Imagination and the Loss of the Wild,Ellen Meloy,2006
Writing the Qualitative Dissertation: Understanding by Doing,Judith M. Meloy,2001
The Dead Beat: Lost Souls  Lucky Stiffs  and the Perverse Pleasures of Obituaries,Marilyn Johnson,2007
Dead Beat (The Dresden Files  #7),Jim Butcher,2006
Diaries  1910-1923,Franz Kafka/Max Brod/Joseph Kresh/Martin Greenberg,2009
The Metamorphosis,Franz Kafka,2004
The Metamorphosis  In the Penal Colony  and Other Stories: The Great Short Works of Franz Kafka,Franz Kafka,2000
The Trial,Franz Kafka/Max Brod/Willa Muir/Edwin Muir,2001
Franz Kafka: The Complete Stories,Franz Kafka/Nabum N. Glazer/John Updike,1987
The Trial,Franz Kafka/Breon Mitchell/Arthur H. Samuelson,1999
Collected Shorter Fiction: Volume I,Leo Tolstoy/Aylmer Maude/Nigel J. Cooper,2001
The Cossacks,Leo Tolstoy/Peter Constantine/Cynthia Ozick,2006
More Adventures of the Great Brain (Great Brain  #2),John D. Fitzgerald/Mercer Mayer,2004
The Dirt: Confessions of the World's Most Notorious Rock Band,Neil Strauss/Vince Neil/Nikki Sixx/Tommy Lee/Mick Mars,2001
The Hitchhiker's Guide to the Galaxy (Hitchhiker's Guide to the Galaxy  #1),Douglas Adams,1991
Alice's Adventures in Wonderland & Through the Looking-Glass,Lewis Carroll/John Tenniel,1984
The Awakening,Kate Chopin/Margo Culley,1993
Go Down  Moses,William Faulkner,1991
The Books of Magic,Neil Gaiman/John Bolton/Scott Hampton/Charles Vess/Paul Johnson/Roger Zelazny,1993
The House of Mirth,Edith Wharton/Nina Bawden,2006
House of Mirth,Edith Wharton,2008
The House of Mirth,Edith Wharton/Jeffrey Meyers,2003
Light (Kefahuchi Tract  #1),M. John Harrison,2004
Beautiful Evidence,Edward R. Tufte,2006
The Cognitive Style of PowerPoint: Pitching Out Corrupts Within,Edward R. Tufte,2006
Master and Commander (Aubrey/Maturin Book 1),Patrick O'Brian,2004
Post Captain (Aubrey/Maturin Book 2),Patrick O'Brian,1972
Gefahr im Roten Meer (Treason's Harbour) (Aubrey/Maturin Book 9),Patrick O'Brian,2002
In the Heart of the Sea: The Tragedy of the Whaleship Essex,Nathaniel Philbrick,2001
Heart of the Sea (Gallaghers of Ardmore  #3),Nora Roberts,2000
Banvard's Folly: Thirteen Tales of People Who Didn't Change the World,Paul  Collins,2002
Fads and Fallacies in the Name of Science,Martin Gardner,1957
South of the Border  West of the Sun,Haruki Murakami/Philip Gabriel,2006
Dance Dance Dance,Haruki Murakami,2002
After Dark,Haruki Murakami/Jay Rubin,2007
Vintage Murakami,Haruki Murakami,2004
Gravitation #2,Maki Murakami,2004
The Master and Margarita,Mikhail Bulgakov/Michael Karpelson,2006
Bulgakov's the Master and Margarita: The Text as a Cipher,Elena N. Mahlow,1975
Foucault's Pendulum,Umberto Eco/William Weaver,2007
Pendulum: Leon Foucault and the Triumph of Science,Amir D. Aczel,2004
The House of Mirth,Edith Wharton/Jeffrey Meyers,2004
The House of Mirth,Edith Wharton/R.W.B. Lewis,1977
The Family Trade (The Merchant Princes  #1),Charles Stross,2005
Toast  and Other Stories,Charles Stross,2005
Accelerando,Charles Stross,2006
Glasshouse,Charles Stross,2006
The Hidden Family (The Merchant Princes  #2),Charles Stross,2006
Lobsters,Charles Stross/Shandra Marie/Jared Doreck,2005
Antibodies,Charles Stross/Shandra Marie/Jared Doreck,2005
Notes from Underground  White Nights  The Dream of a Ridiculous Man  and Selections from The House of the Dead,Fyodor Dostoyevsky/Andrew R. MacAndrew/Ben Marcus,2004
The House of the Dead,Fyodor Dostoyevsky/Ergin Altay,2004
The Village of Stepanchikovo,Fyodor Dostoyevsky/Ignat Avsey,2001
Crime and Punishment,Fyodor Dostoyevsky/Larissa Volokhonsky/Richard Pevear,1993
The Gambler,Fyodor Dostoyevsky/Jonathan Franzen,2005
Notes from Underground & The Double,Fyodor Dostoyevsky/Jessie Coulson,1972
Notes from Underground & A Confession (Everyman's Library),A.D.P. Briggs/Leo Tolstoy/Fyodor Dostoyevsky,1994
The Gambler/Bobok/A Nasty Story,Fyodor Dostoyevsky/Jessie Coulson,1966
The Idiot,Fyodor Dostoyevsky/Constance Garnett,2003
Netochka Nezvanova,Fyodor Dostoyevsky/Jane Kentish,1985
Plays 5: Arcadia / The Real Thing / Night and Day / Indian Ink / Hapgood,Tom Stoppard,2000
Rock 'n' Roll,Tom Stoppard,2007
The Real Thing,Tom Stoppard,2000
Arcadia,Tom Stoppard,1995
Plays 1: The Real Inspector Hound / After Magritte / Dirty Linen / New-Found-Land / Dogg's Hamlet  Cahoot's Macbeth,Tom Stoppard,1996
Every Good Boy Deserves Favor & Professional Foul,Tom Stoppard,1994
Lord Malquist and Mr. Moon,Tom Stoppard,2006
The Gunslinger (The Dark Tower #1),Stephen King,1989
Everything and Nothing,Jorge Luis Borges/Eliot Weinberger/John M. Fein/James E. Irby/Donald A. Yates,1999
Seven Nights,Jorge Luis Borges/Eliot Weinberger,1985
Museo: Textos Ineditos,Adolfo Bioy Casares,2002
Collected Fictions,Jorge Luis Borges/Andrew Hurley,1999
The Eternal Frontier: An Ecological History of North America and Its Peoples,Tim Flannery,2002
Hope Springs Eternal (Prairie River  #4),Kristiana Gregory,2005
The Ancestor's Tale: A Pilgrimage to the Dawn of Evolution,Richard Dawkins,2005
The Reverse of the Medal (Aubrey & Maturin #11),Patrick O'Brian,2010
The Reverse of the Medal (Aubrey/Maturin  #11),Patrick O'Brian/Simon Vance,2006
Teleny or the Reverse of the Medal,Oscar Wilde,2006
The Code Book: The Science of Secrecy from Ancient Egypt to Quantum Cryptography,Simon Singh,2000
The Eternity Code (Artemis Fowl  #3),Eoin Colfer,2005
How I Became a Pirate,Melinda Long/David Shannon,2003
The Pirate Dictionary,Terry Breverton,2004
Mulliner Nights (Mr. Mulliner  #3),P.G. Wodehouse,2005
Life at Blandings,P.G. Wodehouse,1988
Jill the Reckless,P.G. Wodehouse,2005
The Code of the Woosters: Jeeves to the Rescue,P.G. Wodehouse/Jonathan Cecil,2006
P.G. Wodehouse in His Own Words,P.G. Wodehouse/Tony Ring/Barry Day,2003
Jeeves and the Mating Season (Jeeves  #9),P.G. Wodehouse/Jonathan Cecil,2003
Something Fresh (Blandings Castle  #1),P.G. Wodehouse,2005
The Clicking of Cuthbert,P.G. Wodehouse,2006
Ring for Jeeves (Jeeves  #10),P.G. Wodehouse,2004
Ukridge,P.G. Wodehouse,2003
Jeeves and the Tie That Binds (Jeeves  #14),P.G. Wodehouse,2000
Right Ho  Jeeves (Jeeves  #6),P.G. Wodehouse,2006
Blandings Castle (Blandings Castle  #3),P.G. Wodehouse,2002
Mr. Mulliner Speaking,P.G. Wodehouse,2005
Laughing Gas,P.G. Wodehouse,2002
The Adventures of Sally,P.G. Wodehouse,2008
Meet Mr. Mulliner,P.G. Wodehouse,2002
Eggs  Beans  and Crumpets,P.G. Wodehouse,2000
A Damsel in Distress,P.G. Wodehouse,2006
Uncle Fred in the Springtime (Blandings Castle  #6),P.G. Wodehouse,2004
The Best of Wodehouse: An Anthology,P.G. Wodehouse/John Mortimer,2007
The World of Mr. Mulliner,P.G. Wodehouse,1999
Cocktail Time,P.G. Wodehouse,2004
The Waste Lands (The Dark Tower #3),Stephen King/Ned Dameron,1993
Jeeves in the Offing (Jeeves  #12),P.G. Wodehouse,2002
Jeeves and The Feudal Spirit (Jeeves  #11),P.G. Wodehouse,2001
Piccadilly Jim,P.G. Wodehouse,2004
Joy in the Morning (Jeeves  #8),P.G. Wodehouse,2002
The Mating Season (Jeeves  #9),P.G. Wodehouse,2001
Indiscretions of Archie,P.G. Wodehouse,2000
The Subtle Knife (His Dark Materials  #2),Philip Pullman,2003
The Amber Spyglass  (His Dark Materials  #3),Philip Pullman,2003
The Eyes of the Dragon,Stephen King/David Palladini,1987
Lolita,Vladimir Nabokov/John Ray Jr.,1997
Romeo and Juliet,William Shakespeare/Paul Werstine/Barbara A. Mowat,2004
Romeo and Juliet,William Shakespeare/Rex Gibson,2005
Romeo and Juliet,William Shakespeare/Michael Sheen/Kate Beckinsale/Fiona  Shaw/Norman Rodway,1997
Ohio Class (Silent Service #5),H. Jay Riker,2006
Seawolf Class (Silent Service #3),H. Jay Riker,2002
The Art of Deception: Controlling the Human Element of Security,Kevin D. Mitnick/William L. Simon/Steve Wozniak,2003
Hardball: Are You Playing to Play or Playing to Win?,George Stalk Jr./Rob Lachenauer/Robert Lachenauer/John  Butman,2004
A Theory of Fun for Game Design,Raph Koster/Will Wright,2004
The Complete Theory Fun Factory: Music Theory Puzzles and Games for the Early Grades,Ian        Martin/Katie Elliott,2004
Bachelor Brothers' Bed & Breakfast Pillow Book,Bill Richardson,1998
Jacques the Fatalist,Denis Diderot/David Coward,1999
Jacques der Fatalist und sein Herr,Denis Diderot,1972
Pictorial Encyclopedia of Trades and Industry  Vol 1,Denis Diderot/Charles Coulston Gillispie,1993
Rameau's Nephew / D'Alembert's Dream,Denis Diderot/Leonard Tancock,1976
Theory of Colours,Johann Wolfgang von Goethe/Deane B. Judd,1970
Maxims and Reflections,Johann Wolfgang von Goethe/Peter Hutchinson/Elisabeth Stopp,1999
War and Peace,Leo Tolstoy,1999
War and Peace,Leo Tolstoy/Anthony Briggs/Orlando Figes,2006
A Savage War of Peace: Algeria  1954-1962,Alistair Horne,2006
War and Peace,Leo Tolstoy/Constance Garnett/A.N. Wilson,2002
War and Peace,Leo Tolstoy/Orlando Figes/Anthony Briggs,2006
War and Peace and War: The Rise and Fall of Empires,Peter Turchin,2007
Great Expectations,Charles Dickens,1994
Great Expectations,Charles Dickens/Linda Jennings,1995
Oliver Twist,Charles Dickens,2002
Oliver Twist,Charles Dickens/Fred Kaplan,1992
Oliver Twist,Charles Dickens/George Cruikshank/Jill Muller,2004
The Nibelungenlied,Unknown/A.T. Hatto,2004
Beyond Good and Evil: Prelude to a Philosophy of the Future,Friedrich Nietzsche/Walter Kaufmann,1989
Phenomenology of Perception,Maurice Merleau-Ponty/Colin Smith,2005
Introduction to Phenomenology,Dermot Moran,2000
Introduction to Phenomenology,Robert Sokolowski,2000
The Basic Problems of Phenomenology (Studies in Phenomenology & Existential Philosophy),Martin Heidegger/Albert Hofstadter,1988
The Phenomenology of Mind  Volume II,Georg Wilhelm Friedrich Hegel/James Black Baillie,2006
Experimental Phenomenology: An Introduction,Don Ihde,1986
Critique of Pure Reason,Immanuel Kant/J.M.D. Meiklejohn,2003
Critique of Pure Reason,Immanuel Kant/Paul Guyer/Allen W. Wood,1999
Critique of Pure Reason,Immanuel Kant/Werner S. Pluhar/Patricia Kitcher/James W. Ellington,1996
Critique of Pure Reason (Studies in the History of Philosophy),Immanuel Kant/Humphrey Palmer,1992
The Anime Encyclopedia: A Guide to Japanese Animation Since 1917,Jonathan Clements/Helen McCarthy,2006
Unpublished Writings from the Period of Unfashionable Observations (Complete Works 11),Friedrich Nietzsche/Richard T. Gray,2000
Thus Spake Zarathustra: A Book for All and None,Friedrich Nietzsche,2006
The Picture of Dorian Gray,Oscar Wilde,2005
The Picture of Dorian Gray,Oscar Wilde,2005
Haussmann  or the Distinction,Paul La Farge,2002
The Artist of the Missing,Paul La Farge/Stephen Alcorn,1999
Reluctant Runaway (To Catch a Thief #2),Jill Elizabeth Nelson,2007
Kentucky Straight: Stories,Chris Offutt,1992
Out of the Woods,Chris Offutt,2000
No Heroes: A Memoir of Coming Home,Chris Offutt,2003
The Castle Keeps,Andrew J. Offutt,1972
Conan: Sword of Skelos,Andrew J. Offutt,2002
Flowers for Algernon,Daniel Keyes,2005
Flowers for Algernon,Daniel Keyes,1989
Algernon  Charlie  and I: A Writer's Journey: Plus the Complete Original Short Novelette Version of Flowers for Algernon,Daniel Keyes,2004
The Death of Ivan Ilyich and Other Stories,Leo Tolstoy,2004
The Death of Ivan Ilych & Other Stories,Leo Tolstoy,2003
The Lost Years of Merlin,T.A. Barron,2002
The Mirror of Merlin,T.A. Barron,2002
The Wings of Merlin,T.A. Barron,2003
El Club Dante,Matthew Pearl/Vicente Villacampa,2006
El club Dante,Matthew Pearl/Vicente Villacampa,2004
Gone with the Wind,Margaret Mitchell,1999
The Wind Done Gone,Alice Randall,2002
Utopia,Thomas More/Clarence H. Miller,2001
Utopia,Thomas More/Paul Turner,2003
The Kissing Hand,Audrey Penn/Ruth E. Harper/Nancy M. Leak,1993
Hands of Light: A Guide to Healing Through the Human Energy Field,Barbara Ann Brennan/Jos. A. Smith,1990
Gifted Hands: The Ben Carson Story,Ben Carson/Cecil Murphey,1996
In the Name of Love and Other True Cases (Crime Files  #4),Ann Rule,1998
The Rule of Four,Ian Caldwell/Dustin Thomason,2005
The Real Rule of Four: The Unauthorized Guide to the New York Times #1 Bestseller,Joscelyn Godwin,2005
Time For Kids: Butterflies!,David Bjerklie,2006
Macbeth,William Shakespeare/Robert S. Miola/Janet Adelman/Stephen Orgel/Peter Holland,2003
Macbeth,William Shakespeare/Kenneth Muir,1997
Macbeth,William Shakespeare/Roma Gill,2005
Death of a Celebrity (Hamish Macbeth  #17),M.C. Beaton,2003
The Best of the Journal of Irreproducible Results,George H. Scherr/Richard Liebmann-Smith,1989
The Spy Who Loved Me (James Bond  #10),Ian Fleming,2003
Frankenstein Makes a Sandwich,Adam Rex,2006
Frankenstein  or the Modern Prometheus,Mary Wollstonecraft Shelley/Margaret Brantley,2004
Frankenstein,Mary Wollstonecraft Shelley/J. Paul Hunter,1995
Mary Shelley: Her Life  Her Fiction  Her Monsters,Anne K. Mellor,1989
The Faerie Queene: Books I to III,Edmund Spenser/Douglas Brooks-Davies,1993
The Faerie Queene,Edmund Spenser,2001
To the Lighthouse,Virginia Woolf/Eudora Welty,1989
The Diary of Virginia Woolf  Volume One: 1915-1919,Virginia Woolf/Anne Olivier Bell/Quentin Bell,1979
The Diary of Virginia Woolf  Volume Five: 1936-1941,Virginia Woolf/Anne Olivier Bell/Andrew McNeillie,1985
The Diary of Virginia Woolf  Volume Three: 1925-1930,Virginia Woolf/Anne Olivier Bell/Andrew McNeillie,1981
A Room of One's Own,Virginia Woolf,2000
Dr. Faustus,Christopher Marlowe,1994
The Complete Plays,Christopher Marlowe/Robert Lindsey/Frank Romany,2003
Doctor Faustus and Other Plays,Christopher Marlowe/Eric Rasmussen/David Bevington,1998
Cyrano de Bergerac,Edmond Rostand/Brian Hooker/Walter Hampden,1950
Rosencrantz and Guildenstern Are Dead,Tom Stoppard,1994
King Lear,William Shakespeare/Stanley Wells,2001
King Lear  Macbeth  Indefinition  and Tragedy,Stephen  Booth,2002
A Break with Charity: A Story about the Salem Witch Trials,Ann Rinaldi,2003
A Break With Charity: A Story of the Salem Witch Trials,Ann Rinaldi,1994
The Cay (The Cay  #1),Theodore Taylor,2003
The Queen of Whale Cay: The Eccentric Story of 'Joe' Carstairs  Fastest Woman on Water,Kate Summerscale/Joe Carstairs,1999
Everest: Mountain Without Mercy,Broughton Coburn/David Breashears/Tim Cahill,2003
The Summit (Everest  #3),Gordon Korman,2002
Everest: Expedition to the Ultimate,Reinhold Messner,1999
Everything on a Waffle (Coal Harbour #1),Polly Horvath,2004
Summer of my German Soldier,Bette Greene,2006
Hamlet (Oxford Bookworms Library: Stage 2),Alistair McCallum/William Shakespeare,2005
By Myself and Then Some,Lauren Bacall,2006
Touching the Void: The True Story of One Man's Miraculous Survival,Joe Simpson,2004
The Mercy of Thin Air,Ronlyn Domingue,2006
Thin Air (Spenser  #22),Robert B. Parker/David Dukes,1996
Princess Sultana's Daughters,Jean Sasson,1994
The State of the Art,Iain M. Banks,2005
Excession (Culture  #5),Iain M. Banks,1996
The Player of Games (Culture  #2),Iain M. Banks,1997
Feersum Endjinn,Iain M. Banks,1995
Use of Weapons,Iain M. Banks,1992
Le Sens du vent,Iain M. Banks,2002
Two Girls  Fat and Thin,Mary Gaitskill,1998
Three Novels & Five Short Stories,Daphne du Maurier,1988
Galileo's Daughter: A Historical Memoir of Science  Faith and Love,Dava Sobel,2000
Galileo's Daughter,Dava Sobel,2000
Shop in the Name of Love (The Cheetah Girls #2),Deborah Gregory/Paul Mantell,1999
Shopgirl,Steve Martin,2000
The Secret Garden: Talking Beetles and Signaling Trees: The Hidden Ways Gardens Communicate,David Bodanis,1993
E=mc2: A Biography of the World's Most Famous Equation,David Bodanis/Ralph L. Fowler,2000
The Botany of Desire: A Plant's Eye View of the World,Michael Pollan,2006
Meeting God at Every Turn,Catherine Marshall,2002
My Life,Bill Clinton,2004
My Life  Volume I: The Early Years,Bill Clinton,2005
Murder on the Yellow Brick Road (Toby Peters  #2),Stuart M. Kaminsky,2000
Down the Yellow Brick Road:The Making of The Wizard of Oz,Doug McClelland/Ted Sennett,1976
Alentejo Blue,Monica Ali,2006
Brick Lane,Monica Ali,2004
No Ordinary Time: Franklin and Eleanor Roosevelt: The Home Front in World War II,Doris Kearns Goodwin,1995
Going to Pieces Without Falling Apart: A Buddhist Perspective on Wholeness,Mark Epstein/Charlie Conrad,1999
One More For The Road,Ray Bradbury,2003
Female Chauvinist Pigs: Women and the Rise of Raunch Culture,Ariel Levy,2006
Half of a Yellow Sun,Chimamanda Ngozi Adichie,2006
Beauty's Punishment (Sleeping Beauty  #2),A.N. Roquelaure/Anne Rice,1999
The World's Last Night: And Other Essays,C.S. Lewis,2002
Last Night: Stories,James Salter,2006
The Last Night of Ballyhoo,Alfred Uhry,1997
Civilization and Its Discontents,Sigmund Freud/Louis Menand,2005
Civilization and Its Discontents,Sigmund Freud/James Strachey,1961
I  Claudius (Claudius  #1),Robert Graves,1989
The Modern Mind: An Intellectual History of the 20th Century,Peter Watson,2002
Origins of the Modern Mind: Three Stages in the Evolution of Culture and Cognition,Merlin Donald,1993
Beyond the Post-Modern Mind: The Place of Meaning in a Global Civilization,Huston Smith,2003
Sanctuary,William Faulkner,1993
The Portable Faulkner,William Faulkner/Malcolm Cowley,2003
One Matchless Time: A Life of William Faulkner,Jay Parini,2005
The Guermantes Way (In Search of Lost Time  #3),Marcel Proust/C.K. Scott Moncrieff/Terence Kilmartin/D.J. Enright,1998
The Guermantes Way  (In Search of Lost Time  #3),Marcel Proust/Mark Treharne/Christopher Prendergast,2005
Sodom and Gomorrah (In Search of Lost Time  #4),Marcel Proust/Christopher Prendergast/John Sturrock,2005
In Search of Lost Time  Vol. 2: Within a Budding Grove  Part 2 & The Guermantes' Way,Marcel Proust/C.K. Scott Moncrieff/Terence Kilmartin,2001
The Captive & The Fugitive (In Search of Lost Time  #5-6),Marcel Proust/C.K. Scott Moncrieff/Terence Kilmartin/D.J. Enright,1999
Finding Time Again (In Search of Lost Time #7),Marcel Proust/Ian Patterson/Christopher Prendergast,2003
Dostoevsky: The Mantle of the Prophet  1871-1881,Joseph Frank,2003
Dostoevsky,Richard Freeborn,2005
Dostoevsky: The Stir of Liberation  1860-1865,Joseph Frank,1988
Dostoevsky  Kierkegaard  Nietzsche and Kafka,William Hubben,1997
Problems of Dostoevsky's Poetics,Mikhail Bakhtin/Caryl Emerson,1984
Dostoevsky: The Years of Ordeal  1850-1859,Joseph Frank,1987
The Possessed,Fyodor Dostoyevsky/Constance Garnett/Elizabeth Dalton,2005
The Idiot,Fyodor Dostoyevsky/Constance Garnett/Joseph Frank,2005
Money,Martin Amis,2005
House of Meetings,Martin Amis,2007
The Rachel Papers,Martin Amis,1992
Yellow Dog,Martin Amis,2005
Success,Martin Amis,1991
Koba the Dread: Laughter and the Twenty Million,Martin Amis,2003
Dead Babies,Martin Amis,1991
Beginning Again: An Autobiography of The Years 1911 to 1918,Leonard Woolf,1989
Virginia Woolf: A Biography,Quentin Bell,1974
Cliffs Notes on Woolf's Mrs. Dalloway,Gary K. Carey,2003
Orlando,Virginia Woolf,2000
The Common Reader,Virginia Woolf/Andrew McNeillie,2002
A Room of One's Own,Virginia Woolf/Mark Hussey/Susan Gubar,2005
Flush,Virginia Woolf/Trekkie Ritchie,1976
Virginia Woolf,Hermione Lee,1999
The Letters of Virginia Woolf: Volume Six  1936-1941,Virginia Woolf/Nigel Nicolson/Joanne Trautmann,1982
On Being Ill,Virginia Woolf/Hermione Lee,2002
The Years,Virginia Woolf,2002
The Letters of Virginia Woolf: Volume Four  1929-1931,Virginia Woolf/Nigel Nicolson/Joanne Trautmann,1981
Three Guineas,Virginia Woolf/Mark Hussey/Jane Marcus,2006
The Little Red Lighthouse and the Great Gray Bridge,Hildegarde Hoyt Swift/Lynd Ward,2003
The Eagle (The Lighthouse Family  #3),Cynthia Rylant/Preston McDaniels,2005
The Storm (The Lighthouse Family  #1),Cynthia Rylant/Preston McDaniels,2003
The Art of Maurice Sendak,Selma G. Lanes,1998
The Poet  the Warrior  the Prophet,Rubem A. Alves,2002
The Warrior Prophet (The Prince of Nothing  #2),R. Scott Bakker,2005
The Belgariad  Vol. 1: Pawn of Prophecy / Queen of Sorcery / Magician's Gambit (The Belgariad  #1-3),David Eddings,2002
The Belgariad  Vol. Two: Castle of Wizardry / Enchanters' End Game (The Belgariad  #4-5),David Eddings,2002
The Younger Gods (The Dreamers  #4),David Eddings/Leigh Eddings,2007
The Malloreon  Vol. 1: Guardians of the West / King of the Murgos / Demon Lord of Karanda (The Malloreon  #1-3),David Eddings,2005
The Malloreon  Vol. 2: Sorceress of Darshiva / The Seeress of Kell (The Malloreon  #4-5),David Eddings,2005
Polgara the Sorceress,David Eddings/Leigh Eddings,1998
Mistress of Magic (The Mists of Avalon  #1),Marion Zimmer Bradley/Davina Porter,1993
The Forest House (Avalon  #2),Marion Zimmer Bradley/Diana L. Paxson,1995
Book of Nightmares (Diadem  Worlds of Magic  #6),John Peel,2005
The Nightmare Room: The Nightmare Begins! (The Nightmare Room  #1-3),R.L. Stine,2005
Zizek: A Critical Introduction,Sarah   Kay,2003
Marcovaldo,Italo Calvino/William Weaver,1983
The Uses of Literature,Italo Calvino/Patrick Creagh,1987
Please Stop Laughing at Me... One Woman's Inspirational Story,Jodee Blanco,2003
In the Beginning...Was the Command Line,Neal Stephenson,1999
The Extraordinary Cases of Sherlock Holmes,Arthur Conan Doyle,1994
Confessions of an Ugly Stepsister,Gregory Maguire,2000
Jane Austen For Dummies,Joan Elizabeth Klingel Ray,2006
The Rediscovery of Man,Cordwainer Smith,1999
Homicide: A Year on the Killing Streets,David Simon,2006
The Corner: A Year in the Life of an Inner-City Neighborhood,David Simon/Edward Burns,1998
Hands Collected: The Books of Simon Perchik,Simon Perchik/David Baratier,2000
Morgoth's Ring (The History of Middle-Earth  #10),J.R.R. Tolkien/Christopher Tolkien,1993
The War of the Jewels (The History of Middle-Earth  #11),J.R.R. Tolkien/Christopher Tolkien,1994
The Silmarillion,J.R.R. Tolkien/Christopher Tolkien,1999
The Sillymarillion: An Unauthorized Parody of J.R.R. Tolkien's Classic the Silmarillion,Donald  Lloyd,2004
The Silmarillion,J.R.R. Tolkien/Christopher Tolkien,1979
Hayao Miyazaki: Master of Japanese Animation,Helen McCarthy,1999
Cliffs Notes on Frank's The Diary of Anne Frank,Dorothea Shefer-Vanson/CliffsNotes/Anne Frank,1984
Valparaiso,Don DeLillo,2004
No More Water in the Tub!,Tedd Arnold/Mark Buehner,1998
Big Red Tub,Julia Jarman/Adrian    Reynolds,2004
Tabby in the Tub (Animal Ark  #29),Ben M. Baglio/Linda Chapman/Jenny Gregory,2003
June Bug (Murder-by-Month Mystery #2),Jess Lourey/J.H. Lourey/Jessica Lourey,2007
Wickett's Remedy,Myla Goldberg,2006
I Am the Messenger,Markus Zusak/Emmanuel Pailler,2006
Getting the Girl (Wolfe Brothers  #3),Markus Zusak,2004
Fighting Ruben Wolfe (Wolfe Brothers  #2),Markus Zusak/Stig Wemyss,2002
Underdog (Wolfe Brothers  #1),Markus Zusak,1999
Nicomachean Ethics,Aristotle/Martin Ostwald,1962
The Nicomachean Ethics,Aristotle/James Alexander Kerr Thomson/Jonathan Barnes/Hugh Tredennick,2004
Nicomachean Ethics,Aristotle/Hippocrates George Apostle,1984
Madame Bovary (Critical Editions),Gustave Flaubert/Margaret Cohen/Eleanor Marx,2004
Madame Bovary,Gustave Flaubert/Donada  Peters,2006
The Complete Works: The Revised Oxford Translation  Vol. 1,Aristotle/Jonathan Barnes,1984
Politics,Aristotle,2000
Aristotle's Ethics (SparkNotes Literature Guides),SparkNotes,2003
The Politics and The Constitution of Athens,Aristotle/Stephen Everson,1996
Middlemarch,George Eliot/Megan McDaniel/Lynne Sharon Schwartz/Lynn Sharon Schwartz,2003
Middlemarch,George Eliot/Harriet Walter,2003
Silas Marner,George Eliot,2006
The Complete Tales of Nikolai Gogol  Volume 1,Nikolai Gogol/Constance Garnett/Leonard J. Kent,1985
The Overcoat and Other Short Stories,Nikolai Gogol,1992
The Nose,Nikolai Gogol/Kevin Hawkes,1994
Dead Souls,Nikolai Gogol/Richard Pevear/Larissa Volokhonsky,2004
Fathers and Sons,Ivan Turgenev/George Reavy/Jane Costlow,2005
Father to Son  (The Destroyer  #129),Warren Murphy/Richard Sapir/James Mullaney,2002
Children of the Star (Children of the Star  #1-3),Sylvia Engdahl,2000
From Far Away,Robert Munsch/Michael Martchenko/Saoussan Askar,1995
From Far Away  Vol. 01,Kyoko Hikawa/Trina Robbins/Yuko Sawada/Walden Wong,2004
Silos  Politics and Turf Wars: A Leadership Fable about Destroying the Barriers That Turn Colleagues Into Competitors,Patrick Lencioni,2006
Moral Politics: How Liberals and Conservatives Think,George Lakoff,2002
'Salem's Lot,Stephen King/Ron McLarty,2004
El misterio de Salem's Lot,Stephen King/Marta I. Guastavino,2002
'Salem's Lot,Stephen King,1976
Prodigal Blues,Gary A. Braunbeck/Deena Warner,2006
The Divine Comedy  Vol. I: Inferno,Dante Alighieri/Mark Musa,1984
The Divine Comedy I: Hell,Dante Alighieri/Dorothy L. Sayers,2005
The Divine Comedy  Vol. 1: Inferno,Dante Alighieri/Mark Musa,2003
Could Do Better: Why Children Underachieve and What to Do About It,Harvey P. Mandel/Sander I. Marcus/Loral Dean,1996
Inferno,Dante Alighieri/Allen Mandelbaum/Barry Moser/Gabriel Marruzzo/Laury Magnus,2004
Purgatorio (La Divina Commedia #2),Dante Alighieri/Robert M. Durling,2004
Dante Alighieri's Divine Comedy  the Inferno,Dante Alighieri,1984
The Portable Dante,Dante Alighieri/Mark Musa,2003
Purgatorio (The Divine Comedy  #2),Dante Alighieri/Allen Mandelbaum/Laury Magnus/Anthony Oldcorn/Daniel Feldman/Barry Moser,2004
The Divine Comedy  Vol. 3: Paradise,Dante Alighieri/Mark Musa,1986
The Divine Comedy  Vol. 2: Purgatory,Dante Alighieri/Mark Musa,1985
Vita Nuova,Dante Alighieri/Mark Musa,1973
The Rime of the Ancient Mariner and Other Poems,Samuel Taylor Coleridge/Stanley Appelbaum,1992
Beowulf,Unknown/Burton Raffel,1999
Beowulf: A Dual-Language Edition,Unknown/Howell D. Chickering,2006
Beowulf: A New Telling,Robert Nye,1982
Beowulf,Michael Morpurgo/Michael Foreman,2006
Seamus Heaney,Helen Vendler,2000
The Spirit Level: Poems,Seamus Heaney,1997
New Selected Poems 1966-1987,Seamus Heaney,2002
Finders Keepers: Selected Prose  1971-2001,Seamus Heaney,2003
Canopy: A Work for Voice and Light in Harvard Yard,David   Ward/Parveen Adams/Seamus Heaney/Ivan Gaskell,1997
Electric Light,Seamus Heaney,2001
Norden,Seamus Heaney,1996
Norte,Seamus Heaney/Margarita Ardanaz,1992
The Odyssey,Homer/Robert Fitzgerald/Seamus Heaney,1992
Paradise Lost,John Milton/Scott Elledge,1993
Tolkien: The Illustrated Encyclopaedia,David Day,1996
Ten Days to Self-Esteem,David D. Burns,1999
The Swords of Night and Day (The Drenai Saga  #11),David Gemmell,2005
Pippi Longstocking,Astrid Lindgren/Florence Lamborn/Louis S. Glanzman,2005
Pippi in the South Seas,Astrid Lindgren/Gerry Bothmer,1959
Pippi Goes on Board,Astrid Lindgren/Florence Lamborn/Nancy Seligsohn,1977
The Children of Noisy Village,Astrid Lindgren/Ilon Wikland/Florence Lamborn,1988
The Brothers Lionheart,Astrid Lindgren/Ilon Wikland/Jill M. Morgan,2004
Christmas in Noisy Village,Astrid Lindgren/Ilon Wikland/Florence Lamborn,1981
Ronia  the Robber's Daughter,Astrid Lindgren/Patricia Crampton,1985
Happy Times in Noisy Village,Astrid Lindgren/Ilon Wikland/Florence Lamborn,2003
The Tomten,Astrid Lindgren/Harald Wiberg,1997
Lotta on Troublemaker Street,Astrid Lindgren/Robin Preiss Glasser,2001
The Tale of Peter Rabbit,Beatrix Potter,2002
The Tale of Peter Rabbit: A Pop-up Adventure,Beatrix Potter,2006
Tale of Peter Rabbit,Beatrix Potter,2004
The Tale of Peter Rabbit,Beatrix Potter,2006
Beatrix Potter's Journal,Beatrix Potter,2006
The World of Peter Rabbit (Original Peter Rabbit  Books 1-23),Beatrix Potter,2006
Beatrix Potter: A Life in Nature,Linda Lear,2007
The Tale of the Flopsy Bunnies,Beatrix Potter,2002
Treasure Island,Chris Tait/Robert Louis Stevenson/Lucy Corvino/Arthur Pober,2005
The Epic of Gilgamesh,Anonymous/N.K. Sandars,1976
The Epic of Gilgamesh,Anonymous/N.K. Sandars,2006
The Epic of Gilgamesh,Anonymous/Maureen Kovacs,1989
The Evolution of the Gilgamesh Epic,Jeffrey H. Tigay,2003
The Gilgamesh Epic and Old Testament Parallels,Alexander Heidel,1963
The Scarlet Letter and Other Writings,Nathaniel Hawthorne/Eugene Hudson Long/Seymour L. Gross/Richard C. Beatty/Sculley Bradley/Richmond Croom Beatty,1978
The Adventures of Huckleberry Finn,Mark Twain/Scott McKowen/Arthur Pober,2006
The Adventures of Huckleberry Finn,Mark Twain/Peter Coveney,2003
Mark Twain's Adventures of Huckleberry Finn,Mark Twain/Richard P. Wasowski,2001
Mark Twain's Own Autobiography: The Chapters from the North American Review,Mark Twain/Michael J. Kiskis,1990
Candide,Voltaire/Robert M. Adams,1991
Candide and Other Stories (World's Classics),Voltaire/Roger Pearson,2006
Cliffs Notes on Voltaire's Candide,James K. Lowers/CliffsNotes/Voltaire,1965
Candide: or  Optimism,Voltaire/Peter Constantine/Diane Johnson,2005
Candide and Related Writings,Voltaire/David Wootton,2000
Philosophical Dictionary,Voltaire/Theodore Besterman,1979
What Is Goth?,Aurelio Voltaire,2004
The Picture of Dorian Gray,Oscar Wilde/Andrew Elfenbein,2006
The Real Trial of Oscar Wilde,Merlin Holland,2004
Complete Shorter Fiction,Oscar Wilde/Isobel Murray,1998
The Unmasking of Oscar Wilde,Joseph Pearce,2005
The Decline and Fall of the Roman Empire,Edward Gibbon/Daniel J. Boorstin/Giovanni Battista Piranesi/Hans-Friedrich Mueller,2003
The Decline and Fall of the Roman Empire,Edward Gibbon/Daniel J. Boorstin/Hans-Friedrich Mueller/Giovanni Battista Piranesi,2003
The Decline and Fall of the Roman Empire,Edward Gibbon/Hugh Trevor-Roper,2005
The Decline and Fall of the Roman Empire,Edward Gibbon,1994
The Christians and the Fall of Rome (Great Ideas),Edward Gibbon,2005
The Portable Gibbon: The Decline and Fall of the Roman Empire,Edward Gibbon/Dero A. Saunders/Charles Alexander Robinson Jr.,1977
They Cage the Animals at Night,Jennings Michael Burch,1985
The Quilter's Homecoming (Elm Creek Quilts  #10),Jennifer Chiaverini,2007
Absolutely Normal Chaos,Sharon Creech,2007
The Abominable Snowman Doesn't Roast Marshmallows (The Adventures of the Bailey School Kids  #50),Debbie Dadey/Marcia Thornton Jones,2005
Santa Claus Doesn't Mop Floors (The Adventures of the Bailey School Kids  #3),Debbie Dadey/Marcia Thornton Jones/John Steven Gurney,1991
Angels Don't Know Karate (The Adventures Of The Bailey School Kids  #23),Debbie Dadey/Marcia Thornton Jones/John Steven Gurney,1996
Werewolves Don't Run for President (The Adventures of the Bailey School Kids  #49),Debbie Dadey/Marcia Thornton Jones/John Steven Gurney,2004
Vampires Don't Wear Polka Dots (The Adventures of the Bailey School Kids  #1),Debbie Dadey/Marcia Thornton Jones/John Steven Gurney,1991
Werewolves Don't Go to Summer Camp (The Adventures of the Bailey School Kids  #2),Debbie Dadey/Marcia Thornton Jones/John Steven Gurney,1991
Phantoms Don't Drive Sports Cars (The Adventures of the Bailey School Kids  #32),Debbie Dadey/Marcia Thornton Jones/John Steven Gurney,1998
My Perfect Life (Confessions of a Teenage Drama Queen  #2),Dyan Sheldon,2005
Be Happy or I'll Scream!: My Deranged Quest for the Perfect Husband  Family  and Life,Sheri Lynch,2007
A Guide to the Words of My Perfect Teacher,Ngawang Pelzang/Padmakara Translation Group/Patrul Rinpoche/Alak Zenkar,2004
All-American Girl (All-American Girl  #1),Meg Cabot,2003
Ready or Not (All-American Girl  #2),Meg Cabot,2005
Ready or Not (All-American Girl  #2),Meg Cabot,2006
The Perfect Score (It's All About Attitude #5),Julie Kenner,2006
The Face on the Milk Carton (Janie Johnson  #1),Caroline B. Cooney,1996
Teen Angst? Naaah...,Ned Vizzini,2002
It's Kind of a Funny Story,Ned Vizzini,2006
Be More Chill,Ned Vizzini,2005
Collected Prose: Autobiographical Writings  True Stories  Critical Essays  Prefaces  and Collaborations with Artists,Paul Auster,2005
Hand to Mouth: A Chronicle of Early Failure,Paul Auster,2003
The Book of Illusions,Paul Auster,2003
City of Glass: The Graphic Novel,Paul Karasik/David Mazzucchelli/Paul Auster/Art Spiegelman,2005
Moonraker,Ian Fleming,2004
Moonraker's Bride,Madeleine Brent,1973
Eat  Pray  Love,Elizabeth Gilbert,2007
Eat  Pray  Love: One Woman's Search for Everything Across Italy  India and Indonesia,Elizabeth Gilbert,2006
The World as Will and Representation  Vol. 1,Arthur Schopenhauer/Judith Norman/E.F.J. Payne/Alistair Welchman/Christropher Janaway,1966
The Schopenhauer Cure,Irvin D. Yalom,2006
Essays and Aphorisms,Arthur Schopenhauer/R.J. Hollingdale,1976
Essay on the Freedom of the Will,Arthur Schopenhauer/Konstantin Kolenda,2005
Schopenhauer: A Very Short Introduction,Christopher Janaway,2002
The Mandarins,Simone de Beauvoir/Leonard M. Friedman,2005
Les Mandarins: Tome 2,Simone de Beauvoir,1972
Die Mandarins von Paris,Simone de Beauvoir,2000
The Brothers K,David James Duncan,1996
Where the Wild Things Are,Maurice Sendak,2012
Essentials of Classic Italian Cooking,Marcella Hazan/Karin Kretschmann,1992
The Italians: A Full-Length Portrait Featuring Their Manners and Morals,Luigi Barzini/Joan Emerson,1996
Peking to Paris,Luigi  Barzini/L.P. De Castelvecchio,1973
The Lost Lunar Baedeker: Poems of Mina Loy,Mina Loy/Roger L. Conover,1997
Paris Was Yesterday  1925-1939,Janet Flanner/Irving Drutman,1988
Lost Boy Lost Girl,Peter Straub,2004
Shadowland,Peter Straub,2003
Ghost Story,Peter Straub,1989
Territoires (Le talisman des territoires  #2),Stephen King/Peter Straub/Bernard Cohen,2002
Floating Dragon,Peter Straub,2003
The Color of Water: A Black Man's Tribute to His White Mother,James   McBride,2006
Color: A Natural History of the Palette,Victoria Finlay,2003
Vincent's Colors,Vincent van Gogh/Metropolitan Museum of Art/William Lach,2005
Flinx's Folly (Pip & Flinx #9),Alan Dean Foster,2004
The Doctor's House,Ann Beattie,2003
Chilly Scenes of Winter,Ann Beattie,1991
What Life Was Like in the Realm of Elizabeth: England  AD 1533-1603 (What Life Was Like),Time-Life Books,1999
What Life Was Like In the Age of Chivalry: Medieval Europe  AD 800-1500 (What Life Was Like),Denise Dersin,1999
What Life Was Like on the Banks of the Nile: Egypt  3050-30 BC,Denise Dersin,1999
What Life Was Like at the Rebirth of Genius: Renaissance Italy  AD 1400-1550 (What Life Was Like),Richard Stapleford/Time-Life Books,1999
What Life Was Like Among Druids and High Kings: Celtic Ireland  AD 400-1200 (What Life Was Like),Robin Chapman Stacey,1999
What Life Was Like Amid Splendor and Intrigue: Byzantine Empire  AD 330-1453,Ellen Anker/Denise Dersin,1999
What Life Was Like in the Time of War and Peace: Imperial Russia  AD 1696-1917 (What Life Was Like),Time-Life Books,1999
What Life Was Like in the Jewel in the Crown: British India  AD 1600-1905,Time-Life Books,1999
Birds of America,Lorrie Moore,1999
Self-Help,Lorrie Moore,1998
Who Will Run the Frog Hospital?,Lorrie Moore,2004
Family Matters,Rohinton Mistry,2003
Tales from Firozsha Baag [Jan 01  2002] Mistry  Rohinton,Rohinton Mistry,2002
Without Remorse (John Clark  #1; Jack Ryan Universe Publication Order #6),Tom Clancy,1994
Clave Red Rabbit (Jack Ryan  #2),Tom Clancy/Enric Tremps,2006
Debt of Honor (Jack Ryan  #7),Tom Clancy,1995
The Archimedes Effect (Tom Clancy's Net Force  #10),Steve Perry/Larry Segriff/Tom Clancy/Steve Pieczenik,2006
Hidden Agendas (Tom Clancy's Net Force  #2),Steve Perry/Tom Clancy/Steve Pieczenik,1999
Marine: A Guided Tour of a Marine Expeditionary Unit (Guided Tour),Tom Clancy,1996
The Teeth of the Tiger (Jack Ryan Universe  #12),Tom Clancy,2004
Executive Orders (Jack Ryan  #8),Tom Clancy,1998
State of War (Tom Clancy's Net Force  #7),Steve Perry/Tom Clancy/Steve Pieczenik/Larry Segriff,2003
Every Man a Tiger: The Gulf War Air Campaign (Commanders),Tom Clancy/Chuck Horner,2005
Wild Card (Tom Clancy's Power Plays  #8),Jerome Preisler/Tom Clancy/Martin Greenberg,2004
Carrier: A Guided Tour of an Aircraft Carrier (Guided Tour),Tom Clancy/Leon A. Edney,1999
Cloak and Dagger (Tom Clancy's Net Force Explorers  #17),John Helfers/Russell Davis/Tom Clancy/Steve Pieczenik,2003
Cybernation (Tom Clancy's Net Force  #6),Steve Perry/Tom Clancy/Steve Pieczenik,2001
Virtual Vandals (Tom Clancy's Net Force Explorers  #1),Diane Duane/Tom Clancy/Steve Pieczenik,1999
Cutting Edge (Tom Clancy's Power Plays  #6),Jerome Preisler/Tom Clancy/Martin Greenberg,2002
Mission of Honor (Tom Clancy's Op-Center  #9),Jeff Rovin/Tom Clancy/Steve Pieczenik,2002
The Bear and the Dragon (John Clark  #3),Tom Clancy,2001
Breaking Point (Tom Clancy's Net Force  #4),Steve Perry/Tom Clancy/Steve Pieczenik,2000
Airborne: A Guided Tour Of An Airborne Task Force,Tom Clancy,1997
Red Rabbit (Jack Ryan  #2),Tom Clancy,2002
John Deere Farm Tractors: A History of the John Deere Tractor,Randy Leffingwell,1993
Corvette: Fifty Years,Randy Leffingwell/David Newhardt,2004
Tough to Tackle,Matt Christopher/Harvey Kidder,1987
Complete Guide to OneNote,W. Frederick Zimmerman/Chris Pratley,2003
The Goon Show  Volume 4: My Knees Have Fallen Off!,NOT A BOOK,1996
The Goon Show: Moriarty Where Are You?,NOT A BOOK,2005
The Goon Show  Volume 11: He's Fallen in the Water!,NOT A BOOK,1995
Power: Die 48 Gesetze Der Macht,Robert Greene/Birgit Brandau/Hartmut Schickert,2001
The Echo Maker,Richard Powers,2006
Power vs. Force,David R. Hawkins,2002
The Power of Art,Simon Schama,2006
Goodbye  Darkness: A Memoir of the Pacific War,William Manchester,2002
A World Lit Only by Fire: The Medieval Mind and the Renaissance: Portrait of an Age,William Manchester,1993
The Last Lion 2: Winston Spencer Churchill: Alone  1932-40,William Manchester,1988
The Glory and the Dream: A Narrative History of America 1932-72,William Manchester,1984
The Last Lion: Winston Spencer Churchill: Visions of Glory  1874-1932,William Manchester,1983
The Last Lion: Winston Spencer Churchill: Visions of Glory 1874-1932,William Manchester,1984
Moon-Flash (Kyreol  #1-2),Patricia A. McKillip,2005
Harrowing the Dragon,Patricia A. McKillip,2006
Cygnet (Cygnet  #1-2),Patricia A. McKillip,2007
Solstice Wood (Winter Rose  #2),Patricia A. McKillip,2007
Od Magic,Patricia A. McKillip,2006
25 Ways to Win with People: How to Make Others Feel Like a Million Bucks,John C. Maxwell/Les Parrott III,2005
Winning with People Workbook,John C. Maxwell,2005
Thornhold (The Harpers  #16; Songs & Swords  #4),Elaine Cunningham,2011
The Best of the Realms: The Stories of Elaine Cunningham (Forgotten Realms: The Best of the Realms  #3),Elaine Cunningham,2007
Changeling Storytellers Guide,Mark  Hunter/Ian Lemke,1998
The Blood Wood (Earthdawn 6113),FASA Corporation/Ian Lemke/Louis J. Prosperi,1997
Basin and Range,John McPhee,1982
The Deltoid Pumpkin Seed,John McPhee,1992
Assembling California,John McPhee,1994
Master of Swords (Mageverse #4),Angela Knight,2006
Master of the Night (Mageverse #1),Angela Knight,2004
Master of Wolves (Mageverse  #3),Angela Knight,2006
Captive Dreams,Angela Knight/Diane Whiteside,2006
Master of Dragons (Mageverse #5),Angela Knight,2007
Master of the Moon (Mageverse #2),Angela Knight,2005
Jane's Warlord (Warlord #1),Angela Knight,2004
Over The Moon (Mageverse #3.5),Angela Knight/MaryJanice Davidson/Virginia Kantra/Sunny,2007
Mr. and Mistress (Dynasties: The Elliotts #5),Heidi Betts,2006
Artesia Volume 1,Mark Smylie,2011
Law of Enclosures,Dale Peck,1997
The Drift House: The First Voyage,Dale Peck,2006
Through a Brazen Mirror,Delia Sherman/Cortney Skinner/Ellen Kushner,2015
The Porcelain Dove,Delia Sherman,1994
The Fall of the Kings (Riverside  #3),Ellen Kushner/Delia Sherman,2003
Killing Time,Cynthia Harrod-Eagles,1999
The Tangled Thread (Morland Dynasty  #10),Cynthia Harrod-Eagles,1987
The Flood-Tide (Morland Dynasty  #9),Cynthia Harrod-Eagles,1986
The White Road (Morland Dynasty  #28),Cynthia Harrod-Eagles,2006
The Maiden (The Morland Dynasty  #8),Cynthia Harrod-Eagles,1985
The Oak Apple (Morland Dynasty  #4),Cynthia Harrod-Eagles,2001
The Emperor (The Morland Dynasty  #11),Cynthia Harrod-Eagles,1988
The Nature of the Child,Jerome Kagan,1994
Confessions of a Pagan Nun,Kate Horsley,2002
Westminster Abby,Micol Ostow,2005
Changelings,Anne McCaffrey/Elizabeth Ann Scarborough,2006
Dragon's Fire (Pern  #19),Anne McCaffrey/Todd McCaffrey,2006
Maelstrom,Anne McCaffrey/Elizabeth Ann Scarborough,2007
The Mark of the Crown (Star Wars: Jedi Apprentice  #4),Jude Watson,1999
The Sea,John Banville/John      Lee,2006
Joy Within,Joan Goldstein/Manuela Soares,1990
Butch/Femme,Manuela Soares/Judy Grahn/Nisa Donnelly,1996
Expository Writing: Mini-Lessons * Strategies * Activities,Tara McCarthy/Drew Hires/Jaime Lucero/Vincent Ceci,1998
Persuasive Writing: Mini-Lessons  Strategies  Activities,Tara MacCarthy/Drew Hires,1998
McDougal Littell Science: Student Edition Grade 6 Earth Science 2006,McDougal Littell/Douglas W. Carnine,2005
Daisy Bates: Civil Rights Crusader from Arkansas,Grif Stockley,2005
The Loftier Way: Tales from the Ancient American Frontier,Blaine M. Yorgason/Brenton G. Yorgason,1985
A Higher Justice (The Trials of Kit Shannon #5),James Scott Bell,2003
Plot & Structure: Techniques and Exercises for Crafting a Plot That Grips Readers from Start to Finish,James Scott Bell,2004
Deadlock,James Scott Bell,2002
Breach of Promise,James Scott Bell,2004
Keats's Poetry and Prose,John Keats/Jeffrey N. Cox,2008
A False Mirror (Inspector Ian Rutledge  #9),Charles Todd,2007
Wings of Fire (Inspector Ian Rutledge  #2),Charles Todd,1999
A Cold Treachery (Inspector Ian Rutledge  #7),Charles Todd,2005
The Murder Stone,Charles Todd,2004
Legacy of the Dead (Inspector Ian Rutledge  #4),Charles Todd,2001
A Fearsome Doubt (Inspector Ian Rutledge  #6),Charles Todd,2003
Watchers of Time (Inspector Ian Rutledge  #5),Charles Todd,2002
Search the Dark (Inspector Ian Rutledge  #3),Charles Todd,2000
Bill Bryson's African Diary,Bill Bryson,2002
Hunters of Dune (Dune Chronicles  #7),Brian Herbert/Kevin J. Anderson,2006
The Battle Of Corrin (Legends of Dune  #3),Brian Herbert/Kevin J. Anderson,2004
House Corrino (Prelude to Dune #3),Brian Herbert/Kevin J. Anderson,2002
House Harkonnen (Prelude to Dune #2),Brian Herbert/Kevin J. Anderson,2001
Doctor Who: The Inside Story,Gary Russell,2006
Doctor Who Short Trips: Repercussions,Gary Russell/Peter Anghelides/J. Shaun Lyon/Jon de Burgh Miller/Eddie Robson/Todd Green/Andy Russell/Andrew Collins/Kathryn Sullivan/Iain McLaughlin/Mark Michalowski/Joseph Lidster/Trevor Baxendale/Colin Brake/Claire Bartlett/Sarah Groenewegen/Trey Korte/Andy Frankham-Allen,2004
Gerontius,James Hamilton-Paterson,2002
Hellstrom's Hive,Frank Herbert,1982
The Dark City (Eliot Ness  #1),Max Allan Collins,2005
Bullet Proof (Eliot Ness  #3),Max Allan Collins,2005
The Penguin Companion to European Literature,Anthony Thorlby,1969
West To Eden,Gloria Goldreich,1988
The Various,Steve Augarde,2005
Truman Capote: In Which Various Friends  Enemies  Acquaintances  and Detractors Recall His Turbulent Career,George Plimpton,1998
The Burnt Orange Heresy,Charles Willeford,1999
Ewan McGregor: From Junkie to Jedi,Brian J. Robb,1999
Shadow Twin,Gardner Dozois/George R.R. Martin/Daniel Abraham,2005
Der Prophet,Kahlil Gibran,2001
The Complete Stories of Robert Louis Stevenson: Strange Case of Dr. Jekyll and Mr. Hyde and Nineteen Other Tales,Robert Louis Stevenson/Barry Menikoff,2002
The Complete Short Stories Of Robert Louis Stevenson: With A Selection Of The Best Short Novels,Robert Louis Stevenson/Charles Neider,1998
A Child's Garden of Verses,Robert Louis Stevenson/Tasha Tudor,1999
Practicalities,Marguerite Duras/Barbara Bray,1993
Le ravissement de Lol V. Stein,Marguerite Duras,1976
India Song,Marguerite Duras/Barbara Bray,1994
Clown,Quentin Blake,1998
The Spiral Stair (Arabel and Mortimer  #6),Joan Aiken/Quentin Blake,2000
A Near Thing for Captain Najork (Captain Najork #2),Russell Hoban/Quentin Blake,2006
Cover Her Face (Adam Dalgliesh #1),P.D. James/Neville Teller/Robin Ellis/Sian Phillips/Hugh Grant,2002
Reptiles and Amphibians (Smithsonian Handbooks),Mark O'Shea/Tim Halliday/Jonathan Metcalf,2002
The Camera (Ansel Adams Photography  #1),Ansel Adams/Robert Hardy Baker,1995
The Negative (Ansel Adams Photography  #2),Ansel Adams/Robert Hardy Baker,1995
The Print (Ansel Adams Photography  #3),Ansel Adams/Robert Hardy Baker,1995
The Changing Status of the Artist,Emma Barker/Nick Webb/Kim W. Woods,1999
Vicars of Christ: A History of the Popes,Charles A. Coulombe,2003
The Big Bing: Black Holes of Time Management  Gaseous Executive Bodies  Exploding Careers  and Other Theories on the Origins of the Business Universe,Stanley Bing,2006
What Would Machiavelli Do?: The Ends Justify the Meanness,Stanley Bing,2004
William James: In the Maelstrom of American Modernism,Robert D. Richardson Jr.,2006
Cliffs Notes on Wright's Black Boy,Carl Senna/CliffsNotes/Richard Wright,1971
The Wit and Wisdom of Abraham Lincoln: A Book of Quotations,Abraham Lincoln/Bob Blaisdell,2005
Selected Speeches and Writings,Abraham Lincoln/Gore Vidal,1992
George Eliot: The Last Victorian,Kathryn  Hughes,2001
The Mill on the Floss,George Eliot/A.S. Byatt,2003
Scenes of Clerical Life,George Eliot/Thomas A. Noble,2002
Terry Jones' Medieval Lives,Terry Jones/Alan Ereira,2005
Terry Jones' Fairy Tales,Terry Jones/Michael Foreman,1993
Some Ether,Nick Flynn,2000
Tin House: Evil (Volume 8 no. 3),Chris Adrian/Nick Flynn/Francine Prose/Josip Novakovich/Moonshine,2007
A Note Slipped Under the Door: Teaching from Poems We Love,Nick Flynn/Shirley McPhillips/Philippa Stratton,2000
The Trouble with Testosterone and Other Essays on the Biology of the Human Predicament,Robert M. Sapolsky,1998
Monkeyluv: And Other Essays on Our Lives as Animals,Robert M. Sapolsky,2006
Literary Criticism  Vol. 1: Essays on Literature / American Writers / English Writers,Henry James/Leon Edel/Mark Wilson,1984
Advanced Statistics Demystified,Larry J. Stephens,2004
Lilly's Big Day,Kevin Henkes,2006
Chester's Way,Kevin Henkes,1997
Julius  the Baby of the World,Kevin Henkes,1995
Forms of Talk,Erving Goffman,1981
Interaction Ritual - Essays on Face-to-Face Behavior,Erving Goffman,1982
Study Bible: NIV,Anonymous,2002
My Lord Eternity (Immortal Rogues  #2),Debbie Raleigh/Alexandra Ivy,2003
Aesop's Fables,Aesop/Ann McGovern,1963
Once A Wolf: How Wildlife Biologists Fought to Bring Back the Gray Wolf,Stephen R. Swinburne/Jim Brandenburg,2001
Conversations with Don DeLillo,Don DeLillo/Thomas DePietro,2005
Inventing America: Jefferson's Declaration of Independence,Garry Wills,2002
Lincoln at Gettysburg: The Words That Remade America,Garry Wills,2006
Venice: Lion City: The Religion of Empire,Garry Wills,2002
Four Weddings and a Funeral,Richard Curtis,1996
Halloween,Richard Curtis,1982
Janet  My Mother and Me: A Memoir of Growing Up with Janet Flanner and Natalia Danesi Murray,William Murray,2000
Catch That Pass!,Matt Christopher,1989
Divide and Conquer (Tom Clancy's Op-Center  #7),Jeff Rovin/Tom Clancy/Steve Pieczenik,2000
Death Match (Tom Clancy's Net Force Explorers  #18),Diane Duane/Tom Clancy/Steve Pieczenik,2003
Line of Control (Tom Clancy's Op-Center  #8),Jeff Rovin/Tom Clancy/Steve Pieczenik,2001
Sea of Fire (Tom Clancy's Op-Center  #10),Jeff Rovin/Tom Clancy/Steve Pieczenik,2003
One is the Loneliest Number (Tom Clancy's Net Force Explorers  #3),Diane Duane/Tom Clancy/Steve Pieczenik,1999
Aliens: Nightmare Asylum,Steve Perry,1993
The Omega Cage (Matador  #4),Steve Perry/Michael Reaves,1988
The 97th Step (Matador  #5),Steve Perry,1989
A Friar's Bloodfeud (Knights Templar  #20),Michael Jecks,2006
Death Ship of Dartmouth (Knights Templar  #21),Michael Jecks,2006
The John Deere Two-Cylinder Tractor Encyclopedia: The Complete Model-by-Model History,Don Macmillan/Wayne G. Broehl Jr.,2007
Phantoms,Rosalind M. Greenberg,1989
Fantasy Gone Wrong,Martin H. Greenberg/Brittiany A. Koren/Brian Stableford/Mickey Zucker Reichert/Fiona Patton/Jim C. Hines/Esther M. Friesner/Donald J. Bingle/Alan Dean Foster/Devon Monk/Phaedra M. Weldon/Christina F. York/Jana Paniccia/Josepha Sherman/Susan Sizemore/Michael Jasper/Janny Wurts/Lisanne Norman,2006
The Ghosts in Baker Street: New Tales of Sherlock Holmes,Martin H. Greenberg/Daniel Stashower,2006
Christmas Bestiary,Martin H. Greenberg/Jack Nimersheim/Jane Yolen/Jack C. Haldeman II/Harry Turtledove/Laura Resnick/Mike Resnick/Karen Haber/Jane Lindskold/Lawrence Schimel/Barry N. Malzberg/Tanya Huff/Michelle Sagara West/Mark Aronson/Stefan R. Dziemianowicz/Jennifer Roberson/Kristine Kathryn Rusch/Elizabeth Ann Scarborough/Barbara Delaplace/Barb Jernigan/Blake Cahoon,1992
Time Twisters,Jean Rabe/Martin H. Greenberg/Stephen Leigh/Gene DeWeese/Joe Masdon/Donald J. Bingle/Skip Williams/Penny Williams/Pierce Askegren/Nancy Virginia Varian/Wes Nicholson/John Helfers/Chris Pierson/Harry Turtledove/Kevin J. Anderson/Robert E. Vardeman/Jackie Cassada/James M. Ward/Jon L. Breen/Linda P. Baker,2007
The Western Canon: The Books and School of the Ages,Harold Bloom,1995
Shakespeare: The Invention of the Human,Harold Bloom,1999
The American Religion,Harold Bloom,2006
American Caesar: Douglas MacArthur 1880-1964,William Manchester,1978
Winchester Shotguns,Dennis Adler/R.L. Wilson,2008
Colossians and Philemon: A Critical and Exegetical Commentary (International Critical Commentary),R. McL. Wilson,2005
Maurice Sendak's Seven Little Monsters: What Time is It? - Book #4,Arthur Yorinks/Raymond Jafelice,2004
Meditations for Manifesting: Morning and Evening Meditations to Literally Create Your Heart's Desire,Wayne W. Dyer,1995
There's a Spiritual Solution to Every Problem,Wayne W. Dyer,2001
Michael Smith Elements of Style,Michael S.  Smith/Diane Dorrans Saeks,2005
Spares,Michael Marshall Smith,1998
One of Us,Michael Marshall Smith,1999
The Secret City (Pyrates  #1),Chris Archer,2003
The Theory and Practice of Group Psychotherapy,Irvin D. Yalom/Molyn Leszcz,2005
When Nietzsche Wept,Irvin D. Yalom,2005
Existential Psychotherapy,Irvin D. Yalom,1980
Crown of Stars (Crown of Stars  #7),Kate Elliott,2007
Crown Duel (Crown & Court #1-2),Sherwood Smith,2002
A Rose for the Crown,Anne Easter Smith,2006
The Bloody Crown of Conan (Conan the Cimmerian  #2),Robert E. Howard/Gary Gianni/Patrice Louinet,2004
Rough Crossings: Britain  the Slaves and the American Revolution,Simon Schama,2006
Landscape and Memory,Simon Schama,1996
The Embarrassment of Riches: An Interpretation of Dutch Culture in the Golden Age,Simon Schama,1997
Citizens: A Chronicle of the French Revolution,Simon Schama,2004
The Feelings Book: The Care & Keeping of Your Emotions,Lynda Madison/Bonnie Timmons/Norm Bendell,2002
A Smart Girl's Guide to Money: How to Make It  Save It  And Spend It,Nancy Holyoke/Ali Douglass,2006
What Would You Do? (American Girl Library),Patti Kelley Criswell/Norm Bendell,2004
The Halloween Activity Book: Creepy  Crawly  Hairy  Scary Things to Do,Mymi Doinet/Benjamin Chaud,2002
The Capricorn Stone,Madeleine Brent,1983
Golden Urchin,Madeleine Brent,1987
The Ethics of Ambiguity,Simone de Beauvoir/Bernard Frechtman,2000
She Came to Stay,Simone de Beauvoir,1995
The Coming of Age,Simone de Beauvoir/Patrick O'Brian,1996
A Transatlantic Love Affair: Letters to Nelson Algren,Simone de Beauvoir/Nelson Algren/Sylvie Le Bon de Beauvoir/Vanessa Kling/Ellen Gordon Reeves,1999
What Life Was Like When Rome Ruled the World: The Roman Empire  100 BC - AD 200 (What Life Was Like),Time-Life Books,1999
Sudden Fiction International: 60 Short-Short Stories,Robert Shapard/James Thomas,1989
Sudden Fiction: American Short-Short Stories,Robert Shapard/James Thomas,1983
Sarah Bernhardt,Elizabeth Silverthorne/Betty McCollum,2004
The Art of Controversy (The Essays of Arthur Schopenhauer),Thomas Bailey Saunders,2004
The Wisdom of Life,Arthur Schopenhauer/Thomas Bailey Saunders,2004
For All Time (Time Travelers  #4),Caroline B. Cooney,2003
Wanted!,Caroline B. Cooney,1997
The Time Travelers: Volume One,Caroline B. Cooney,2006
The Stranger,Caroline B. Cooney,1993
Every Night Italian: Every Night Italian,Giuliano Hazan/Marcella Hazan/Dana Gallagher,2000
More Classic Italian Cooking,Marcella Hazan,1984
Practice Makes Perfect: Italian Verb Tenses,Paola Nanni-Tate,2005
Effigies (Faye Longchamp  #3),Mary Anna Evans,2007
The Cambridge Companion to Schopenhauer,Christopher Janaway,2000
Stormie: A Story of Forgiveness and Healing,Stormie Omartian,1997
The Orion Mystery: Unlocking the Secrets of the Pyramids,Robert Bauval/Adrian Geoffrey Gilbert,1995
Orion (Orion  #1),Ben Bova,1992
Lake Orion (Images of America: Michigan),James E. Ingram/Lori Grove,2006
Rick Steves' Europe Through the Back Door,Rick Steves,2017
A Dangerous Man (Hank Thompson  #3),Charlie Huston,2006
Already Dead (Joe Pitt  #1),Charlie Huston,2005
Caught Stealing (Hank Thompson  #1),Charlie Huston,2005
Ultimate Annuals  Volume 2,Charlie Huston/Mike Carey/Brian Michael Bendis/Robert Kirkman/Mike Deodato/Ryan Sook/Stuart Immonen/Frazier Irving,2007
Dead I Well May Be (Dead Trilogy #1),Adrian McKinty,2004
The Dead Yard (Michael Forsythe #2),Adrian McKinty,2006
The Lighthouse Land (Lighthouse Trilogy #1),Adrian McKinty,2006
Spider Mountain (Cam Richter  #2),P.T. Deutermann,2006
The Edge of Honor,P.T. Deutermann,1995
The Firefly,P.T. Deutermann,2004
Diary of a Spider,Doreen Cronin/Harry Bliss,2005
The Snow Spider (Snow Spider Trilogy  #1),Jenny Nimmo,2006
Ultimate Spider-Man  Volume 16: Deadpool,Brian Michael Bendis/Mark Bagley,2006
Ultimate Spider-Man  Volume 7,Brian Michael Bendis/Mark Bagley,2006
Fables: 1001 Nights of Snowfall,Bill Willingham/Esao Andrews/John Bolton/Mark Buckingham/James Jean/Derek Kirk Kim/Tara  McPherson/Jill Thompson/Mark Wheatley/Michael Wm. Kaluta/Charles Vess/Brian Bolland,2006
Cold Fire / Hideaway / The Key to Midnight,Dean Koontz/Leigh Nichols,2000
Fables  Vol. 8: Wolves,Bill Willingham/Mark Buckingham/Steve Leialoha/Shawn McManus/Andrew Pepoy,2006
Fables  Vol. 4: March of the Wooden Soldiers,Bill Willingham/Mark Buckingham/Craig Hamilton/Steve Leialoha/P. Craig Russell,2004
Fables  Vol. 1: Legends in Exile,Bill Willingham/Terry Moore/Mike Allred/Lan Medina/Mark Buckingham/Matthew Sturges/Steve Leialoha/Craig Hamilton/Russ Braun/James Jean/Tony Akins/Eric Shanower/Shawn McManus/Jae Lee/Chrissie Zullo/David Petersen,2002
Fables  Vol. 7: Arabian Nights (and Days),Bill Willingham/Mark Buckingham/Steve Leialoha/Jim Fern/Jimmy Palmiotti/Andrew Pepoy,2006
Fables  Vol. 6: Homelands,Bill Willingham/David Hahn/Mark Buckingham/Lan Medina/Steve Leialoha,2006
Fables  Vol. 3: Storybook Love,Bill Willingham/Bryan Talbot/Lan Medina/Mark Buckingham/Linda Medley/Steve Leialoha/James Jean,2004
Fables  Vol. 5: The Mean Seasons,Bill Willingham/Mark Buckingham/Steve Leialoha/Tony Akins/Jimmy Palmiotti,2005
The Choice: A Fable of Free Trade and Protectionism,Russell Roberts/Russ Roberts,2006
Brewer's Dictionary of Phrase and Fable,John Ayto,2006
Jack of Fables  Vol. 1: The (Nearly) Great Escape,Bill Willingham/Matthew Sturges/Tony Akins/Andrew Pepoy,2007
Math Fables,Greg Tang/Heather Cahoon,1949
The Five Dysfunctions of a Team: A Leadership Fable,Patrick Lencioni,2002
Aesop's Fables,Aesop/Laura Harris/Laura Gibbs,2003
Icebound,David Axton/Dean Koontz/Paul Michael,2007
Odd Thomas (Odd Thomas #1),Dean Koontz/David Baker,2003
Seize the Night (Moonlight Bay  #2),Dean Koontz/Keith Szarabajka,1998
From the Corner of His Eye,Dean Koontz/Stephen Lang,2000
The Good Guy,Dean Koontz/Richard Ferrrone,2007
Pompeii,Robert   Harris/Michael Cumpsty,2006
3rd Degree,James Patterson/Andrew Gross/Carolyn McCormick,2004
2nd Chance (Women's Murder Club #2),James Patterson/Melissa Leo/Jeremy Piven/Andrew Gross,2006
The Big Bad Wolf,James Patterson/Peter J. Fernandez/Denis O'Hare,2003
Pop Goes the Weasel,James Patterson/Roger Rees/Keith David,2006
The Winds of War (The Henry Family  #1),Herman Wouk,2002
Hollywood Station (Hollywood Station  #1),Joseph Wambaugh,2007
The Choirboys,Joseph Wambaugh,2002
Fire Lover: A True Story,Joseph Wambaugh,2002
Floaters,Joseph Wambaugh,1997
The New Centurions,Joseph Wambaugh,1987
The Black Marble,Joseph Wambaugh,1998
The Secrets of Harry Bright,Joseph Wambaugh,1987
Lines and Shadows,Joseph Wambaugh,1995
Hollywood Tough (Shane Scully  #3),Stephen J. Cannell/Paul Michael/Michael Prichard,2003
Cold Hit (Shane Scully #5),Stephen J. Cannell/Scott Brick,2005
Trunk Music (Harry Bosch  #5; Harry Bosch Universe  #6),Michael Connelly/Dick Hill,2006
Angels Flight (Harry Bosch  #6),Michael Connelly/Dick Hill,2005
The Black Echo (Harry Bosch  #1; Harry Bosch Universe  #1),Michael Connelly/Dick Hill,2006
The Closers (Harry Bosch  #11; Harry Bosch Universe  #14),Michael Connelly/Len Cariou,2005
Echo Park (Harry Bosch  #12; Harry Bosch Universe  #16),Michael Connelly/Len Cariou,2006
The Poet (Jack McEvoy  #1; Harry Bosch Universe  #5),Michael Connelly/Buck Schirner,2006
The Concrete Blonde (Harry Bosch  #3),Michael Connelly/Dick Hill,2005
The Best American Mystery Stories 2003,Michael Connelly/Otto Penzler,2003
Hundred-Dollar Baby (Spenser  #34),Robert B. Parker/Joe Mantegna,2006
The Spenser Collection: Volume I (Spenser  #27-28),Robert B. Parker/Joe Mantegna,2006
School Days (Spenser  #33),Robert B. Parker/Joe Mantegna,2005
Potshot (Spenser  #28),Robert B. Parker/Joe Mantegna,2003
Chance (Spenser  #23),Robert B. Parker/Burt Reynolds,1996
The Accidental Time Machine,Joe Haldeman,2007
A Separate War and Other Stories,Joe Haldeman/Connie Willis,2006
The Forever War (The Forever War  #1),Joe Haldeman,2003
Worlds Enough and Time (Worlds #3),Joe Haldeman,1992
The Coming,Joe Haldeman,2001
Forever Peace (The Forever War  #2),Joe Haldeman,1998
Dealing in Futures,Joe Haldeman,1993
Study War No More: A Selection of Alternatives,Joe Haldeman/William Nabors/Harry Harrison/Damon Knight/Harlan Ellison/Ben Bova/Poul Anderson/Isaac Asimov/Mack Reynolds/Alec Effinger,1978
Not of Woman Born,Constance Ash/Nina Kiriki Hoffman/Patricia A. McKillip/Walter Jon Williams/Debra Doyle/James D. Macdonald/Kara Dalkey/Michael Armstrong/Richard Parks/Sage Walker/Susan Palwick/William F. Wu/Jack McDevitt/Janni Lee Simner/Robert Silverberg,1999
Worlds Apart (Worlds 2),Joe Haldeman,1992
Train_man  Volume 3 (Train_man),Hidenori Hara/Hitori Nakano,2007
The Best American Mystery Stories 2004,Nelson DeMille/Otto Penzler,2004
Mystic River,Dennis Lehane,2001
Mystic River,Dennis Lehane,2001
Coronado: Stories,Dennis Lehane,2006
Prayers for Rain (Kenzie & Gennaro  #5),Dennis Lehane,2000
A Drink Before the War (Kenzie & Gennaro  #1),Dennis Lehane,2003
Shutter Island,Dennis Lehane,2004
The Best American Mystery Stories 2002,James Ellroy/Otto Penzler/John Biguenet/Michael Connelly/Thomas H. Cook/Sean Doolittle/Brendan DuBois/David Edgerley Gates/Joe Gores/James Grady/Clark Howard/Stuart M. Kaminsky/Joe R. Lansdale/Michael Malone/Annette Meyers/Joyce Carol Oates/Robert B. Parker/F.X. Toole/Daniel Waterman/Scott Wolven/Fred Melton,2002
The Black Dahlia (L.A. Quartet  #1),James Ellroy,2006
The Black Dahlia Files: The Mob  the Mogul  and the Murder That Transfixed Los Angeles,Donald H. Wolfe,2006
Corroborating Evidence: The Black Dahlia Murder,William T. Rasmussen,2005
Childhood Shadows: The Hidden Story of the Black Dahlia Murder,Mary  Pacios,1999
Triptych (Will Trent  #1),Karin Slaughter,2006
Blindsighted (Grant County  #1),Karin Slaughter,2002
Kisscut (Grant County  #2),Karin Slaughter,2003
Beyond Reach (Grant County  #6),Karin Slaughter,2007
A Faint Cold Fear (Grant County  #3),Karin Slaughter,2004
Faithless (Grant County  #5),Karin Slaughter,2006
Like A Charm,Karin Slaughter/Peter Robinson/John Connolly/Denise Mina/Mark Billingham,2015
Like a Charm,Karin Slaughter/Denise Mina/John Harvey/Kelley Armstrong/John Connolly/Emma Donoghue/Jane Haddam/Laura Lippman/Peter Robinson/Fidelis Morgan/Peter Moore Smith/Lynda La Plante/Jerrilyn Farmer/Lee Child/Mark Billingham,2004
The Enemy (Jack Reacher  #8),Lee Child/Dick Hill,2004
The Visitor (Jack Reacher  #4),Lee Child/Hayward Morse/Garrick Hagon,2004
Tripwire (Jack Reacher  #3),Lee Child/Dick Hill,1999
Killing Floor (Jack Reacher  #1),Lee Child/Dick Hill,2004
Without Fail (Jack Reacher  #6),Lee Child/Dick Hill,2002
The Enemy (Jack Reacher  #8),Lee Child/Dick Hill,2004
One Shot (Jack Reacher  #9),Lee Child/Dick Hill,2005
Bad Luck and Trouble (Jack Reacher  #11),Lee Child,2007
The Enemy (Jack Reacher  #8),Lee Child,2007
The Visitor (Jack Reacher  #4),Lee Child/Hayward Morse,2002
Echo Burning (Jack Reacher  #5),Lee Child,2007
Tripwire (Jack Reacher  #3),Lee Child/Dick Hill,2004
The Enemy (Jack Reacher  #8),Lee Child/Dick Hill,2004
Tripwire (Jack Reacher  #3),Lee Child/Dick Hill,2004
Tripwire (Jack Reacher  #3),Lee Child/Dick Hill,2004
The Enemy (Jack Reacher  #8),Lee Child/Dick Hill,2004
Blood on the Moon: The Assassination of Abraham Lincoln,Edward Steers Jr.,2005
The Blood of the Moon: Understanding the Historic Struggle Between Islam and Western Civilization,George Grant,2001
Blood on the Moon (Lloyd Hopkins  #1),James Ellroy,2005
Blood Moon Over Bengal,Morag McKendrick Pippin,2004
Blood Moon Over Britain,Morag McKendrick Pippin,2005
The Silent Gondoliers,William Goldman,2001
The Season: A Candid Look at Broadway,William Goldman,2004
Heat,William Goldman,1986
Tinsel,William Goldman,1980
William Goldman: Four Screenplays,William Goldman,2000
The Princess Bride,William Goldman,2003
Hype and Glory,William Goldman/P. Gethers,1991
La princesa prometida,William Goldman,2005
Boys and Girls Together,William Goldman,2001
Wait Till Next Year: The Story of a Season When What Should've Happened Didn't  and What Could've Gone Wrong Did,William Goldman/Mike Lupica,1988
The Princess Bride: S. Morgenstern's Classic Tale of True Love and High Adventure,William Goldman,1973
Creepers,David Morrell,2005
The Totem,David Morrell,2003
The League of Night and Fog (Mortalis  #3),David Morrell,2003
Scavenger (Frank Balenger  #2),David Morrell,2007
The Fraternity of the Stone (Mortalis  #2),David Morrell,1992
The Brotherhood of the Rose (Mortalis  #1),David Morrell,1992
The Protector (Cavanaugh #1),David Morrell,2003
Assumed Identity,David Morrell,1994
Double Image,David Morrell,2002
The Last Kingdom (The Saxon Stories  #1),Bernard Cornwell/Jamie Glover,2006
The Last Kingdom (The Saxon Stories  #1),Bernard Cornwell/Tom Sellwood,2005
The Last Kingdom (The Saxon Stories  #1),Bernard Cornwell/Jamie Glover,2005
Time To Hunt (Bob Lee Swagger  #3),Stephen Hunter/Beau Bridges,1998
Black Light (Bob Lee Swagger  #2),Stephen Hunter/Beau Bridges,1996
The Day Before Midnight,Stephen Hunter/Philip Bosco,1989
Hot Springs (Earl Swagger  #1),Stephen Hunter/Jay O. Sanders,2000
Point Of Impact (Bob Lee Swagger  #1),Stephen Hunter/Beau Bridges,2007
Dirty White Boys,Stephen Hunter/Will Patten,2006
Bevor es Nacht wird. Ein Leben in Havanna,Reinaldo Arenas,2002
The Book of the Dead  (Pendergast  #7; Diogenes  #3),Douglas Preston/Lincoln Child/Scott Brick,2006
Relic (Pendergast #1),Douglas Preston/Lincoln Child,2007
The Wheel of Darkness (Pendergast  #8),Douglas Preston/Lincoln Child,2007
Tyrannosaur Canyon,Douglas Preston/Scott Sowers,2005
Waterworks,E.L. Doctorow/Sam Waterston,1994
The Devil in the White City: Murder  Magic  and Madness at the Fair That Changed America,Erik Larson/Tony Goldwyn,2003
King Icahn,Mark      Stevens/Carol Bloom Stevens,1993
The Sicilian,Mario Puzo,2001
The Dark Arena,Mario Puzo,2001
Omerta,Mario Puzo,2001
Fools Die,Mario Puzo,1979
The Godfather,Mario Puzo/Peter Bart/Robert Thompson,2005
The Fortunate Pilgrim,Mario Puzo,2004
Double Dealer (CSI: Crime Scene Investigation  #1),Max Allan Collins/Mike Flaherty,2003
The London Blitz Murders (Disaster Series  #5),Max Allan Collins,2004
The Last Quarry (Quarry #7),Max Allan Collins,2006
Snake Eyes (CSI: Crime Scene Investigation  #8),Max Allan Collins,2006
A Killing in Comics (Jack & Maggie Starr  #1),Max Allan Collins/Terry Beatty,2007
The War of the Worlds Murder (Disaster Series  #6),Max Allan Collins,2005
From a Buick 8,Stephen King,2002
The Michael Crichton Collection: Jurassic Park / The Lost World / The Andromeda Strain,Michael Crichton/Chris Noth/Anthony Heald,2000
Jurassic Park,Michael Crichton,1997
Binary,John Lange,1972
The Voices of Morebath: Reformation and Rebellion in an English Village,Eamon Duffy,2003
Imperial Life in the Emerald City: Inside Iraq's Green Zone,Rajiv Chandrasekaran,2006
The Coming Economic Collapse: How You Can Thrive When Oil Costs $200 a Barrel,Stephen Leeb/Glen C. Strathy,2007
Betrayal of Trust: The Collapse of Global Public Health,Laurie Garrett/Steven M. Wolinsky,2001
Crash Proof: How to Profit from the Coming Economic Collapse,Peter D. Schiff/John Downes,2007
Patriots (The Coming Collapse),James Wesley,0
Culture and Imperialism,Edward W. Said,1994
Prioritizing Web Usability,Jakob Nielsen/Hoa Loranger,2006
Homepage Usability: 50 Websites Deconstructed,Jakob Nielsen/Marie Tahir,2001
Let My People Go Surfing: The Education of a Reluctant Businessman,Yvon Chouinard,2006
And Then There Were None,Agatha Christie/Hugh Fraser,2004
The Wild Trees: A Story of Passion and Daring,Richard   Preston,2007
The Boat of Dreams: A Christmas Story,Richard   Preston/George Henry Jennings,2003
Would I Lie to You (Gossip Girl  #10),Cecily von Ziegesar,2006
Gossip Girl (Gossip Girl  #1),Cecily von Ziegesar,2002
All I Want is Everything (Gossip Girl  #3),Cecily von Ziegesar,2003
You're the One That I Want (Gossip Girl  #6),Cecily von Ziegesar,2004
The Zero,Jess Walter,2006
Zero: The Biography of a Dangerous Idea,Charles Seife,2000
Zero Debt: The Ultimate Guide to Financial Freedom,Lynnette Khalfani,2004
The Hunt for Zero Point: Inside the Classified World of Antigravity Technology,Nick Cook,2007
Year Zero,Jeff Long,2006
Count Zero (Sprawl  #2),William Gibson,2006
Triple Zero  (Star Wars: Republic Commando  #2),Karen Traviss,2006
Bravo Two Zero,Andy McNab,2005
This Lullaby,Sarah Dessen,2004
Lullabies for Little Criminals,Heather O'Neill,2006
Hush! A Thai Lullaby,Minfong Ho/Holly Meade,2000
Lullaby Town (Elvis Cole  #3),Robert Crais,2008
The Iliad (SparkNotes Literature Guides),SparkNotes/Homer,2002
The Iliad,Homer,1999
The Princess Bride (Long  Tall Texans  #15),Diana Palmer,1998
The Sultan's Bought Bride  (Princess Brides  #1),Jane Porter,2004
The Sheik & the Princess Bride (Desert Rogues  #8),Susan   Mallery,2004
The Prince Kidnaps a Bride (Lost Princesses  #3),Christina Dodd,2006
Stargirl (Stargirl  #1),Jerry Spinelli,2004
Love  Stargirl (Stargirl  #2),Jerry Spinelli,2007
Stargirl LitPlans on CD,Mary B. Collins,2005
Son of the Mob (Son of the Mob  #1),Gordon Korman,2004
Hollywood Hustle (Son of the Mob  #2),Gordon Korman,2006
For the Sins of My Father: A Mafia Killer  His Son  and the Legacy of a Mob Life,Albert Demeo/Mary Jane Ross,2003
El ojo de fuego,Lewis Perdue,2007
Neptune Noir: Unauthorized Investigations into Veronica Mars,Rob Thomas/Leah Wilson/Heather Havrilesky/Amy Berner/Lynne Edwards/John  Ramos/Alafair Burke/Chris McCubbin/Lawrence Watt-Evans/Lani Diane Rich/Geoff Klock/Judy Fitzwater/Evelyn Vaughn/Joyce Millman/Amanda Ann Klein/Kristen Kidder/Jesse Hassenger/Gwen Ellery/Misty Hook/Samantha Bornemann,2007
The Soloist,Nicholas Christopher,2006
Kenang-Kenangan Seorang Geisha (Memoirs of a Geisha),Arthur Golden,2006
Memoirs of a Geisha,Arthur Golden,2000
Survivor,Chuck Palahniuk,2000
Diary,Chuck Palahniuk,2004
Rant,Chuck Palahniuk,2007
Clown Girl,Monica Drake/Chuck Palahniuk,2007
Choke,Chuck Palahniuk,2002
Haunted,Chuck Palahniuk,2006
Fugitives and Refugees: A Walk in Portland  Oregon,Chuck Palahniuk,2003
Haunted,Chuck Palahniuk/Erik Darling/Arthur Morey/Scott Brick/Lorna Raver/Marc Cashman/Kimberly Farr/Renee Randman,2005
Nonfiction,Chuck Palahniuk,2004
Haunted,Chuck Palahniuk,2005
Survivant,Chuck Palahniuk/Freddy Michalski,2001
Fantasmas,Chuck Palahniuk/Javier Calvo,2006
Error humano,Chuck Palahniuk/Javier Calvo,2005
Life After God,Douglas Coupland,2002
City of Glass: Douglas Coupland's Vancouver,Douglas Coupland,2003
Terry: Terry Fox and His Marathon of Hope,Douglas Coupland,2005
All Families Are Psychotic,Douglas Coupland,2002
Shampoo Planet,Douglas Coupland,2008
All Tomorrow's Parties (Bridge  #3),William Gibson,2003
Spook Country (Blue Ant  #2),William Gibson,2007
Burning Chrome (Sprawl  #0),William Gibson/Bruce Sterling/Jonathan Davis/Dennis Holland/Kevin Pariseau/Victor Bevine/Jay Snyder/Brian Nishil/L.J. Ganser/Oliver Wyman/Eric Michael Summerer/Marc Vietor,2003
Idoru (Bridge #2),William Gibson,2003
Virtual Light (Bridge  #1),William Gibson,1996
Stable Strategies and Others,Eileen Gunn/Howard Waldrop/William Gibson,2004
Cyberpunk and Cyberculture: Science Fiction and the Work of William Gibson,Dani Cavallaro,2001
The Neil Gaiman Audio Collection,Neil Gaiman,2004
The Day I Swapped My Dad for Two Goldfish,Neil Gaiman/Dave McKean,2006
Death: The Time of Your Life (Death of the Endless  #2),Neil Gaiman/Chris Bachalo/Mark Buckingham/Mark Pennington/Claire Danes,1997
Creatures of the Night,Neil Gaiman/Michael Zulli,2004
New X-Men  Volume 4: Riot at Xavier's,Grant Morrison/Frank Quitely,2006
The Invisibles  Volume 1: Say You Want a Revolution,Grant Morrison/Steve Yeowell/Jill Thompson/Dennis Cramer/Peter Milligan,1996
The Mystery Play,Grant Morrison/Jon J. Muth,1995
Kid Eternity,Grant Morrison/Duncan Fegredo,2006
New X-Men  Volume 1: E Is for Extinction,Grant Morrison/Frank Quitely,2006
Seven Soldiers of Victory  Volume 1,Grant Morrison/Ryan Sook/Mick Gray/Frazer Irving/J.H. Williams III/Simone Bianchi/Cameron Stewart,2006
Doom Patrol  Vol. 1: Crawling from the Wreckage (Doom Patrol  #1),Grant Morrison/Richard Case/Doug Braithwaite/Scott Hanna/Carlos Garzon/John Nyberg,2000
The Filth,Grant Morrison/Chris Weston/Gary Erskine,2004
Doom Patrol  Vol. 5: Magic Bus,Grant Morrison/Richard Case/Ken Steacy/Stan Woch/Philip Bond/Mark McKenna/Scott Hanna,2007
JLA  Vol. 1: New World Order,Grant Morrison/Howard Porter/John Dell,1997
Batman: Gothic,Grant Morrison/Klaus Janson,1998
JLA: Earth 2,Grant Morrison/Frank Quitely,2000
New X-Men: Omnibus,Grant Morrison/Marc Silvestri/Chris Bachalo/John Paul Leon/Frank Quitely/Leinil Francis Yu/Igor Kordey/Ethan Van Sciver/Keron Grant/Tom Derenick/Phil Jimenez,2006
Superfolks,Robert  Mayer/Grant Morrison,2005
Kill Your Boyfriend,Grant Morrison/Philip Bond/D'Israeli/Daniel Vozzo,1998
Batman: Arkham Asylum - A Serious House on Serious Earth,Grant Morrison/Dave McKean,2005
JLA: Tierra 2,Grant Morrison/Frank Quitely/Rafael De la Iglesia,2005
Doom Patrol  Vol. 4: Musclebound,Grant Morrison/Richard Case/Mike Dringenberg/Mark McKenna/Jamie Hewlett/Steve Yeowell/Rian Hughes,2006
New X-Men  Volume 7: Here Comes Tomorrow,Grant Morrison/Marc Silvestri,2006
The Invisibles  Vol. 7: The Invisible Kingdom,Grant Morrison/Philip Bond/Warren Pleece/Sean Phillips/Jay Stephens/Frank Quitely/Steve Yeowell,2002
The Invisibles  Vol. 3: Entropy in the U.K.,Grant Morrison/Phil Jimenez/John Stokes/Tommy Lee Edwards/Paul Johnson/Steve Yeowell/Dick Giordano/Mark Buckingham/Mark Pennington,2001
Invisible,Pete Hautman,2006
The Invisibles  Vol. 4: Bloody Hell in America,Grant Morrison/Phil Jimenez/John Stokes,1998
The Invisibles  Vol. 6: Kissing Mister Quimper,Grant Morrison/Chris Weston/Ivan Reis,2000
Invisible Residents: The Reality of Underwater UFOs,Ivan T. Sanderson/David Hatcher Childress,2005
The Invisibles  Vol. 5: Counting to None,Grant Morrison/Phil Jimenez/John Stokes,1999
The Invisible Heart: An Economic Romance,Russell Roberts/Russ Roberts,2002
Transmetropolitan  Vol. 2: Lust for Life,Warren Ellis/Darick Robertson,1999
Transmetropolitan  Vol. 3: Year of the Bastard,Warren Ellis/Darick Robertson/Rodney Ramos,1999
Transmetropolitan  Vol. 5: Lonely City,Warren Ellis/Darick Robertson/Rodney Ramos/Patrick Stewart,2001
Transmetropolitan  Vol. 4: The New Scum,Warren Ellis/Darick Robertson/Rodney Ramos/Keith Akin,2000
Transmetropolitan  Vol. 8: Dirge,Warren Ellis/Darick Robertson/Rodney Ramos,2003
Transmetropolitan  Vol. 10: One More Time,Warren Ellis/Darick Robertson/Rodney Ramos,2004
Transmetropolitan  Vol. 9: The Cure,Warren Ellis/Darick Robertson/Rodney Ramos,2003
Transmetropolitan  Vol. 7: Spider's Thrash,Warren Ellis/Darick Robertson/Rodney Ramos/Darren Aronofsky,2002
Created in Darkness by Troubled Americans: The Best of McSweeney's Humor Category,Dave Eggers/Kevin Shay/Lee Epstein/Suzanne Kleid/McSweeney's Publishing,2005
The Fabric of the Cosmos: Space  Time and the Texture of Reality,Brian Greene,2005
The Meaning of Relativity (Science Library),Albert Einstein/Brian Greene,2004
The Fabric of the Cosmos: Space  Time and the Texture of Reality,Brian Greene,2004
Underground! The Disinformation Guide to Ancient Civilizations  Astonishing Archaeology and Hidden History,Preston Peet,2005
Under the Influence: The Disinformation Guide to Drugs,Preston Peet,2004
You are Being Lied To: The Disinformation Guide to Media Distortion  Historical Whitewashes  and Cultural Myths,Russ Kick,2001
The Origin of Species,Charles Darwin/Philip Appleman,2002
Red Herrings and White Elephants: The Origins of the Phrases We Use Every Day,Albert Jack/Ann Page,2005
The Origin of Species,Charles Darwin/Julian Huxley,2003
The Origin of Species,Charles Darwin,2004
The Origin of Satan: How Christians Demonized Jews  Pagans and Heretics,Elaine Pagels,1996
Discourse on the Origin of Inequality,Jean-Jacques Rousseau,2004
On the Origins of War and the Preservation of Peace,Donald Kagan,1996
The Origins of Totalitarianism,Hannah Arendt,2004
The Origin of Consciousness in the Breakdown of the Bicameral Mind,Julian Jaynes,2000
Final Fantasy Origins - Official Strategy Guide,Casey Loe/Laura Parkinson,2003
Social Origins of Dictatorship and Democracy: Lord and Peasant in the Making of the Modern World,Barrington Moore Jr./James C. Scott/Edward Friedman,1993
Smithsonian Intimate Guide to Human Origins,Carl Zimmer,2007
"African Origins of the Major ""Western Religions""",Yosef A.A. Ben-Jochannan,1991
The Origins of the Civil Rights Movements: Black Communities Organizing for Change,Aldon D. Morris,1986
The Origin of the Bible,F.F. Bruce/Philip W. Comfort/Carl F.H. Henry/J.I. Packer,2003
Country of Origin,Don  Lee,2005
The Making of a Philosopher: My Journey Through Twentieth-Century Philosophy,Colin McGinn,2003
The Beatles and Philosophy: Nothing You Can Think that Can't Be Thunk,Michael Baur/Steven Baur/James S. Spiegel,2006
The Gospel According to the Beatles,Steve Turner,2006
JPod,Douglas Coupland,2006
Hairstyles of the Damned,Joe Meno,2004
Just Visiting This Planet: Merlin Answers More Questions about Everything Under the Sun  Moon  and Stars,Neil deGrasse Tyson/Stephen Tyson,1998
Merlin's Tour of the Universe,Neil deGrasse Tyson,1997
Death by Black Hole: And Other Cosmic Quandaries,Neil deGrasse Tyson,2007
Tales from the Dark Tower,Joseph Vargo/Christine Filipak/Eric Muss-Barnes/Jalone J. Haessig/Joseph Iorillo/Robert Michaels/Russell Novotny/James Pipik,2003
The Dark Tower (The Dark Tower #7),Stephen King,2004
The Gunslinger,Stephen King,2003
Gunslinger Girl  Vol. 1,Yu Aida/Hiroshi Aida,2003
Gunslinger,Ed Dorn,1989
Wasteland of Flint,Thomas Harlan,2004
Cities in Dust (Wasteland #1),Antony Johnston/Christopher Mitten,2010
Slim to None: A Journey Through the Wasteland of Anorexia Treatment,Jennifer Hendricks/Gordon Hendricks,2004
Sit  Walk  Stand,Watchman Nee,1977
Prayers for the Assassin (Assassin Trilogy #1),Robert Ferrigno,2006
Voices From the Street,Philip K. Dick,2007
The Minority Report: 18 Classic Stories,Philip K. Dick/James Tiptree Jr.,2002
Flow My Tears  the Policeman Said,Philip K. Dick,2001
The Crack in Space,Philip K. Dick,2005
The Best of Philip K. Dick,Philip K. Dick/John Brunner,1978
Vulcan's Hammer,Philip K. Dick,2004
Carly's Sound,Ali Vali,2006
The System of Objects,Jean Baudrillard/James Benedict,2006
The Intelligence of Evil or the Lucidity Pact,Jean Baudrillard/Chris     Turner,2005
Existentialism and Human Emotions,Jean-Paul Sartre,2000
Nausea,Jean-Paul Sartre/James  Wood/Robert Baldick,2000
From Socrates to Sartre: The Philosophic Quest,T.Z. Lavine,1985
The Trial and Death of Socrates (Euthyphro  Apology  Crito  Phaedo (death scene only)),Plato/G.M.A. Grube/John M. Cooper,2001
The Trial of Queen Caroline: The Scandalous Affair that Nearly Ended a Monarchy,Jane Robins,2006
Bookends,Jane Green,2003
Jemima J.: For those who love Faking Friends and My Sweet Revenge by Jane Fallon,Jane Green,1998
Open House,Elizabeth Berg,2001
Feeling Better  Getting Better  Staying Better: Profound Self-Help Therapy for Your Emotions,Albert Ellis,2001
American Sphinx: The Character of Thomas Jefferson,Joseph J. Ellis,1998
Line Of Vision,David Ellis,2002
The Other Woman,Jane Green,2006
No Other Woman (No Other  #2),Shannon Drake,1996
The Other Woman (Dundee  Idaho  #7),Brenda Novak,2006
The Other Woman,Ann  O'Leary,1999
Sins of a Shaker Summer (Sister Rose Callahan  #3),Deborah Woodworth,1999
InuYasha Ani-Manga  Vol. 1 (Inuyasha Ani-Manga  #1),Rumiko Takahashi,2004
Pusteblume,Marian Keyes,2001
Por los pelos,Marian Keyes,2002
Under the Duvet,Marian Keyes,2009
Rachel se va de viaje (La familia Walsh  #2),Marian Keyes,2003
Yeats ist tot!,Joseph O'Connor/Diethard Herles/Pauline McLynn/Gerard Stembridge/Frank McCourt/Conor McPherson/Gene Kerrigan/Gina Moxley/Marian Keyes/Anthony Cronin/Owen O'Neill/Hugo Hamilton/Charlie O'Neill/Tom Humphries/Donal O'Kelly,2003
Les vacances de Rachel (Walsh Family  #2),Marian Keyes/Roxane Azimi,2002
Rachel se va de viaje (La familia Walsh  #2),Marian Keyes,2003
Open House,Elizabeth Berg,2003
Slightly Settled (Slightly  #2),Wendy Markham,2004
The Return of Lum  Volume 3: Sweet Revenge (Urusei Yatsura  #4),Rumiko Takahashi,1997
The Return of Lum  Volume 5: Feudal Furor (Urusei Yatsura  #6),Rumiko Takahashi,1997
Lamu: Urusei Yatsura  3,Rumiko Takahashi,2005
The Return of Lum  Volume 1: Urusei Yatsura (Urusei Yatsura  #2),Rumiko Takahashi,1995
Lum: Urusei Yatsura. Perfect Collection (Urusei Yatsura  #1),Rumiko Takahashi,1997
Your and My Secret  Vol. 1,Ai Morinaga,2004
A Man Rides Through (Mordant's Need  #2),Stephen R. Donaldson,2003
The One Tree (The Second Chronicles of Thomas Covenant  #2),Stephen R. Donaldson,1996
The Gap Into Madness: Chaos and Order (Gap  #4),Stephen R. Donaldson,1994
The Gap Into Vision: Forbidden Knowledge (Gap  #2),Stephen R. Donaldson,2010
The One Tree (The Second Chronicles of Thomas Covenant  #2),Stephen R. Donaldson,1997
The Gap Into Power: A Dark and Hungry God Arises (Gap  #3),Stephen R. Donaldson,2009
Pretty Face  Vol. 1,Yasuhiro Kano,2007
Not Just a Pretty Face: Dolls and Human Figurines in Alaska Native Cultures,Molly C. Lee/Angela J. Linn/Chase Hensel/James H. Barker,2006
Just Another Pretty Face (Hollywood Dynasty  #2),Candace Schuler,1993
Skylight Confessions,Alice Hoffman,2007
The Foretelling,Alice Hoffman,2006
Incantation,Alice Hoffman,2006
Practical Magic (Practical Magic #1),Alice Hoffman,2003
The Probable Future,Alice Hoffman,2004
The Complete Stories,Franz Kafka/Nahum N. Glatzer/John Updike/Willa Muir/Edwin Muir/Tania Stern/James Stern/Ernst Kaiser/Eithne Wilkins,1995
Amerika,Franz Kafka/Willa Muir/Edwin Muir/Klaus Mann/E.L. Doctorow,1996
Collected Stories,Franz Kafka/Willa Muir/Edwin Muir/Gabriel Josipovici,1993
The Annotated Brothers Grimm,Jacob Grimm/Wilhelm Grimm/Maria Tatar/A.S. Byatt/George Cruikshank/Paul Hey/Walter Crane/Warwick Goble/Kay Nielsen/Arthur Rackham,2004
The Complete Brothers Grimm Fairy Tales,Jacob Grimm/Wilhelm Grimm,2006
The Complete Fairy Tales of The Brothers Grimm,Jacob Grimm/Wilhelm Grimm/Jack D. Zipes/Johnny Gruelle,2003
Beyond Innocence (Beyond Duet  #1),Emma Holly,2001
Drum Into Silence (Drums of Chaos  #3),Jo Clayton/Kevin Andrew Murphy,2004
Dance Down the Stars (Duel of Sorcery: Dancer  #3),Jo Clayton,1994
Drum Calls (Drums of Chaos  #2),Jo Clayton,1998
Fire in the Sky (Diadem: Shadowsong  #1),Jo Clayton,1995
Quester's Endgame,Jo Clayton,1986
Shadowkill (Diadem: Shadith's Quest  #3),Jo Clayton/Jo Clayton,1991
Lidia's Family Table,Lidia Matticchio Bastianich/David Nussbaum/Christopher Hirsheimer,2004
Lidia's Italy,Lidia Matticchio Bastianich/Tanya Bastianich Manuali/David Nussbaum/Christopher Hirsheimer,2007
La Cucina Di Lidia: Recipes and Memories from Italy's Adriatic Coast,Lidia Matticchio Bastianich/Jay Jacobs,2003
Operation Wandering Soul,Richard Powers,2002
Galatea 2.2,Richard Powers,2004
Three Farmers on Their Way to a Dance,Richard Powers,1994
Christian Theology: An Introduction,Alister E. McGrath,2006
The Time of Our Singing,Richard Powers,2004
The Christian Theology Reader,Alister E. McGrath,2006
Prisoner's Dilemma,Richard Powers,2002
In the Beginning: The Story of the King James Bible and How it Changed a Nation  a Language  and a Culture,Alister E. McGrath,2002
Gain,Richard Powers,2001
Presidential Power and the Modern Presidents: The Politics of Leadership from Roosevelt to Reagan,Richard E. Neustadt,1991
The Grotesque,Patrick McGrath,1997
Port Mungo,Patrick McGrath,2005
Entre Amis: An Interactive Approach,Michael D. Oates/Larbi Oukada,2005
Experience,Martin Amis,2001
Heavy Water and Other Stories,Martin Amis,2000
Visiting Mrs Nabokov and Other Excursions,Martin Amis,2005
Intimacy And Other Stories,Hanif Kureishi,2001
The Buddha of Suburbia,Hanif Kureishi,2000
Image-Music-Text,Roland Barthes/Stephen Heath,1993
Camera Lucida: Reflections on Photography,Roland Barthes/Richard Howard,2001
The Fashion System,Roland Barthes/Matthew    Ward/Richard Howard,1990
The Responsibility of Forms: Critical Essays on Music  Art  and Representation,Roland Barthes/Richard Howard,1991
The Pleasure of the Text,Roland Barthes/Richard Miller,1976
How to Travel with a Salmon & Other Essays,Umberto Eco/William Weaver,2001
How to Travel with a Salmon and Other Essays,Umberto Eco/William Weaver,1994
Os libros arden mal,Manuel Rivas,2006
The Age of Access: The New Culture of Hypercapitalism  Where All of Life Is a Paid-For Experience,Jeremy Rifkin/Ralph Fowler,2001
The Book of Questions,Pablo Neruda/William O'Daly,2001
Bugs for Lunch/Insectos para el almuerzo,Margery Facklam/Sylvia Long/Liliana Valenzuela,2002
My Story as told by Water: Confessions  Druidic Rants  Reflections  Bird-watchings  Fish-stalkings  Visions  Songs and Prayers Refracting Light  from Living Rivers  in the Age of the Industrial Dark,David James Duncan,2001
Pilgrims and Other Stories,Elizabeth Gilbert,1998
The Last American Man,Elizabeth Gilbert,2003
Pilgrims Pa,Elizabeth Gilbert,1998
Stern Men,Elizabeth Gilbert,2001
A Writer's Workbook: Daily Exercises for the Writing Life,Caroline Sharp/Elizabeth Gilbert,2002
Size 14 Is Not Fat Either (Heather Wells  #2),Meg Cabot,2006
Missing You (1-800-Where-R-You  #5),Meg Cabot,2006
Queen of Babble (Queen of Babble  #1),Meg Cabot,2006
Size 12 Is Not Fat (Heather Wells  #1),Meg Cabot,2005
How to Be Popular,Meg Cabot,2006
Valentine Princess (The Princess Diaries  #7.75),Meg Cabot,2006
Darkest Hour (The Mediator  #4),Meg Cabot,2004
She Went All the Way,Meg Cabot,2002
Are We There Yet?,David Levithan,2005
Boy Meets Boy,David Levithan,2005
This Is Push: New Stories from the Edge,David Levithan/Patricia McCormick/Matthue Roth/Kevin Waltman/Samantha Schutz/Coe Booth/Eddie de Oliveira/Tanuja Desai Hidier/Kevin Brooks/Chris Wooding/Markus Zusak/Brian James/Kristen Kemp/Eireann Corrigan/Christopher Krovatin/Billy Merrell,2007
The Realm of Possibility,David Levithan,2006
Ten Things I Hate about You,David Levithan,1999
Where We Are  What We See: The Best Young Writers and Artists in America,David Levithan,2005
Aphrodite's Passion (Superhero Central #2),Julie Kenner,2002
The Manolo Matrix (Codebreaker Trilogy #2),Julie Kenner,2006
The Cat's Fancy,Julie Kenner,2000
Demons Are Forever (Demon-Hunting Soccer Mom  #3),Julie Kenner,2007
Aphrodite's Secret (Superhero Central #3),Julie Kenner,2003
The Good Ghouls' Guide to Getting Even (Beth Frasier #1),Julie Kenner,2007
Aphrodite's Flame (Superhero Central #4),Julie Kenner,2004
Carpe Demon (Demon-Hunting Soccer Mom  #1),Julie Kenner,2006
Perfect Circle,Sean Stewart,2004
The Great Philosophers: An Introduction to Western Philosophy,Bryan Magee/Myles Burnyeat/Martha C. Nussbaum/Anthony Kenny/Bernard Williams/Anthony Quinton/Michael  Ayres/John Passmore/Geoffrey Warnock/Peter Singer/Frederick Charles Copleston/J. P. Stern/Hubert L. Dreyfus/Sidney Morgenbesser/A.J. Ayer/John Rogers Searle,2001
Talking Philosophy: Dialogues with Fifteen Leading Philosophers,Bryan Magee/Isaiah Berlin/Charles Taylor/Herbert Marcuse/William Barrett/Anthony Quinton/A.J. Ayer/Bernard Williams/R. M. Hare/Willard Van Orman Quine/John Rogers Searle/Noam Chomsky/Hilary Putnam/Ronald Dworkin/Iris Murdoch/Ernest Gellner,2001
The Story of Philosophy: A Concise Introduction to the World's Greatest Thinkers and Their Ideas,Bryan Magee,2005
Feminist Measures: Soundings in Poetry and Theory,Lynn Keller/Lynn Keller,1994
Taxation of Mineral Rents,Ross Garnaut,1983
Dubliners,James Joyce/Margot Norris/Hans Walter Gabler/Walter Hettche,2006
Dubliners: Text  Criticism  and Notes,James Joyce/Robert Scholes/A. Walton Litz,1996
Dubliners,James Joyce/Frank McCourt/Donal Donnelly/Ciaran Hinds/Colm Meaney/Malachy McCourt,2005
CliffsNotes on Joyce's Dubliners (Cliffs Notes),Adam  Sexton/G. Tubach,2003
The Door to Time (Ulysses Moore  #1),Pierdomenico Baccalario/Iacopo Bruno/Laura Zuccotti/Leah D. Janeczko/Beth Dunfey,2006
Ulysses S. Grant: The Unlikely Hero,Michael Korda,2004
Ulysses S. Grant,Josiah Bunting/Arthur M. Schlesinger Jr.,2004
Allusions in Ulysses: An Annotated List,Weldon Thornton,1982
Ulysses Found,Ernle Bradford,2005
The Scandal of Ulysses: The Life And Afterlife of a Twentieth Century Masterpiece,Bruce Arnold,2005
Round Ireland with a Fridge,Tony Hawks,2001
Discovery of the Presence of God: Devotional Nonduality,David R. Hawkins,2007
Transcending the Levels of Consciousness: The Stairway to Enlightenment,David R. Hawkins,2006
The Eye of the I: From Which Nothing is Hidden,David R. Hawkins,2001
Letters to J. D. Salinger,Chris Kubica/Chris Kubica,2002
J.D. Salinger's Catcher in the Rye (Modern Critical Interpretations),Harold Bloom,2000
Lord of the Flies,William Golding,1959
Where Is Baby's Mommy? (A Lift-the-Flap Book),Karen Katz,2001
Counting Christmas,Karen Katz,2003
Running from the Deity (Pip & Flinx #11),Alan Dean Foster,2006
Lost and Found,Alan Dean Foster,2005
Reunion (Pip & Flinx #8),Alan Dean Foster,2002
The Dig,Alan Dean Foster,1998
Regarding the Fountain: A Tale  in Letters  of Liars and Leaks,Kate Klise/M. Sarah Klise,1999
Pimsleur German Level 1 CD: [Lessons 1-30],Pimsleur Language Programs,2010
The Architecture of Happiness,Alain de Botton,2006
The Consolations of Philosophy,Alain de Botton,2001
How Proust Can Change Your Life,Alain de Botton,1998
Kiss & Tell,Alain de Botton,1997
The Consolations of Philosophy,Alain de Botton,2001
Status Anxiety,Alain de Botton,2005
On Love,Alain de Botton,2006
Miracle at St. Anna,James   McBride,2003
Die Farbe von Wasser,James   McBride,2001
Dragons of Winter Night (Dragonlance: Chronicles #2),Margaret Weis/Tracy Hickman,2003
Dragons of Winter Night (Dragonlance: Chronicles  #2),Margaret Weis/Tracy Hickman,2007
Dragon's Treasure,Elizabeth A. Lynn,2005
Watchtower (Chronicles of Tornor  #1),Elizabeth A. Lynn,2004
Letters to a Young Artist,Anna Deavere Smith,2006
The Hip Chick's Guide to Macrobiotics: A Philosophy for Achieving a Radiant Mind and a Fabulous Body,Jessica Porter/Michio Kushi,2004
La casa en Mango Street,Sandra Cisneros/Elena Poniatowska,1994
Kurt Vonnegut's Cat's Cradle (Modern Critical Interpretations),Harold Bloom/Terry Southern/David H. Goldsmith/James Lundquist/Lawrence R. Broer/Peter J. Reed/Loree Rackstraw/William S. Doxey/Jerome Klinkowitz/Richard Giannone/John L. Simons/Leonard Mustazza/Zoltan Ab di-Nagy/Peter Freese/Wendy B. Faris,2002
The Dharma Bums,Jack Kerouac/Ann  Douglas,2007
The Alchemist's Daughter,Katharine McMahon,2006
The Art of Fullmetal Alchemist: The Anime,Hiromu Arakawa/Akira Watanabe/Eric Searleman,2006
Fullmetal Alchemist  Vol. 11 (Fullmetal Alchemist  #11),Hiromu Arakawa/Akira Watanabe,2007
Astronomy Today,Eric Chaisson/Steve McMillan,2004
Astronomy For Dummies,Stephen P. Maran,2005
Astronomy: A Beginner's Guide to the Universe,Eric Chaisson/Steve McMillan,2006
Bad Astronomy,Philip Plait,2002
The Complete World of Greek Mythology,Richard Buxton,2004
Mythology: Timeless Tales of Gods and Heroes,Edith Hamilton,1999
Mythology,Edith Hamilton/Steele Savage,1998
Mythology: The DC Comics Art of Alex Ross,Alex Ross/Geoff Spear/Chip Kidd,2005
Norse Mythology: A Guide to the Gods  Heroes  Rituals  and Beliefs,John Lindow,2002
Classic Myths to Read Aloud: The Great Stories of Greek and Roman Mythology  Specially Arranged for Children Five and Up by an Educational Expert,William F. Russell,1992
Snapshots From Hell: The Making Of An MBA,Peter M. Robinson,2005
Watchmen on the Walls,Hannah Hurnard,1998
America (The Book): A Citizen's Guide to Democracy Inaction  (Teacher's Edition),Jon   Stewart/Scott C. Jacobson,2006
The Children's Book of America,William J. Bennett/Michael Hague,1998
The Journal of Scott Pendleton Collins: A World War 2 Soldier,Walter Dean Myers,1999
The New Big Book of America,Todd Davis/Marc Frey,2002
Awake in the Dark: The Best of Roger Ebert,Roger Ebert/David Bordwell,2006
"Ebert's ""Bigger"" Little Movie Glossary",Roger Ebert/Ray Ebert,2005
The Perfect London Walk,Roger Ebert/Daniel Curley/Jack Lane,1986
The Truth with Jokes,Al Franken,2006
Lies & the Lying Liars Who Tell Them: A Fair & Balanced Look at the Right,Al Franken,2004
"Still More George W. Bushisms: ""Neither in French nor in English nor in Mexican""",Jacob Weisberg/Al Franken,2003
You're Good Enough  You're Smart Enough  & Doggone It  People Like You!,Al Franken,1992
I'm Good Enough  I'm Smart Enough  & Doggone It  People Like Me!,Al Franken/Melody Beattie/Stuart Smalley,1992
J.R.R. Tolkien: Artist and Illustrator,Wayne G. Hammond/Christina Scull/J.R.R. Tolkien,2000
The J.R.R. Tolkien Companion and Guide,Christina Scull/Wayne G. Hammond,2006
Tales Before Tolkien: The Roots of Modern Fantasy,Douglas A. Anderson/Frank R. Stockton/Ludwig Tieck/Richard Garnett/H. Rider Haggard/Andrew Lang/William Hope Hodgson/E.A. Wyke-Smith/David  Lindsay/Clemence Housman/George MacDonald/Arthur Machen/A. Merritt/L. Frank Baum/Kenneth Morris/William Morris/James Branch Cabell/Lord Dunsany/Francis Stevens/E.H. Knatchbull-Hugessen/E. Nesbit,2005
The J.R.R. Tolkien Companion and Guide  Volume 1: Chronology,Christina Scull/Wayne G. Hammond,2006
Sauron Defeated: The History of The Lord of the Rings  Part Four (The History of Middle-Earth  #9),J.R.R. Tolkien/Christopher Tolkien,1992
The J.R.R. Tolkien Companion and Guide  Volume 2: Reader's Guide,Wayne G. Hammond/Wayne G. Hammond,2006
Tales from the Perilous Realm,J.R.R. Tolkien,2002
Tolkien: Man and Myth: A Literary Life,Joseph Pearce,2001
Roverandom,J.R.R. Tolkien/Christina Scull/Wayne G. Hammond,2002
The History of Middle-Earth Index (The History of Middle-Earth  #13),J.R.R. Tolkien/Christopher Tolkien,2002
The Lost Road and Other Writings (The History of Middle-earth  #5),J.R.R. Tolkien/Christopher Tolkien,2002
Tolkien's Modern Middle Ages,Jane Chance/Alfred Siewers,2005
Understanding The Lord of the Rings: The Best of Tolkien Criticism,Rose A. Zimbardo/Neil D. Isaacs,2005
The Hobbit  or  There and Back Again,J.R.R. Tolkien/Alan  Lee,1997
Mermaid Saga  Vol. 2,Rumiko Takahashi,2004
The Mermaids Singing,Lisa Carey,2001
Maison Ikkoku  Volume 15 (Maison Ikkoku  #15),Rumiko Takahashi,2006
Maison Ikkoku  Volume 14 (Maison Ikkoku  #14),Rumiko Takahashi,2005
Maison Ikkoku  Volume 12 (Maison Ikkoku  #12),Rumiko Takahashi,2005
Maison Ikkoku  Volume 5 (Maison Ikkoku  #5),Rumiko Takahashi,2004
Maison Ikkoku  Volume 6 (Maison Ikkoku  #6),Rumiko Takahashi,2004
Maison Ikkoku  Volume 11 (Maison Ikkoku  #11),Rumiko Takahashi,2005
Maison Ikkoku  Volume 9 (Maison Ikkoku  #9),Rumiko Takahashi,2005
Rumic World Trilogy  Volume 3 (Rumic World Trilogy  #3),Rumiko Takahashi,1997
Homer's Daughter,Robert Graves,2005
The Absolute Sandman  Volume One,Neil Gaiman/Mike Dringenberg/Chris Bachalo/Michael Zulli/Kelly Jones/Charles Vess/Colleen Doran/Malcolm Jones III/Steve Parkhouse/Daniel Vozzo/Lee Loughridge/Steve Oliff/Todd Klein/Dave McKean/Sam Kieth,2006
Preludes & Nocturnes (The Sandman  #1),Neil Gaiman/Sam Kieth/Mike Dringenberg/Malcolm Jones III/Todd Klein/Karen  Berger,1998
Berlin Diary: The Journal of a Foreign Correspondent 1934-1941,William L. Shirer/Gordon A. Craig,2002
This Is Berlin: Reporting from Nazi Germany 1938-40,William L. Shirer/John Keegan/Inga Shirer Dean,2002
The Nightmare Years: 1930-40 (20th Century Journey  #2),William L. Shirer,2008
The Collapse of the Third Republic,William L. Shirer,1994
Something Borrowed (Darcy & Rachel  #1),Emily Giffin,2005
Something Borrowed  Something Blue,Elaine Barbieri/Constance O'Banyon/Evelyn Rogers/Bobbi Smith,2000
The Major Plays,Anton Chekhov/Ann Dunnigan/Rosamund Bartlett/Robert Brustein,2006
The Complete Plays,Anton Chekhov/Laurence Senelick,2006
Anton Chekhov's Selected Plays,Anton Chekhov/Laurence Senelick,2004
Short Stories,Anton Chekhov/Ralph E. Matlaw,1979
Ward No. 6 and Other Stories,Anton Chekhov/David Plante/Constance Garnett,2003
The Dark Descent,David G. Hartwell/Clive Barker/Ray Bradbury/John Collier/Shirley Jackson/Stephen King/Joyce Carol Oates,1997
The Medusa in the Shield,David G. Hartwell/Robert Aickman/Charlotte Perkins Gilman/William Faulkner/Robert Smythe Hichens/Richard Matheson/Joanna Russ/Dennis Etchison/D.H. Lawrence/Tanith Lee/Flannery O'Connor/Ramsey Campbell/Thomas M. Disch/Henry James/Theodore Sturgeon/Clive Barker/Edgar Allan Poe/Stephen King/Michael  Bishop/H.P. Lovecraft/J. Sheridan Le Fanu,1991
A Fabulous  Formless Darkness,David G. Hartwell/Fritz Leiber/Fitz-James O'Brien/Shirley Jackson/Ambrose Bierce/Edith Wharton/Algernon Blackwood/Thomas M. Disch/Robert Aickman/Philip K. Dick/Gene Wolfe/Charles Dickens/Stephen King/Joyce Carol Oates/Walter de la Mare/Ivan Turgenev/Robert W. Chambers/Oliver Onions,1992
The Dark Descent  Vol 1: The Color of Evil,David G. Hartwell,1990
Bargaining for Advantage: Negotiation Strategies for Reasonable People,G. Richard Shell,2006
Bargaining for Advantage: Negotiation Strategies for Reasonable People,G. Richard Shell,2000
The Silence of the Lambs and Red Dragon,Thomas  Harris,1991
The Silence of the Lambs,Yvonne Tasker,2002
King Solomon's Mines (Allan Quatermain  #1),H. Rider Haggard,2002
Mine  All Mine!: A Book About Pronouns,Ruth Heller,1999
A Faith Like Mine,Laura Buller/D.K. Publishing,2005
Speaks the Nightbird (Matthew Corbett  #1),Robert R. McCammon,2002
The Bishop's Boys: A Life of Wilbur and Orville Wright,Tom D. Crouch,2003
The Insomnia Answer: A Personalized Program for Identifying and Overcoming the Three Types of Insomnia,Paul Glovinsky/Art Spielman,2006
Cognitive Behavioral Treatment of Insomnia: A Session-By-Session Guide,Michael L. Perlis/Carla Jungquist/Michael T. Smith,2005
Healing Therapies for Overcoming Insomnia,Peter  Van Houten/Rich McCord,2005
The Attraction,Douglas Clegg,2006
Nightmare House (Harrow House  #1),Douglas Clegg,2004
The Abandoned (Harrow House  #4),Douglas Clegg,2005
The Nightmare Chronicles,Douglas Clegg,1999
Mischief (Harrow House  #2),Douglas Clegg,2000
Purity (Dark Coming of Age  #1),Douglas Clegg,2000
The Hour Before Dark,Douglas Clegg,2003
The Halloween Man,Douglas Clegg,1998
The Sisters: The Saga of the Mitford Family,Mary S. Lovell,2003
Soldiers of Salamis,Javier Cercas/Anne McLean,2005
Spandau: The Secret Diaries,Albert Speer,1976
The Complete Poems,William Blake/Alicia Suskin Ostriker,1977
The Marriage of Heaven and Hell,William Blake,1994
The Stranger from Paradise: A Biography of William Blake,G.E. Bentley Jr.,2003
The Complete Stories and Poems,Edgar Allan Poe,1984
Complete Tales and Poems,Edgar Allan Poe,2009
The Edgar Allan Poe Audio Collection,Edgar Allan Poe,2000
18 Best Stories by Edgar Allan Poe,Edgar Allan Poe/Vincent  Price/Chandler Brossard,1965
Complete Poems (Library of Classic Poets),Edgar Allan Poe,2001
Edgar Allan Poe A to Z,Dawn B. Sova,2001
Selected Letters  1940-1956,Jack Kerouac/Ann Charters,1996
The Wild Boys,William S. Burroughs,1994
Nova Express (The Nova Trilogy  #3),William S. Burroughs,1994
Last Words: The Final Journals,William S. Burroughs/James Grauerholz,2001
The Soft Machine (The Nova Trilogy #1),William S. Burroughs,1994
Junky,William S. Burroughs/Oliver  Harris/Allen Ginsberg,2003
Queer,William S. Burroughs,1998
Cities of the Red Night,William S. Burroughs,2001
William S. Burroughs  Throbbing Gristle  Brion Gysin,V. Vale/Andrea Juno/William S. Burroughs/Throbbing Gristle/Brion Gysin,2008
My Education: A Book of Dreams,William S. Burroughs,1996
Trainspotting (Mark Renton  #2),Irvine Welsh,2002
Trainspotting,Murray Smith,2002
Trainspotting,Irvine Welsh/Eric Lindor Fall,1998
Marabou Stork Nightmares,Irvine Welsh,1997
You'll Have Had Your Hole,Irvine Welsh,1998
Filth,Irvine Welsh,1998
The Female Brain,Louann Brizendine,2006
Imaginary Friends,Nora Ephron,2003
Scribble  Scribble: Notes on the Media,Nora Ephron,1979
Life Amongst the Modocs,Joaquin Miller/Alan Rosenus/Malcolm Margolin,1997
Devil's Backbone,Terry C. Johnston,1991
Soldados de Salamina,Javier Cercas,2001
Rule #1: The Simple Strategy for Successful Investing in Only 15 Minutes a Week!,Phil Town,2006
"Laguna  I Love You: The Best of ""Our Town""",John Weld/Phil Interlandi,1996
"Dirty Italian: Everyday Slang from ""What's Up?"" to ""F*%# Off!""",Gabrielle Ann Euvino/Lindsay Mack,2006
The Deep (Dive  #2),Gordon Korman,2003
The Discovery (Dive  #1),Gordon Korman,2003
New York City's Best Dive Bars: Drinking and Diving in the Five Boroughs,Wendy  Mitchell/June Kim,2003
The Stowaway Solution (On The Run  #4),Gordon Korman,2005
The Abduction (Kidnapped  #1),Gordon Korman,2006
The Fugitive Factor (On The Run  #2),Gordon Korman,2005
Chasing The Falconers (On The Run  #1),Gordon Korman,2005
Losing Joe's Place,Gordon Korman,1991
Something Fishy at Macdonald Hall (Macdonald Hall  #7),Gordon Korman,2000
The Zucchini Warriors (Macdonald Hall  #5),Gordon Korman,1991
The Contest (Everest Trilogy),Gordon Korman,2002
The Deep (Dive Trilogy),Gordon Korman,2003
No More Dead Dogs,Gordon Korman,2001
Radio Fifth Grade,Gordon Korman,1991
The Climb (Everest Trilogy),Gordon Korman,2002
The Contest (Everest  #1),Gordon Korman,2002
Casino Royale (James Bond  #1),Ian Fleming,1988
The Eternal Flame (Merlin  #11),T.A. Barron/David Elliot,2006
The Ivy Tree,Carolyn Brown,2001
Street Magic (The Circle Opens  #2),Tamora Pierce,2006
Wolf-Speaker (Immortals  #2),Tamora Pierce,2005
Leonardo's Notebooks,Leonardo da Vinci/H. Anna Suh,2005
The Golden Notebook,Doris Lessing,1999
M Is for Mayflower: A Massachusetts Alphabet,Margot Theis Raven/Jeannie Brett,2002
Mayflower Treasure Hunt (A to Z Mysteries: Super Edition  #2),Ron Roy/John Steven Gurney,2007
Jennifer  Hecate  Macbeth  William McKinley  and Me  Elizabeth,E.L. Konigsburg,2007
Death of a Charming Man (Hamish Macbeth  #10),M.C. Beaton,1995
The Merchant of Venice,William Shakespeare/Robert     Smith/Jonathan    Morris,2005
Catherine  Called Birdy,Karen Cushman,2004
How to Build a Time Machine,Paul Davies,2002
Around the World in 8 1/2 Days (Judy Moody #7),Megan McDonald/Peter H. Reynolds,2006
Judy Moody  M.D.: The Doctor is In! (Judy Moody #5),Megan McDonald/Peter H. Reynolds,2006
Judy Moody Predicts the Future (Judy Moody  #4),Megan McDonald/Peter H. Reynolds,2005
Judy Moody Declares Independence (Judy Moody #6),Megan McDonald/Peter H. Reynolds,2010
Judy Moody Gets Famous! (Judy Moody  #2),Megan McDonald/Peter H. Reynolds,2003
Judy Moody Saves the World! (Judy Moody #3),Megan McDonald/Peter H. Reynolds,2004
Amelia's Notebook (Amelia's Notebooks  #1),Marissa Moss,2006
Amelia's 6th-Grade Notebook (Amelia's Notebooks  #15),Marissa Moss,2005
Charlotte's Web,E.B. White/Garth Williams/Rosemary Wells,2001
Charlotte's Web,E.B. White/Garth Williams/Rosemary Wells,2006
Charlotte's Web,E.B. White/Garth Williams/Kate DiCamillo,2006
Charlotte's Web: Wilbur Finds a Friend,Jennifer Frantz/E.B. White/Aleksey Ivanov/Olga Ivanov,2006
Secrets of the Scorpion,Jed Carleton/Shawn Carman/Seth Mason/Robert    Lee/Travis Heerman/Aaron Medwin/Matthew S. Armstrong/D.J. Trindle/Cris Dornaus/Eric Steiger,2003
The Runaway Jury,John Grisham,2006
The Boys Start the War (Boy/Girl Battle  #1),Phyllis Reynolds Naylor,2002
The Boys Start the War  the Girls Get Even,Phyllis Reynolds Naylor,1994
Boys Against Girls (Sweet Valley Twins  #17),Francine Pascal/Jamie Suzanne,1988
Boys Against Girls (Sweet Valley Twins  #17),Francine Pascal/Jamie Suzanne,1988
Alice's Adventures in Wonderland & Through the Looking-Glass,Lewis Carroll/John Tenniel/Martin Gardner,2000
Alice's Adventures in Wonderland: A Pop-Up Adaptation,Robert Sabuda/Lewis Carroll,2003
Alice's Adventures in Wonderland and Through the Looking Glass,Lewis Carroll/John Tenniel/Tan Lin,2003
Alice's Adventures in Wonderland,Lewis Carroll/Helen Oxenbury,2003
Alice's Adventures in Wonderland and Through the Looking-Glass (Alice's Adventures in Wonderland  #1-2),Lewis Carroll/Hugh Haughton/John Tenniel,2003
Alice's Adventures in Wonderland,Lewis Carroll/Helen Oxenbury,1999
The Art of Warfare,Sun Tzu/Roger T. Ames,1993
The Black Ice (Harry Bosch  #2; Harry Bosch Universe  #2),Michael Connelly,2003
Black Ice (Ice  #1),Anne Stuart,2005
A Cavern of Black Ice (Sword of Shadows  #1),J.V. Jones,2005
White Sky  Black Ice (Nathan Active Mystery  #1),Stan Jones,2003
Thus Spake the Corpse: An Exquisite Corpse Reader 1988-98 Vol 1 Poetry & Essays,Andrei Codrescu/Laura Rosenthal,1999
Thus Spoke Zarathustra,Friedrich Nietzsche,2006
A World Lit Only by Fire,William Manchester/Barrett Whitener,2007
War Comes to Willy Freeman (Arabus Family Saga  #1),James Lincoln Collier/Christopher Collier,1987
Skellig (Skellig  #1),David Almond,2001
Skellig: The Play,David Almond,2003
Les Miserables (Stepping Stones),Monica Kulling/Victor Hugo,1995
Because Of Winn Dixie,Kate DiCamillo,2000
At the Edge of the World (Crispin  #2),Avi,2006
The Story of Avis,Elizabeth Stuart Phelps/Carol Phillips,1985
Poppy,Avi,2005
Poppy's Return,Avi/Brian Floca,2006
The Secret School,Avi,2003
The Pen Is Mightier Than The Sword (The Amazing Days of Abby Hayes  #6),Anne Mazer/Monica Gesue,2001
Have Wheels  Will Travel (The Amazing Days of Abby Hayes  #4),Anne Mazer/Monica Gesue,2001
Out of Sight  Out of Mind (The Amazing Days of Abby Hayes  #9),Anne Mazer/Monica Gesue/Joyce White,2002
The Best Is Yet to Come (The Amazing Days of Abby Hayes Super Special  #1),Anne Mazer,2004
Violet Makes A Splash (Sister Magic),Anne Mazer/Bill Brown,2007
The Trouble With Violet,Anne Mazer/Bill Brown,2007
Knowledge Is Power (The Amazing Days of Abby Hayes: #15),Anne Mazer,2004
The Trumpet of the Swan,E.B. White/Fred Marcellino,2000
Ella Enchanted (Ella Enchanted #1),Gail Carson Levine,1998
Nicomachean Ethics,Aristotle/Joe Sachs,2002
Harper Lee's To Kill a Mockingbird (Bloom's Guides),Harold Bloom/Harper Lee,2004
His Dark Materials,Nicholas Wright/Philip Pullman,2004
His Dark Materials: New Edition,Nicholas Wright/Philip Pullman,2005
His Dark Materials Trilogy (Northern Lights; The Subtle Knife; The Amber Spyglass),Philip Pullman,2001
The Cricket in Times Square,George Selden/Garth Williams,1999
Lucie Babbidge's House,Sylvia Cassedy,1993
Nine Horses,Billy Collins,2003
The Apple that Astonished Paris,Billy Collins,1999
The Circle (Dan Lenson  #3),David Poyer,1993
The Sorority: Samantha (Sorority Trilogy  #3),Tamara Thorne,2003
Trickster's Choice (Daughter of the Lioness  #1),Tamora Pierce,2004
Trickster's Choice (Daughter of the Lioness  #1),Tamora Pierce/Trini Alvarado,2005
Video Girl Ai  Vol. 15: Len's Story,Masakazu Katsura,2006
The Ships of Earth (Homecoming Saga #3),Orson Scott Card,1995
Heathersleigh Homecoming (Secrets of Heathersleigh Hall  #3),Michael R. Phillips,1999
Bait and Switch: The (Futile) Pursuit of the American Dream,Barbara Ehrenreich,2006
For Her Own Good: Two Centuries of the Experts' Advice to Women,Barbara Ehrenreich/Deirdre English,2005
Fear of Falling: The Inner Life of the Middle Class,Barbara Ehrenreich,1990
On Duties (De Officiis),Marcus Tullius Cicero/Walter Miller,1913
Peony in Love,Lisa See,2007
See How She Dies,Lisa Jackson,2004
Chuck Klosterman IV: A Decade of Curious People and Dangerous Ideas,Chuck Klosterman,2006
Fargo Rock City: A Heavy Metal Odyssey in Rural North Dakota,Chuck Klosterman,2002
i am 8-bit: Art Inspired by Classic Videogames of the '80s,Jon M. Gibson/Chuck Klosterman,2006
No Idle Hands: The Social History of American Knitting,Anne Macdonald,1990
How to be Idle,Tom Hodgkinson,2005
The Stuffed Owl: An Anthology of Bad Verse,D.B. Wyndham-Lewis/Charles  Lee/Billy Collins/Max Beerbohm,2003
The Complete Aubrey/Maturin Novels (5 Volumes),Patrick O'Brian,2004
The Hundred Days (Aubrey & Maturin #19),Patrick O'Brian,1999
The Final Unfinished Voyage of Jack Aubrey (Aubrey & Maturin #21),Patrick O'Brian/Richard Snow,2004
The Truelove (Aubrey & Maturin #15),Patrick O'Brian,1993
Blue at the Mizzen (Aubrey & Maturin #20),Patrick O'Brian,2000
Field Guide to Home Buying in America,Mark LeVine/Michael Pollan/Stephen M. Pollan,1988
Gilliam on Gilliam (Directors on Directors),Terry Gilliam/Ian Christie,1999
The Adventures of Baron Munchausen: The Illustrated Screenplay,Terry Gilliam/Charles McKeown,1989
The Complete Monty Python's Flying Circus: All the Words  Vol. 2,Graham Chapman/John Cleese/Terry Gilliam/Eric Idle/Terry Jones/Michael Palin,1989
The Pythons Autobiography by The Pythons,Graham Chapman/John Cleese/Terry Gilliam/Eric Idle/Terry Jones/Michael Palin/Bob McCabe,2005
The Complete Monty Python's Flying Circus: All the Words: Volume 1,Graham Chapman/Eric Idle/Terry Gilliam/John Cleese/Terry Jones/Michael Palin/Roger Wilmut,1989
The Gangs of New York,Herbert Asbury/Jorge Luis Borges,2001
All Around the Town,Herbert Asbury,2003
The Adventures of Tom Sawyer and Adventures of Huckleberry Finn,Mark Twain/Shelly Fisher Fishkin,2002
The Adventures of Tom Sawyer (Adventures of Tom and Huck  #1),Mark Twain/Scott McKowen,2004
The Adventures of Tom Sawyer (Adventures of Tom and Huck  #1),Mark Twain/Guy Cardwell/John Seelye,2006
The Moon in Hiding (The Green Lion Trilogy #2),Teresa Edgerton,1989
The Short Stories  Vol 3,Ernest Hemingway/Stacy Keach,2003
Selections from the Oakland Tribune Archives (Images of America: California),Annalee Allen,2006
Sebastopol (Images of America: California),Western Sonoma County Historical Society,2003
Center City Philadelphia in the 19th Century (Images of America: Pennsylvania),Library Company of Philadelphia,2006
Juneau and Sauk Counties: 1850-2000 (Images of America: Wisconsin),Jacqueline Ann/Sheila Z.,2002
The Writer of Modern Life: Essays on Charles Baudelaire,Walter Benjamin/Michael W. Jennings/Rodney Livingstone/Edmund F.N. Jephcott/Harry Zohn/Howard Eiland,2006
Flowers of Evil and Other Works/Les Fleurs du Mal et Oeuvres Choisies : A Dual-Language Book (Dover Foreign Language Study Guides) (English and French Edition),Charles Baudelaire/Wallace Fowlie,1992
On Wine and Hashish,Charles Baudelaire/Andrew Brown/Margaret Drabble,2002
Intimate Journals,Charles Baudelaire/Christopher Isherwood/W.H. Auden,2006
The Painter of Modern Life and Other Essays (Phaidon Arts and Letters),Charles Baudelaire/Jonathon Mayne,1995
Candide,Voltaire/Larousse,2007
Candide,Voltaire/Mona Mulhair,2005
The Handbook (The Encheiridion),Epictetus/Nicholas P. White,1983
A Manual for Living,Epictetus/Sharon Lebell,1994
Discourses  Books 3-4. The Enchiridion (Loeb Classical Library #218),Epictetus/William A. Oldfather,1928
A Stranger Came Ashore,Mollie Hunter/Lisa Falkenstern,1977
Rob Roy MacGregor,Nigel Tranter,2012
Rob Roy,Walter Scott,2000
From Glencoe to Stirling: Rob Roy  the Highlanders & Scotlands Chivalric Age (Tales of a Scottish Grandfather 3),Walter Scott/George Grant,2000
Myths of the Norsemen: Retold from the Old Norse Poems and Tales,Roger Lancelyn Green/Alan Langford,1994
D'Aulaires' Book of Norse Myths,Ingri d'Aulaire/Edgar Parin d'Aulaire/Michael Chabon,2005
Penguin Book Of Norse Myths: Gods Of The Vikings,Kevin Crossley-Holland,1997
The Prose Edda,Snorri Sturluson/Jesse L. Byock,2005
Tales of the Norse Gods,Barbara Leonie Picard/Rosamund Fowler,2001
The Tristan Betrayal,Robert Ludlum,2004
Isolde  Queen of the Western Isle (Tristan and Isolde  #1),Rosalind Miles,2003
The Ultimate Guide to Anal Sex for Women,Tristan Taormino,2006
Toys Go Out: Being the Adventures of a Knowledgeable Stingray  a Toughy Little Buffalo  and Someone Called Plastic (Toys #1),Emily Jenkins/Paul O. Zelinsky,2006
Melville: His World and Work,Andrew Delbanco,2006
Racso and the Rats of NIMH (Rats of NIMH  #2),Jane Leslie Conly/Leonard B. Lubin,1988
R-T  Margaret  and the Rats of NIMH (Rats of NIMH  #3),Jane Leslie Conly/Leonard B. Lubin,1991
The Dance of the Dissident Daughter,Sue Monk Kidd,2002
Talk Talk,T. Coraghessan Boyle,2006
Drop City,T. Coraghessan Boyle/Richard Poe,2004
Tooth and Claw,T. Coraghessan Boyle,2006
East Is East,T. Coraghessan Boyle,1991
After the Plague: and Other Stories,T. Coraghessan Boyle,2002
Descent of Man,T. Coraghessan Boyle,1990
World's End,T. Coraghessan Boyle,1990
If the River Was Whiskey: Stories,T. Coraghessan Boyle,1989
If the River Was Whiskey,T. Coraghessan Boyle,1990
American Writers  Supplement VIII,Jay Parini/August Wilson,2001
Greasy Lake & Other Stories,T. Coraghessan Boyle,1986
L'Orient  c'est l'Orient,T. Coraghessan Boyle,1993
An Acceptable Time (Time Quintet  #5),Madeleine L'Engle,1990
Conversations with Kurt Vonnegut,William Rodney Allen/Kurt Vonnegut Jr.,1988
So Yesterday,Scott Westerfeld,2005
Specials (Uglies  #3),Scott Westerfeld,2006
Touching Darkness (Midnighters  #2),Scott Westerfeld,2006
Pretties (Uglies  #2),Scott Westerfeld,2005
Blue Noon (Midnighters  #3),Scott Westerfeld,2007
Uglies (Uglies  #1),Scott Westerfeld,2005
Evolution's Darling,Scott Westerfeld,2000
The Butterfly Tattoo,Philip Pullman,2005
Count Karlstein,Philip Pullman/Diana Bryan,2000
The Castle of Llyr (The Chronicles of Prydain  #3),Lloyd Alexander,2006
The Book of Three (The Chronicles of Prydain  #1),Lloyd Alexander,2006
The High King (The Chronicles of Prydain  #5),Lloyd Alexander,2006
Taran Wanderer (The Chronicles of Prydain  #4),Lloyd Alexander,2006
Westmark (Westmark  #1),Lloyd Alexander,2002
The Black Cauldron (The Chronicles of Prydain  #2),Lloyd Alexander,2006
The Foundling and Other Tales of Prydain,Lloyd Alexander,2006
The Prydain Companion: A Reference Guide to Lloyd Alexander's Prydain Chronicles,Michael O. Tunnell/Lloyd Alexander,2003
A Lloyd Alexander Collection,Lloyd Alexander,2001
The Philadelphia Adventure,Lloyd Alexander,2002
Libra,Don DeLillo/Michel Courtois-Fourcy,2001
House of Leaves,Mark Z. Danielewski,2000
A Parchment of Leaves,Silas House,2003
The Areas of My Expertise: An Almanac of Complete World Knowledge Compiled with Instructive Annotation and Arranged in Useful Order,John Hodgman,2006
The Complete Calvin and Hobbes,Bill Watterson,2005
The Calvin and Hobbes Tenth Anniversary Book,Bill Watterson,1995
It's a Magical World (Calvin and Hobbes  #11),Bill Watterson,1996
Homicidal Psycho Jungle Cat (Calvin and Hobbes #9),Bill Watterson,1994
The Days Are Just Packed,Bill Watterson,1993
The Calvin And Hobbes:  Tenth Anniversary Book,Bill Watterson,2008
Calvin and Hobbes: Sunday Pages 1985-1995: An Exhibition Catalogue,Bill Watterson,2001
Ship of Fools,Richard Paul Russo,2001
The Rosetta Codex,Richard Paul Russo,2005
The Illustrated Man,Ray Bradbury,1976
The Sot-Weed Factor,John Barth,2005
The Floating Opera and The End of the Road,John Barth,1997
Chimera,John Barth,2001
Letters,John Barth,1994
Scar Lover,Harry Crews,1993
Narcisse et Goldmund,Hermann Hesse,1991
Demian,Hermann Hesse/Stanley Appelbaum,2002
The Ship Avenged,S.M. Stirling,1997
Dragon's Kin (Pern  #17),Anne McCaffrey/Todd McCaffrey,2004
Dragonflight (Pern: Dragonriders of Pern  #1),Anne McCaffrey/Dick Hill,2005
House of Stairs,William Sleator,1991
Oddballs,William Sleator,1995
Hell Phone,William Sleator,2006
The Beasties,William Sleator,1999
The Duplicate,William Sleator,1999
Strange Attractors,William Sleator,1991
Parasite Pig (Interstellar Pig #2),William Sleator,2004
The Boy Who Couldn't Die,William Sleator,2005
Among the Dolls,William Sleator,2006
That's Silly,William Sleator/Lawrence Di Fiori,1981
Once Said Darlene,William Sleator/Steven Kellogg,1979
Boltzmon!,William Sleator,1999
Interstellar Pig (Interstellar Pig #1),William Sleator,2001
A Birthday for Frances,Russell Hoban/Lillian Hoban,2002
Pilgermann,Russell Hoban,2002
How Tom Beat Captain Najork and His Hired Sportsmen (Captain Najork #1),Russell Hoban/Quentin Blake,2006
World's Fair,E.L. Doctorow,1996
The March,E.L. Doctorow,2006
Three Complete Novels: Billy Bathgate/World's Fair/Loon Lake,E.L. Doctorow,1994
The Discomfort Zone: A Personal History,Jonathan Franzen,2006
A Confederacy of Dunces,John Kennedy Toole,2003
A Confederacy of Dunces,John Kennedy Toole/Walker Percy,2000
La conjura de los necios,John Kennedy Toole,2006
Lost,Gregory Maguire/Douglas Smith,2002
The Dream Stealer,Gregory Maguire/Diana Bryan,2002
Four Stupid Cupids (The Hamlet Chronicles  #4),Gregory Maguire/Elaine Clayton,2001
Wicked: The Grimmerie,David Cote/Stephen Schwartz/Joan Marcus/Winnie Holzman,2005
A Little Bit Wicked (Last Man Standing  #1),Victoria Alexander,2006
My Wicked  Wicked Ways,Errol Flynn/Jeffrey Meyers,2005
The Wonderful Story of Henry Sugar and Six More,Roald Dahl,1984
The Wonderful Story Of Henry Sugar and Six More,Roald Dahl,2001
Danny The Champion of the World,Roald Dahl/Jill Bennett,1984
Danny the Champion of the World,Roald Dahl,2009
Danny The Champion Of The World,Roald Dahl/Quentin Blake,2002
Danny  Champion Du Monde,Roald Dahl,2001
The Science of the Hitchhiker's Guide to the Galaxy,Michael Hanlon,2006
The Dark Is Rising Sequence,Susan Cooper,1984
Inside Job,Connie Willis,2005
Miracle and Other Christmas Stories,Connie Willis,2000
Lincoln's Dreams,Connie Willis,1992
Uncharted Territory,Connie Willis,1994
Passage,Connie Willis,2002
Bellwether,Connie Willis,1997
Writing Degree Zero,Roland Barthes/Annette Lavers/Colin Smith/Susan Sontag,1977
New Worlds  Ancient Texts: The Power of Tradition and the Shock of Discovery,Anthony Grafton,1995
The Book of My Life,Girolamo Cardano/Jean Stoner/Anthony Grafton,2002
A Crack in the Edge of the World,Simon Winchester,2006
The Map That Changed the World: William Smith and the Birth of Modern Geology,Simon Winchester,2002
The River at the Center of the World: A Journey Up the Yangtze & Back in Chinese Time,Simon Winchester,2004
Outposts: Journeys to the Surviving Relics of the British Empire,Simon Winchester,2004
Krakatoa: The Day the World Exploded: August 27  1883,Simon Winchester,2005
How the Irish Saved Civilization,Thomas Cahill,2003
Irish Traditional Cooking: Over 300 Recipes from Ireland's Heritage,Darina Allen/Regina Sexton,2004
The Scotch-Irish: A Social History,James Graham Leyburn,1989
Irish Blessings,Ashley Shannon,1999
Classical Drawing Atelier: A Contemporary Guide to Traditional Studio Practice,Juliette Aristides,2006
Common Herbs for Natural Health,Juliette De Bairacli Levy/Heather  Wood,1996
The Complete Herbal Handbook for the Dog and Cat,Juliette De Bairacli Levy,1991
El rey de Les Halles,Juliette Benzoni/Francisco Rodriguez de Lecea,2007
The Case of the Snowboarding Superstar (Jigsaw Jones  #29),James Preller/R.W. Alley/Jamie  Smith,2006
The Case Of The Kidnapped Candy (Jigsaw Jones Mystery #30),James Preller/R.W. Alley/Jamie  Smith,2007
The Case of the Marshmallow Monster (Jigsaw Jones  #11),James Preller/R.W. Alley,2001
The Case of the Stinky Science Project (Jigsaw Jones  #9),James Preller/John Speirs/James Preller,2001
The Case Of The Buried Treasure,James Preller/Jamie Smith/R.W. Alley,2002
The Case of the Mummy Mystery (Jigsaw Jones  #6),James Preller/John Speirs/R.W. Alley,2001
Mrs. Piggle-Wiggle (Mrs. Piggle Wiggle  #1),Betty MacDonald/Alexandra Boiger,2007
Mrs. Piggle-Wiggle's Magic (Mrs. Piggle Wiggle  #2),Betty MacDonald/Alexandra Boiger,2007
Hello  Mrs. Piggle-Wiggle (Mrs. Piggle Wiggle  #4),Betty MacDonald/Alexandra Boiger,2007
Mrs. Piggle-Wiggle Treasury (Mrs. Piggle Wiggle  #1-2  #4),Betty MacDonald/Hilary Knight,1995
Brightness Reef (Uplift Storm Trilogy  #1),David Brin,1996
Brightness Falls,Jay McInerney,2001
This Side of Brightness,Colum McCann,2003
Dazzling Brightness (Greek Myths  #1),Roberta Gellis,1994
Bright Lights  Big City,Jay McInerney/Sylvie Durastanti,1997
How it Ended,Jay McInerney,2009
Savage Inequalities: Children in America's Schools,Jonathan Kozol,1992
Skipping Towards Gomorrah: The Seven Deadly Sins and the Pursuit of Happiness in America,Dan Savage,2003
Savage Love: Straight Answers from America's Most Popular Sex Columnist,Dan Savage,1998
The Doll's House (The Sandman  #2),Neil Gaiman/Steve Parkhouse/Chris Bachalo/Michael Zulli/Mike Dringenberg/Malcolm Jones III/Todd Klein/Clive Barker,1999
Dream Country (The Sandman  #3),Neil Gaiman/Kelley Jones/Charles Vess/Colleen Doran/Malcolm Jones III/Steve Erickson,1999
Season of Mists (The Sandman  #4),Neil Gaiman/Matt Wagner/George Pratt/Dick Giordano/Kelley Jones/P. Craig Russell/Mike Dringenberg/Malcolm Jones III/Todd Klein/Harlan Ellison,1999
A Game of You (The Sandman  #5),Neil Gaiman/Shawn McManus/Colleen Doran/Bryan Talbot/George Pratt/Stan Woch/Dick Giordano/Todd Klein,1999
World's End (The Sandman  #8),Neil Gaiman/Mike Allred/Gary Amaro/Mark Buckingham/David Giordano/Tony Harris/Steve Leialoha/Vince Locke/Shea Anton Pensa/Alec Stevens/Bryan Talbot/John Watkiss/Todd Klein/Michael Zulli/Stephen King,1999
The Wake (The Sandman  #10),Neil Gaiman/Michael Zulli/Jon J. Muth/Charles Vess/Mikal Gilmore,1999
Fables & Reflections (The Sandman  #6),Neil Gaiman/Bryan Talbot/Stan Woch/P. Craig Russell/Shawn McManus/John Watkiss/Jill Thompson/Duncan Eagleson/Kent Williams/Todd Klein,1999
Common Ground: A Turbulent Decade in the Lives of Three American Families,J. Anthony Lukas,1986
Common Ground: The Water  Earth  and Air We Share,Molly Bang,1997
Uncommon Ground: Rethinking the Human Place in Nature,William Cronon,1996
Uncommon Grounds (Maggy Thorsen Mystery #1),Sandra Balzo,2005
The Ecological Approach to Visual Perception,James J. Gibson,1986
Fucked By Rock + Cd,Mark Manning,2001
The Fuck-Up,Arthur Nersesian,1999
Pledged: The Secret Life of Sororities,Alexandra Robbins,2004
Dust (Richard Jury  #21),Martha Grimes,2007
The Old Wine Shades (Richard Jury  #20),Martha Grimes,2007
The Dirty Duck (Richard Jury  #4),Martha Grimes,2004
Belle Ruin (Emma Graham  #3),Martha Grimes,2006
Jerusalem Inn (Richard Jury  #5),Martha Grimes,2004
The Anodyne Necklace (Richard Jury  #3),Martha Grimes,2004
The Man With a Load of Mischief (Richard Jury  #1),Martha Grimes,2003
The Five Bells and Bladebone (Richard Jury  #9),Martha Grimes,2002
Blankets,Craig Thompson,2003
Beauty's Release (Sleeping Beauty  #3),A.N. Roquelaure/Anne Rice,1999
Eden: It's an Endless World  Volume 3 (Eden: It's an Endless World  #3),Hiroki Endo,2006
Tuck Everlasting,Natalie Babbitt,2005
The Philosophy of History,Georg Wilhelm Friedrich Hegel/J. Sibree/C.J. Friedrich/Charles Hegel,2004
Reason in History,Georg Wilhelm Friedrich Hegel/Robert S. Hartman,1995
The Essential Writings,Georg Wilhelm Friedrich Hegel,1977
Introduction to the Philosophy of History with Selections from The Philosophy of Right,Georg Wilhelm Friedrich Hegel/Leo Rauch,1988
Hegel: A Very Short Introduction,Peter Singer,2001
Elements of the Philosophy of Right,Georg Wilhelm Friedrich Hegel/Allen W. Wood/Raymond Geuss,1991
Von Helden Und Schelmen: Tall Tales and Legends for Intermediate Students of German,Kurt Reiter,1989
American Dragons: Twenty-five Asian American Voices,Laurence Yep/Kam Mak/Ann Tashi Slater,1995
The Rainbow People,Laurence Yep/David Wiesner,1992
Child of the Owl (Golden Mountain Chronicles  #7),Laurence Yep,2001
Dragon's Gate (Golden Mountain Chronicles  #3),Laurence Yep,2001
Man Who Tricked a Ghost,Laurence Yep/Isadore Seltzer,1997
The Dragon Prince: A Chinese Beauty & the Beast Tale,Laurence Yep/Kam Mak,1999
The Legend of Huma (Dragonlance: Heroes  #1),Richard A. Knaak,2004
The Dark Mirror (The Bridei Chronicles  #1),Juliet Marillier,2007
Investing in Real Estate,Andrew James McLean/Gary W. Eldred,2005
No god but God: The Origins  Evolution and Future of Islam,Reza Aslan,2006
Flashman on the March (The Flashman Papers  #12),George MacDonald Fraser,2006
March Upcountry (Empire of Man  #1),David Weber/John Ringo,2002
King of the Middle March,Kevin Crossley-Holland,2006
The Dobe Ju/'hoansi,Richard B. Lee,2002
Get Out of My Life  but First Could You Drive Me & Cheryl to the Mall?,Anthony E. Wolf,2002
Out of Egypt (Christ the Lord  #1),Anne Rice,2006
Get Out of Your Mind and Into Your Life: The New Acceptance and Commitment Therapy,Steven C. Hayes/Spencer  Smith,2005
The Out-of-Sync Child Has Fun: Activities for Kids with Sensory Processing Disorder,Carol Stock Kranowitz/T.J. Wylie,2006
Out of the Silent Planet (The Space Trilogy  #1),C.S. Lewis,2005
Coming Out,Danielle Steel,2006
Shutting Out the Sky: Life in the Tenements of New York  1880-1924,Deborah Hopkinson,2003
Art Out of Time: Unknown Comics Visionaries  1900-1969,Dan Nadel,2006
The Out-of-Sync Child Has Fun: Activities for Kids with Sensory Integration Dysfunction,Carol Stock Kranowitz/T.J. Wylie/Trude Turnquist,2003
Shout Out Loud! 3,Satosumi Takaguchi,2006
Out,Natsuo Kirino/Stephen Snyder,2005
Disparitions,Natsuo Kirino,2002
Die Umarmung des Todes,Natsuo Kirino,2003
Are We There Yet?,David Levithan,2008
Nick & Norah's Infinite Playlist,Rachel Cohn/David Levithan,2006
How to Make Money Like a Porn Star,Neil Strauss/Jenna Jameson,2006
The Mystery Method: How to Get Beautiful Women Into Bed,Mystery/Neil Strauss,2007
The Dirt: Confessions of the World's Most Notorious Rock Band,Neil Strauss/Vince Neil/Nikki Sixx/Mick Mars/Tommy Lee,2002
Una Vida Con Proposito Volumen 6,Rick Warren,2005
Maya,Jostein Gaarder/James Anderson,2011
The Orange Girl,Jostein Gaarder/James Anderson,2005
That Same Flower: Floria Aemilia's Letter to St. Augustine,Jostein Gaarder/Anne   Born,1998
When I Was Puerto Rican,Esmeralda Santiago,1994
Delwau Duon: Peintiadau Nicholas Evans = Symphonies in Black: The Paintings of Nicholas Evans,Nicholas    Evans/Rhonda  Evans,1987
Psychonavigation: Techniques for Travel Beyond Time,John Perkins,1999
The Stress-free Habit: Powerful Techniques for Health & Longevity from the Andes  Yucatan & the Far East,John Perkins,1989
Let Justice Roll Down,John M. Perkins/Shane Claiborne,2006
The Namesake: A Portrait of the Film Based on the Novel by Jhumpa Lahiri,Mira Nair/Jhumpa Lahiri,2006
The Collected Poems of Robert Penn Warren,Robert Penn Warren/John Burt/Harold Bloom,1998
The Glass Castle,Jeannette Walls/Julia Gibson,2005
The Little Baby Snoogle-Fleejer,Jimmy Carter/Amy Carter,1995
Keeping Faith: Memoirs of a President,Jimmy Carter,1995
Animal  Vegetable  Miracle: A Year of Food Life,Barbara Kingsolver/Steven L. Hopp/Camille Kingsolver/Richard A. Houser,2007
The Essential John Nash,John F. Nash/Harold William Kuhn/Sylvia Nasar,2007
Z for Zachariah,Robert C. O'Brien,2007
The Anatomy of Human Destructiveness,Erich Fromm,1992
Escape from Freedom,Erich Fromm,1994
The Art of Being,Erich Fromm/Rainer Funk,1994
Man for Himself: An Inquiry into the Psychology of Ethics,Erich Fromm,2003
The Days of Vengeance: An Exposition of the Book of Revelation,David H. Chilton,1987
Malinche,Laura Esquivel/Jordi Castells,2006
Malinche,Laura Esquivel/Jordi Castells/Ernesto Mestre-Reed,2006
Faulkner: A Biography,Joseph Blotner,2005
The Best Bug Parade,Stuart J. Murphy/Holly Keller,1996
Flight Dreams (Mark Manning Mystery  #1),Michael Craft,2000
Eye Contact (Mark Manning Mystery  #2),Michael Craft,1999
Hot Spot (Mark Manning Mystery  #6),Michael Craft,2003
Body Language (Mark Manning Mystery  #3),Michael Craft,2000
The Second World War,Winston S. Churchill/John Keegan,1986
Memoirs of the Second World War,Winston S. Churchill/Denis Kelly,1991
Six Degrees of Separation,John Guare,1995
Amarse con los ojos abiertos,Jorge Bucay/Silvia Salinas,2004
McGraw-Hill's SAT I (McGraw-Hill's SAT I),Christopher   Black/Mark Anestis,2005
The Best Recipes in the World: More Than 1 000 International Dishes to Cook at Home,Mark Bittman,2005
The Minimalist Cooks at Home: Recipes That Give You More Flavor from Fewer Ingredients in Less Time,Mark Bittman,2002
The Soldiers' Tale: Bearing Witness to Modern War,Samuel Hynes,1998
How the Irish Saved Civilization: The Untold Story of Ireland's Heroic Role from the Fall of Rome to the Rise of Medieval Europe,Thomas Cahill,1996
Confessions of Saint Augustine (Paraclete Living Library),Augustine of Hippo/J.M. Lelen,1997
City of God,Augustine of Hippo/Henry Bettenson,2003
An Odyssey in Learning and Perception,Eleanor J. Gibson,1994
Complete Works of Tacitus,Tacitus/Alfred J. Church/William Jackson Brodribb/Moses Hadas,1964
The Agricola and The Germania,Tacitus/Harold Mattingly/S.A. Handford,1971
Agricola / Germania / Dialogue on Oratory,Tacitus/Maurice Hutton/Robert Maxwell Ogilvie/E.H. Warmington/William Peterson/Michael Winterbottom,1914
Agricola/Germany,Tacitus/Anthony Richard Birley,1999
An Inquiry into the Nature and Causes of the Wealth of Nations,Adam Smith,2003
The Wealth of Nations,Adam Smith/Robert B. Reich,2000
Aquinas's Shorter Summa: Saint Thomas's Own Concise Version of His Summa Theologica,Thomas Aquinas,2005
Saint Thomas Aquinas,G.K. Chesterton/Anton C. Pegis,1974
Summa Theologica  5 Vols,Thomas Aquinas,1981
Selected Writings,Thomas Aquinas/Ralph McInerny,1998
Selected Philosophical Writings,Thomas Aquinas/Timothy McDermott,1998
Treatise on Happiness,Thomas Aquinas/John A. Oesterle,1984
New Jewish Wedding  Revised,Anita Diamant,2001
How to Be a Jewish Parent: A Practical Handbook for Family Life,Anita Diamant/Karen Kushner,2000
Every Second Counts,Lance Armstrong/Sally Jenkins,2004
The Collected Stories of Isaac Bashevis Singer,Isaac Bashevis Singer/Herb Johnson,1983
Der Golem,Isaac Bashevis Singer,2001
Collected Stories III: One Night in Brazil to The Death of Methuselah,Isaac Bashevis Singer/Ilan Stavans,2004
The Slave,Isaac Bashevis Singer/Cecil Hemley,1988
Collected Stories I: Gimpel the Fool to The Letter Writer,Isaac Bashevis Singer/Ilan Stavans,2004
Blind Flight,Hilary H. Milton,1982
Tornado!,Hilary H. Milton,1983
From the Age of Discovery to a World at War (America: The Last Best Hope #1),William J. Bennett,2006
On Democracy  Revolution  and Society,Alexis de Tocqueville/John Stone/Stephen Mennell,1982
The Two Tocquevilles  Father and Son,R.R. Palmer,1987
The Iron Dragon's Daughter,Michael Swanwick,2012
The Book of Five Rings,Miyamoto Musashi/Thomas Cleary,1993
The Book of Five Rings,Miyamoto Musashi/Thomas Cleary,2005
The Lord of the Rings Sketchbook,Alan  Lee/Ian McKellen,2005
The Book of Five Rings,Miyamoto Musashi/William Scott Wilson/Shiro Tsujimura,2002
The Deception of the Emerald Ring (Pink Carnation  #3),Lauren Willig,2006
Only the Ring Finger Knows: The Ring Finger Falls Silent (Only the Ring Finger Knows #3),Satoru Kannagi/Hotaru Odagiri,2006
Only the Ring Finger Knows: The Left Hand Dreams of Him (Only the Ring Finger Knows  #2),Satoru Kannagi/Hotaru Odagiri,2006
1000 Rings: Inspiring Adornments for the Hand,Marthe Le Van/Robert W. Ebendorf/Lark Books,2004
The Postman Always Rings Twice,James M. Cain,2010
The Ring Bearer,Laura Godwin/John Wallace,2006
Legend of the Five Rings RPG,Rich Wulf/Shawn Carman/Seth Mason/Rob Vaux/Katie Yates/Brian Yoon/Fred Wan/D.J. Trindle,2005
The Lord of the Rings and Philosophy: One Book to Rule Them All,Gregory Bassham/Eric Bronson,2003
The Ruby Ring,Diane Haeger,2005
Only the Ring Finger Knows: The Lonely Ring Finger (Only the Ring Finger Knows  #1),Satoru Kannagi/Hotaru Odagiri/Allison Markin Powell,2006
The Rings of Saturn,W.G. Sebald/Michael Hulse,1995
Only the Ring Finger Knows,Satoru Kannagi/Hotaru Odagiri/Sachiko Sato,2004
The Ring  Volume 1,Misao Inagaki/Hiroshi Takahashi,2003
The Road To War  1933 39,Andrew      Hunt,2000
The Drifting Classroom  Vol. 5 (Drifting Classroom),Kazuo Umezu,2007
The Drifting Classroom  Vol. 1,Kazuo Umezu,2006
The Drifting Classroom  Vol. 6 (The Drifting Classroom),Kazuo Umezu,2007
The Drifting Classroom  Vol. 7 (The Drifting Classroom),Kazuo Umezu,2007
The Drifting Classroom  Vol. 2 (Drifting Classroom),Kazuo Umezu,2006
The Drifting Classroom  Vol. 4 (Drifting Classroom),Kazuo Umezu,2007
The Franco-Prussian War,Michael Eliot Howard,2001
My Uncle Napoleon,Iraj Pezeshkzad/Dick Davis/Azar Nafisi,2006
Hadji Murad,Leo Tolstoy/Aylmer Maude/Louise Maude/Azar Nafisi,2003
Shahnameh: The Persian Book of Kings,Abolqasem Ferdowsi/Dick Davis/Azar Nafisi,2007
Killer 7 Official Strategy Guide,Brady Games,2005
Castlevania: Curse of Darkness Official Strategy Guide,Brady Games,2005
World of Warcraft Atlas,Brady Games,2005
Manhunt Official Strategy Guide,Tim Bogenn,2003
The Road to Jerusalem (The Knight Templar  #1),Jan Guillou/Anna Paterson,2002
Buddhism: A Concise Introduction,Huston Smith/Philip Novak,2004
Cleansing the Doors of Perception: The Religious Significance of Entheogenic Plants and Chemicals,Huston Smith,2003
I'll Be Home Before Midnight and I Won't Get Pregnant,Anthony E. Wolf,1988
Beneath the Wheel,Hermann Hesse/Michael E. Roloff,2003
Love Mode  Vol. 3,Yuki Shimizu,2006
Love Mode  Vol. 1,Yuki Shimizu,2005
Love Mode  Vol. 5,Yuki Shimizu,2007
Love Mode  Vol. 2,Yuki Shimizu,2006
Love Mode  Vol. 6,Yuki Shimizu,2007
Balzac And The Little Chinese Seamstress,Dai Sijie/Ina Rilke,2002
The Medium is the Massage,Marshall McLuhan/Quentin Fiore/Jerome Agel,2001
Essential McLuhan,Marshall McLuhan/Eric McLuhan/Frank Zingrone,1997
Understanding Media: The Extensions of Man,Marshall McLuhan/W. Terrence Gordon/Philip B. Meggs,2003
The Best American Sports Writing 2006,Michael     Lewis/Glenn Stout,2006
Kinfolk,Pearl S. Buck,2004
Pearl S. Buck: A Cultural Biography,Peter Conn,1998
The Mother,Pearl S. Buck,2004
Glamorama,Bret Easton Ellis,2010
Glamorama,Bret Easton Ellis/Pierre Guglielmina,2001
Bright Lights  Big Ass,Jen Lancaster,2007
Morrigan's Cross (Circle Trilogy  #1),Nora Roberts,2006
Rebellion (The MacGregors  #0.1),Nora Roberts,2006
Dream Makers: Untamed / Less of a Stranger,Nora Roberts,2006
Spellbound (Once Upon  #1),Nora Roberts,2005
Angels Fall,Nora Roberts,2006
True Betrayals / Montana Sky / Sanctuary,Nora Roberts,2001
First Impressions,Nora Roberts,2006
Public Secrets,Nora Roberts,2012
The MacGregors: Serena & Caine (The MacGregors  #1 -2),Nora Roberts,2006
The MacGregors: Alan & Grant (The MacGregors  #3-4),Nora Roberts,2006
Kissing in Manhattan,David Schickler,2002
Making Democracy Work: Civic Traditions in Modern Italy,Robert D. Putnam,1994
The Comparative Study of Political Elites,Robert D. Putnam,1976
A Random Walk Down Wall Street,Burton G. Malkiel,2003
A Random Walk Down Wall Street,Burton G. Malkiel/Christopher Flavin,1985
Identity Crisis,Brad Meltzer/Rags Morales/Michael Bair/Joss Whedon,2006
Superman: Secret Identity,Kurt Busiek/Stuart Immonen,2013
The Dissociative Identity Disorder Sourcebook,Deborah Bray Haddock,2001
Double Identity,Margaret Peterson Haddix,2005
Identity,Milan Kundera/Linda Asher,1998
Slowness,Milan Kundera/Linda Asher,1997
Laughable Loves,Milan Kundera/Suzanne Rappaport,2000
Learned Optimism: How to Change Your Mind and Your Life,Martin E.P. Seligman,2006
Homer Price,Robert McCloskey,2005
The Classical World: An Epic History from Homer to Hadrian,Robin Lane Fox,2006
The Coalwood Way: A Memoir  (Coalwood  #2),Homer Hickam,2001
Man's Search for Meaning,Viktor E. Frankl/Ilse Lasch/Harold S. Kushner/William J. Winslade,2006
Man's Search for Meaning,Viktor E. Frankl/Ilse Lasch/Gordon W. Allport,2004
Good Grief: The Story of Charles M. Schulz,Rheta Grimsley Johnson,1989
Peanuts: The Art of Charles M. Schulz,Chip Kidd/Jean Schulz/Charles M. Schulz/Geoff Spear,2003
Autobiography of a Yogi,Paramahansa Yogananda,2002
To the Last Man: A Novel of the First World War,Jeff Shaara,2005
African Nights,Kuki Gallmann,2000
Angels & Demons (Robert Langdon  #1),Dan Brown,2003
Letters of St. Augustine,Augustine of Hippo,1992
Love and Saint Augustine,Hannah Arendt/Joanna Vecchiarelli Scott/Judith Chelius Stark,1998
Healthy Cooking for IBS: 100 Delicious Recipes to Keep You Symptom-Free,Sophie Braimbridge/Erica Jankovich,2006
Me vs. Me,Sarah Mlynowski,2006
Spells & Sleeping Bags (Magic in Manhattan  #3),Sarah Mlynowski,2007
Bras & Broomsticks (Magic in Manhattan  #1),Sarah Mlynowski,2006
Monkey Business,Sarah Mlynowski,2005
Frogs & French Kisses (Magic in Manhattan  #2),Sarah Mlynowski,2006
Big Anthony and the Magic Ring,Tomie dePaola,1979
Patrick: Patron Saint of Ireland,Tomie dePaola,1992
The Rattle-Rat,Janwillem van de Wetering,2003
Robert Van Gulik: His Life His Work,Janwillem van de Wetering/Arthur P. Yin,1998
Revolutionary Girl Utena  Vol. 2: To Plant,Chiho Saito,2004
Revolutionary Girl Utena  Vol. 3: To Sprout,Chiho Saito/Be-Pas,2004
Revolutionary Girl Utena  Vol. 4: To Bud,Chiho Saito,2003
Revolutionary Girl Utena  Vol. 5: To Blossom,Chiho Saito/Lillian Olsen/Be-Papas,2004
The Enneads,Plotinus/Stephen MacKenna/John M. Dillon,1991
Ennead IV (Plotinus IV),Plotinus/A.H. Armstrong,1984
Anaximander  Heraclitus  Parmenides  Plotinus  Lao-Tzu  Nagarjuna (from Great Philosophers 2),Karl Jaspers/Ralph Manheim,1974
The Cultural Cold War: The CIA and the World of Arts and Letters,Frances Stonor Saunders,2001
Trust Fund,Stephen W. Frey,2002
The Chairman (Christian Gillette  #1),Stephen W. Frey,2005
The Mystery of the Ancient Pyramid: Cairo  Egypt (Around the World in 80 Mysteries),Carole Marsh,2006
The Mystery in the Rocky Mountains,Carole Marsh,2001
The Mystery on the Mighty Mississippi,Carole Marsh,2001
Medal of Honor: Rising Sun (Prima's Official Strategy Guide),Mark Cohen,2003
The Elder Scrolls IV: Oblivion -- Revised & Expanded (Xbox360  PC) (Prima Official Game Guide),Peter Olafson,2007
Social Intelligence: The New Science of Human Relationships,Daniel Goleman,2006
The Power of Truth: A Leading with Emotional Intelligence Conversation with Warren Bennis,Daniel Goleman/Warren Bennis,2006
Emotional Intelligence: Why It Can Matter More Than IQ,Daniel Goleman,2006
Healing Emotions: Conversations with the Dalai Lama on Mindfulness  Emotions  and Health,Daniel Goleman,2003
The MacMillan Bible Atlas,Yohanan Aharoni/Michael Avi-Yonah,1993
Paris 1919: Six Months that Changed the World,Margaret MacMillan/Richard Holbrooke,2003
Scripta Minora: Hiero/Agesilaus/Constitution of the Lacedaemonians/Ways & Means/Cavalry Commander/Art of Horsemanship/On Hunting/Constitution of the Athenians,Xenophon/Edgar C. Marchant/G.W. Bowersock,1925
Primary English: Knowledge and Understanding,Jane Medwell/David Wray,2007
The Philosophy of Hegel,Georg Wilhelm Friedrich Hegel/Carl Joachim Friedrich,1965
Wissenschaft der Logik: Die Lehre Vom Begriff (1816),Georg Wilhelm Friedrich Hegel,1994
Existentialism from Dostoevsky to Sartre,Walter Kaufmann,1975
Anti-Semite and Jew: An Exploration of the Etiology of Hate,Jean-Paul Sartre/Michael Walzer/George J. Becker,1995
CSS: The Definitive Guide,Eric A. Meyer,2006
Fullmetal Alchemist  Vol. 14 (Fullmetal Alchemist  #14),Hiromu Arakawa/Akira Watanabe,2007
Fullmetal Alchemist: The Abducted Alchemist (Fullmetal Alchemist  #2),Makoto Inoue/Hiromu Arakawa/Alexander O. Smith/Rich Amtower,2006
Fullmetal Alchemist  Vol. 12 (Fullmetal Alchemist  #12),Hiromu Arakawa/Akira Watanabe,2007
Programming in C,Stephen G. Kochan,2004
Java: An Introduction to Problem Solving and Programming,Walter J. Savitch,2004
Absolute C++,Walter J. Savitch,2007
The Odyssey,Homer/Edward McCrorie/Richard P. Martin,2005
The Odyssey (New Translations from Antiquity),Homer/Edward McCrorie/Richard P. Martin,2004
Bulfinch's Mythology,Thomas Bulfinch/Richard P. Martin,1991
Teaching Reading Comprehension to Students with Learning Difficulties,Janette K. Klingner/Sharon R. Vaughn/Alison Boardman,2007
Seven Gothic Tales,Isak Dinesen/Karen Blixen,2002
Last Tales,Isak Dinesen/Karen Blixen,1991
Isak Dinesen: The Life of a Storyteller,Judith Thurman,1995
Out of Africa / Shadows on the Grass,Isak Dinesen/Karen Blixen,1989
Letters from Africa  1914-1931,Isak Dinesen/Karen Blixen/Frans Lasson/Anne   Born,1984
Witness,Karen Hesse,2003
The Cats In Krasinski Square,Karen Hesse/Wendy Watson,2004
The Music of Dolphins,Karen Hesse,1998
Verbatim: From the bawdy to the sublime  the best writing on language for word lovers  grammar mavens  and armchair linguists,Erin McKean,2001
Sisters,Danielle Steel,2007
The Long Road Home,Danielle Steel,1999
Three Plays of Euripides: Alcestis/Medea/The Bacchae,Euripides/Paul Roche,1974
Leadership Challenge,James M. Kouzes,2004
The Kestrel (Westmark  #2),Lloyd Alexander,2002
The God in the Moon (Age of Conan: Hyborian Adventures: A Soldier's Quest  #1),Richard A. Knaak,2006
Firedrake (Dragonrealm #1),Richard A. Knaak,2000
Night of Blood (Dragonlance: The Minotaur Wars  #1),Richard A. Knaak/Margaret Weis,2004
The Eye of Charon (Age of Conan: Hyborian Adventures: A Soldier's Quest  #2),Richard A. Knaak,2006
Children of the Drake (Dragonrealm: Origins  #2),Richard A. Knaak,2000
Sleeping Beauty Trilogy (Sleeping Beauty  #1-3),A.N. Roquelaure/Anne Rice,1999
Beauty's Punishment,A.N. Roquelaure/Anne Rice,1984
The Land of the Dead (Tales from the Odyssey  #2),Mary Pope Osborne/Homer/Troy Howell,2003
The One-Eyed Giant (Tales from the Odyssey  #1),Mary Pope Osborne/Homer/Troy Howell,2003
Tsunamis and Other Natural Disasters (Magic Tree House Research Guide  #15),Mary Pope Osborne/Natalie Pope Boyce/Salvatore Murdocca,2007
The Final Battle (Tales from the Odyssey  #6),Mary Pope Osborne/Troy Howell,2005
Ancient Greece and the Olympics (Magic Tree House Research Guide  #10),Mary Pope Osborne/Natalie Pope Boyce/Salvatore Murdocca,2004
Ancient Rome and Pompeii (Magic Tree House Research Guide  #14),Mary Pope Osborne/Natalie Pope Boyce/Salvatore Murdocca,2006
Haunted Castle on Hallows Eve (Magic Tree House #30),Mary Pope Osborne/Salvatore Murdocca,2004
Earthquake in the Early Morning (Magic Tree House  #24),Mary Pope Osborne/Salvatore Murdocca,2010
E.E. Cummings: Complete Poems 1904-1962 (Revised  Corrected  and Expanded Edition),E.E. Cummings/George J. Firmage,1994
Selected Poems,E.E. Cummings/Richard S. Kennedy,2007
Tulips & Chimneys,E.E. Cummings/Richard S. Kennedy,1996
Kokopelli: The Magic  Mirth  and Mischief of an Ancient Symbol,Dennis Slifer/R. Carlos Nakai,2007
The Coal Tattoo,Silas House,2005
Clay's Quilt,Silas House,2002
Things Pondered: From the Heart of a Lesser Woman,Beth Moore,2004
Scholastic Success with 4th Grade Workbook,Terry Cooper,2003
The Punisher  Vol. 6: Confederacy of Dunces,Garth Ennis,2004
Thunderbird Falls  (Walker Papers  #2),C.E. Murphy,2006
Coyote Dreams (Walker Papers  #3),C.E. Murphy,2007
Time for Revolution,Antonio Negri/Matteo Mandarini,2005
The Philosophy of Antonio Negri  Volume One: Resistance in Practice,Timothy S. Murphy/Abdul-Karim Mustapha,2005
Act of Treason (Mitch Rapp  #9),Vince Flynn,2006
Act of Treason (Mitch Rapp  #9),Vince Flynn,2007
Act of Treason (Mitch Rapp  #9),Vince Flynn,2007
President Dad  Volume 2,Ju-Yeon Rhim,2005
Game of Shadows: Barry Bonds  BALCO  and the Steroids Scandal that Rocked Professional Sports,Mark Fainaru-Wada/Lance Williams,2007
Dark Water's Embrace (Mictlan  #1),Stephen Leigh,1998
In Dark Waters,Mary Burton,2005
Oswald Chambers  Abandoned to God: The Life Story of the Author of My Utmost for His Highest,David McCasland/Oswald Chambers,1998
Mandie and the Abandoned Mine (Mandie  #8),Lois Gladys Leppard,1987
Abandoned Prayers: The Incredible True Story of Murder  Obsession and Amish Secrets,Gregg Olsen,2003
C++ Programmer's Notebook,Jim Keogh/John Shapley Gray,2001
The Sibley Field Guide to Birds of Western North America,David Allen Sibley,2003
The National Geographic Society: 100 Years of Adventure & Discovery,C.D.B. Bryan,2001
Park Profiles: Grand Canyon Country (Park Profiles),National Geographic Society,2010
Canada's Incredible Coasts,Donald J. Crump/William R. Gray,1993
Shout Out Loud! 2,Satosumi Takaguchi,2006
Shout Out Loud! 5,Satosumi Takaguchi,2007
Can't Win With You 1,Satosumi Takaguchi/Yukine Honami,2007
Soups,Norman Kolpas/Allan Rosenberg/Chuck Williams/Laurie Wertz,1999
Pies and Tarts,Chuck Williams/Laurie Wertz/John Phillip Carroll,1999
The Fate of Reason: German Philosophy from Kant to Fichte,Frederick C. Beiser,1993
Michael's Golden Rules,Deloris Jordan/Roslyn M. Jordan/Michael Jordan/Kadir Nelson,2007
Confessions of an Actor,Laurence Olivier,1982
For Lust of Knowing: The Orientalists and Their Enemies,Robert Irwin,2007
The Arabian Nightmare,Robert Irwin,2002
The Plot Against America,Philip Roth,2004
Continental Drift,Russell Banks,2007
The Darling,Russell Banks,2005
Affliction,Russell Banks/Pierre Furlan,1999
Success Stories,Russell Banks,1996
Cloudsplitter,Russell Banks,1999
A Multitude of Sins,Richard Ford,2003
The Custom of the Country,Edith Wharton/Linda Wagner-Martin,2006
Quicksand,Nella Larsen,2006
Their Eyes Were Watching God,Zora Neale Hurston/Ruby Dee,2004
Novels and Stories,Zora Neale Hurston/Cheryl A. Wall,1995
Plato on Knowledge and Reality,Nicholas P. White,1976
A Companion to Plato's Republic,Nicholas P. White,1979
Something Rotten (Thursday Next  #4),Jasper Fforde,2005
Lost in a Good Book (Thursday Next  #2),Jasper Fforde,2004
The Well of Lost Plots (Thursday Next #3),Jasper Fforde,2004
First Among Sequels (Thursday Next  #5),Jasper Fforde,2007
The Eyre Affair (Thursday Next  #1),Jasper Fforde,2003
The Eyre Affair (Thursday Next  #1),Jasper Fforde,2001
Chop Shop (Bug Man  #2),Tim Downs,2004
Shoofly Pie (Bug Man  #1),Tim Downs,2003
RG Veda  Vol. 01,CLAMP,2005
Augustine,Henry Chadwick,1986
The Church in Ancient Society: From Galilee to Gregory the Great (History of the Christian Church),Henry Chadwick,2003
East and West: The Making of a Rift in the Church from Apostolic Times until the Council of Florence (History of the Christian Church),Henry Chadwick,2005
Satan in Goray,Isaac Bashevis Singer/Jacob Sloan/Ruth R. Wisse,1996
Lights Out,Peter Abrahams,2002
Behind the Curtain (Echo Falls  #2),Peter Abrahams,2006
Red Message,Peter Abrahams,1986
Her Smoke Rose Up Forever,James Tiptree Jr.,2004
The Starry Rift,James Tiptree Jr.,1994
Teaching to Transgress: Education as the Practice of Freedom,bell hooks,1994
The Roman Empire,Colin      Wells,1995
Bitter Is the New Black: Confessions of a Condescending  Egomaniacal  Self-Centered Smartass  Or  Why You Should Never Carry A Prada Bag to the Unemployment Office,Jen Lancaster,2006
Economics,Paul Krugman/Robin Wells,2007
Development  Geography  and Economic Theory,Paul Krugman,1997
Pop Internationalism,Paul Krugman,1997
An Unquiet Grave (Louis Kincaid  #7),P.J. Parrish,2006
Island Of Bones (Louis Kincaid  #5),P.J. Parrish,2004
Dead Of Winter (Louis Kincaid  #2),P.J. Parrish,2001
Thicker Than Water (Louis Kincaid  #4),P.J. Parrish,2003
Teleportation: From Star Trek to Tesla,Commander X/Tim R. Swartz,2012
Pictures Showing What Happens on Each Page of Thomas Pynchon's Novel Gravity's Rainbow,Zak Smith/Steve Erickson,2006
Sailing the Wine-Dark Sea: Why the Greeks Matter,Thomas Cahill,2004
The Gospel According to Luke,Anonymous/Thomas Cahill,1999
The Third Policeman,Flann O'Brien/Denis Donoghue,1999
The Landmark Thucydides: A Comprehensive Guide to the Peloponnesian War,Thucydides/Robert B. Strassler/Richard Crawley/Victor Davis Hanson,1998
Six Haunted Hairdos (The Hamlet Chronicles  #2),Gregory Maguire/Elaine Clayton,1999
Dancing in the Flames: The Dark Goddess in the Transformation of Consciousness,Marion Woodman/Elinor Dickson,1997
The Complete Book of Home  Site and Office Security: Selecting  Installing and Troubleshooting Systems and Devices,Bill   Phillips,2006
Pope Joan,Donna Woolfolk Cross,2009
Pope Joan: Translated & Adapted from the Greek,Emmanuel Rhoides/Lawrence Durrell,2000
Glass Houses (The Morganville Vampires  #1),Rachel Caine,2006
The Glass House (Captain Lacey  #3),Ashley Gardner,2004
Glass House,Philip Johnson/Toshio Nakamura,2007
The Echo of Greece,Edith Hamilton,1964
Three Greek Plays: Prometheus Bound/Agamemnon/The Trojan Women,Euripides/Aeschylus/Edith Hamilton,1958
The Analects,Confucius/D.C. Lau,1979
The Twentieth Wife (Taj Mahal Trilogy  #1),Indu Sundaresan,2003
A History of God: The 4 000-Year Quest of Judaism  Christianity  and Islam,Karen Armstrong,1994
Buddha,Karen Armstrong,2004
Islam: A Short History,Karen Armstrong,2002
The Spiral Staircase: My Climb Out of Darkness,Karen Armstrong,2005
The Battle for God: A History of Fundamentalism,Karen Armstrong,2001
Muhammad: A Biography of the Prophet,Karen Armstrong,1993
The Analects of Confucius: A Philosophical Translation,Confucius/Henry Rosemont Jr./Roger T. Ames,1999
Analects,Confucius/Edward Slingerland,2003
Hiroshima,John Hersey,1989
The Wall,John Hersey,1988
Silent Spring,Rachel Carson/Linda Lear/Edward O. Wilson,2002
The House of Life: Rachel Carson at Work,Paul Brooks/Rachel Carson,1989
Under the Sea Wind (Nature Classic),Rachel Carson/Bob Hines,1996
Black Meets White,Justine Korman Fontes/Geoff Waring,2005
Back Bay (Peter Fallon  #1),William Martin,1992
Letters from the Bay of Islands: The Story of Marianne Williams,Marianne Williams/Caroline Fitzgerald,2004
"Since ""Silent Spring""",Frank  Graham,1974
A Civil Action,Jonathan Harr,1996
The Lost Painting,Jonathan Harr,2006
The Lost Painting,Jonathan Harr,2005
Gideon's Trumpet: How One Man  a Poor Prisoner  Took His Case to the Supreme Court-And Changed the Law of the United States,Anthony  Lewis,1989
The Library of Greek Mythology,Apollodorus/Robin Hard,1999
The Library 1  Books 1-3.9,Apollodorus/James George Frazer,1921
The Library of Apollodorus: Gods and Heroes of the Greeks,Apollodorus/Selwyn Reginald Cudjoe/Leonard Baskin,1986
Apollodorus' Library and Hyginus' Myths: Two Handbooks of Greek Mythology,Apollodorus/Hyginus/R. Scott Smith/Stephen M. Trzaskoma,2007
Mythographi Graeci 1: Apollodori Bibliotheca  Apollodori epitoma  Procli excerpta ex cycli epici carminibus  Pediasmi libellus de duodecim Herculis...Graecorum et Romanorum Teubneriana,Apollodorus/Richard Wagner,1998
Theogony / Works and Days,Hesiod/M.L. West,1999
The Works and Days/Theogony,Hesiod,2004
Theogony/Works and Days/Shield,Hesiod/Apostolos N. Athanassakis,2004
The Works and Days/Theogony/The Shield of Herakles,Hesiod/Richmond Lattimore,1991
The Poems,Hesiod/R.M. Frazer/Mary Sue Roniger,1983
Theogonia  Opera et Dies  Scutum  Fragmenta Selecta (Classical Texts),Hesiod/Friedrich Solmsen/Reinholdo Merkelbach,1990
Works of Hesiod and the Homeric Hymns,Hesiod/Daryl Hine,2005
The Georgics of Virgil,Virgil/David Ferry,2006
The Death of Virgil,Hermann Broch/Jean Starr Untermeyer,1995
The Eclogues of Virgil,Virgil/David Ferry,2000
The Art of the Personal Essay: An Anthology from the Classical Era to the Present,Phillip Lopate,1994
The Art of the Personal Essay: An Anthology from the Classical Era to the Present,Phillip Lopate,1997
Waterfront: A Walk Around Manhattan,Phillip Lopate,2005
The DC Comics Encyclopedia,Scott Beatty/Robert Greenberger/Phil Jimenez/Daniel  Wallace,2004
The Marvel Encyclopedia,Tom DeFalco/Peter Sanderson/Michael Teitelbaum/Daniel  Wallace/Tom Brevoort/Andrew Darling,2006
Reinventing Jesus: How Contemporary Skeptics Miss the Real Jesus and Mislead Popular Culture,J. Ed Komoszewski/Daniel B. Wallace/M. James Sawyer,2006
The Great Gatsby,F. Scott Fitzgerald/Matthew J. Bruccoli,1995
Daniel Deronda,George Eliot/Earl L. Dachslager/George Stade,2005
King Leopold's Ghost,Adam Hochschild,2006
The End of Days (The Earth Chronicles  #7),Zecharia Sitchin,2007
Mating in Captivity: Reconciling the Erotic and the Domestic,Esther Perel,2006
The Mating Mind: How Sexual Choice Shaped the Evolution of Human Nature,Geoffrey Miller,2001
The Evolution Of Desire: Strategies of Human Mating,David M. Buss,2003
Middlesex,Jeffrey Eugenides,2002
The Liberated Bride,A.B. Yehoshua/Hillel Halkin,2004
Plan of Attack,Bob Woodward/Alice Mayhew,2004
The Commanders,Bob Woodward,2002
Veil: The Secret Wars of the CIA 1981-1987,Bob Woodward,2005
Shadow: Five Presidents and the Legacy of Watergate,Bob Woodward,2000
The Brethren: Inside the Supreme Court,Bob Woodward/Scott Armstrong,2005
Katy and the Big Snow (Book & Cassette),Virginia Lee Burton,1999
Left Behind (Left Behind  #1),Tim LaHaye/Jerry B. Jenkins,2000
Armageddon: The Cosmic Battle of the Ages (Left Behind  #11),Tim LaHaye/Jerry B. Jenkins,2003
Desecration (Left Behind  #9),Tim LaHaye/Jerry B. Jenkins,2002
Nicolae (Left Behind  #3),Tim LaHaye/Jerry B. Jenkins,2005
Banker to the Poor: Micro-Lending and the Battle Against World Poverty,Muhammad Yunus/Alan Jolis,2003
Working with Emotional Intelligence,Daniel Goleman,2000
On Intelligence,Jeff Hawkins/Sandra Blakeslee,2005
The Emotional Intelligence Quick Book: Everything You Need to Know to Put Your EQ to Work,Travis Bradberry/Jean Greaves/Patrick Lencioni,2005
Financial Intelligence: A Manager's Guide to Knowing What the Numbers Really Mean,Karen Berman/Joe Knight/John  Case,2006
Artificial Intelligence: A Modern Approach,Stuart Russell/Peter Norvig,2002
"Most Likely to Succeed at Work: How Work Is Just Like High School -- Crib Notes for Getting Along and Getting Ahead Amidst Bullies  Teachers' Pets  Cheerleaders  and Other Members of the ""Class""",Wilma Davidson/Jack   Dougherty,2003
Walking with the Wind: A Memoir of the Movement,John             Lewis/Michael D'Orso,1999
Jackie After Jack: Portrait of the Lady,Christopher Andersen/Christopher Andersen,1999
To Battle the Gods (Jalav  Amazon Warrior  #5),Sharon Green,1986
A Tale of Love and Darkness,Amos Oz/Nicholas de Lange,2005
What Went Wrong? The Clash Between Islam & Modernity in the Middle East,Bernard Lewis,2003
Not Even Wrong: The Failure of String Theory and the Search for Unity in Physical Law,Peter Woit,2006
Boy  Were  We Wrong About Dinosaurs!,Kathleen V. Kudlinski/S.D. Schindler,2005
There Is Nothing Wrong with You: Going Beyond Self-Hate,Cheri Huber/June Shiver,2001
Dead Wrong (Joanna Brady  #12),J.A. Jance,2006
The Perfect Wrong Note: Learning to Trust Your Musical Self,William Westney,2006
In the Footsteps of Mr. Kurtz: Living on the Brink of Disaster in Mobutu's Congo,Michela Wrong,2002
Acts of Faith,Philip Caputo,2006
Simple Acts of Faith: Heartwarming Stories of One Life Touching Another,Margaret Feinberg/Norman Rockwell,2003
The Cross From A Distance: Atonement In Mark's Gospel,Peter G. Bolt,2004
Cults in Our Midst: The Continuing Fight Against Their Hidden Menace,Margaret Thaler Singer/Robert Jay Lifton,2003
Mortals,Norman Rush,2004
Whites,Norman Rush,1992
Hasta que te encuentre,John Irving/Carlos Milla Soler,2006
Howards End,E.M. Forster/Benjamin DeMott/Regina Marler,2007
Women  Cats: The History of a Love Affair,Michelle Lovric/Lisa Pentreath,2003
EULIS! The History of Love,Paschal Beverly Randolph,2004
Secretos De Familia,Julia Glass,2006
Accidental Empires,Robert X. Cringely,1996
The Complete ACOA Sourcebook: Adult Children of Alcoholics at Home  at Work and in Love,Janet Geringer Woititz/Robert J. Ackerman,2002
Bury the Chains,Adam Hochschild,2006
Bury the Chains,Adam Hochschild,2005
On Christian Belief (Works of Saint Augustine),Augustine of Hippo/Boniface Ramsey/Michael Fiedrowicz,2005
Mary Stewart's Merlin Trilogy (Arthurian Saga  #1-3),Mary  Stewart,2004
Touch Not the Cat,Mary  Stewart,2005
The Gabriel Hounds,Mary  Stewart,2006
The Wicked Day (Arthurian Saga  #4),Mary  Stewart,2003
The Moonspinners,Mary  Stewart,2003
This Rough Magic,Mary  Stewart,2004
Nine Coaches Waiting,Mary  Stewart/Sandra Brown,2006
Airs Above the Ground,Mary  Stewart,2004
Madam  Will You Talk?,Mary  Stewart,2003
The Night of Wishes,Michael Ende/Heike Schwarzbauer/Rick Takvorian/Regina Kehn/Regina Jehn,1995
Mirror in the Mirror,Michael Ende/J. Maxwell Brownjohn,1986
The Greek's Royal Mistress (Princess Brides  #2),Jane Porter,2004
Death of a Perfect Wife (Hamish Macbeth  #4),M.C. Beaton,2006
Cold Sleep (Cold Series #1),Narise Konohara/Nanao Saikawa/Douglas W. Dlin,2006
The Restless Sleep: Inside New York City's Cold Case Squad,Stacy Horn,2006
Le Premier homme,Albert Camus/Catherine Camus,2000
Noces,Albert Camus,1993
How to Be a Perfect Stranger: The Essential Religious Etiquette Handbook,Stuart M. Matlins,2006
The Basic Political Writings,Jean-Jacques Rousseau/Donald A. Cress/Peter Gray,1987
Henri Rousseau: Jungles in Paris,Christopher   Green/Frances Morris/Nancy Ireson/Claire Freches-Thory,2006
Julie  or the New Heloise,Jean-Jacques Rousseau/Philip Stewart/Jean Vache,1997
Anesthesiology Review,Ronald J. Faust/Roy F. Cucchiara/Denise J. Wedel/C. Thomas Wass/Stephen H. Rose/Thomas N. Spackman,2001
Faust  Part Two,Johann Wolfgang von Goethe/Philip Wayne,1960
The Jew of Malta,Christopher Marlowe/H. Havelock Ellis,2003
The Trumpeter of Krakow,Eric P. Kelly/Janina Domanska,1999
Numerical Recipes in C: The Art of Scientific Computing,William H. Press/Saul A. Teukolsky/William T. Vetterling/Brian P. Flannery,1992
Numerical Recipes Example Book C++: The Art of Scientific Computing,William T. Vetterling/William H. Press/Saul A. Teukolsky,2002
Numerical Recipes: Example Book C,William T. Vetterling/Saul A. Teukolsky/William H. Press/Brian P. Flannery,1992
Eugene Onegin,Alexander Pushkin/James E. Falen,1998
Eugene Onegin,Alexander Pushkin/Charles Johnston/Michael Basker/John Bayley,2003
Eugene Onegin,Alexander Pushkin/Charles Johnston/John Bayley,1979
Eugene Onegin,Alexander Pushkin/Walter W. Arndt,2009
Eugene Onegin: A Novel in Verse (Vol. 1),Alexander Pushkin/Vladimir Nabokov,1991
Eugene Onegin  Vol. II (Commentary),Alexander Pushkin/Vladimir Nabokov,1991
Eugene Onegin: A Novel in Verse,Alexander Pushkin/Douglas R. Hofstadter,2000
Eugene Onegin,Alexander Pushkin/Tom Beck,2006
Data Structures and Algorithms in Java,Michael T. Goodrich/Roberto Tamassia,2005
Data Structures and Algorithm Analysis in C++,Mark Allen Weiss,2006
Data Structures and Algorithms in C++,Adam Drozdek,2004
Data Structures and Abstractions with Java,Frank M. Carrano/Walter J. Savitch,2006
Data Structures and Algorithm Analysis in C,Mark Allen Weiss,1996
Data Structures and Algorithms in C++,Adam Drozdek,2000
Algorithms in C  Parts 1-4: Fundamentals  Data Structures  Sorting  Searching,Robert Sedgewick,1997
Savage Stone Age Sticker Book (Horrible Histories),Terry Deary,2005
The Girl  the Dragon  and the Wild Magic (Rhianna  #1),Dave Luckett,2003
Wildfire (Drinker of Souls: Wild Magic  #2),Jo Clayton,1992
A Sudden Wild Magic,Diana Wynne Jones,1997
Wild Magic (Drinker of Souls: Wild Magic  #1),Jo Clayton,1991
Exile's Children (Exiles  #1),Angus Wells,1996
Lords of the Sky,Angus Wells,1995
On a Dark Night I Left My Silent House,Peter Handke/Krishna Winston,2000
Selected Writings,Augustine of Hippo/Emilie Griffin/Mary T. Clark/Francine du Plessix Gray,2006
The Essential Augustine,Augustine of Hippo/Vernon J. Bourke,1978
A Mortal Bane (Magdalene La Batarde  #1),Roberta Gellis,2001
Crimes Against Nature: How George W. Bush and His Corporate Pals Are Plundering the Country and Hijacking Our Democracy,Robert F. Kennedy Jr.,2004
A Lie and a Libel: The History of the Protocols of the Elders of Zion,Binjamin W. Segel/Richard S. Levy/Sergei Nilus,1996
Citizen X: Killer Department,Robert Cullen,1993
A Mulligan for Bobby Jobe: A Novel,Bob Cullen,2002
Close Range,Annie Proulx,2000
Accordion Crimes,Annie Proulx,1997
Heart Songs and Other Stories,Annie Proulx,1995
Cider,Annie Proulx/Lew Nichols,2003
Authentic Happiness: Using the New Positive Psychology to Realize Your Potential for Lasting Fulfillment,Martin E.P. Seligman,2004
Shamanism: Archaic Techniques of Ecstasy,Mircea Eliade/Wendy Doniger/Willard R. Trask,2004
Images and Symbols: Studies in Religious Symbolism,Mircea Eliade/Philip Mairet,1991
The Myth of the Eternal Return or  Cosmos and History,Mircea Eliade/Willard R. Trask,1971
Bengal Nights,Mircea Eliade/Catherine Spencer,1995
Myth and Reality,Mircea Eliade/Willard R. Trask,1998
Dark Intimacy: Hope for Those in Difficult Prayer-Experiences,David J. Hassel,1990
As Eve Said to the Serpent: On Landscape  Gender  and Art,Rebecca Solnit,2003
River of Shadows: Eadweard Muybridge and the Technological Wild West,Rebecca Solnit,2004
Wanderlust: A History of Walking,Rebecca Solnit,2001
Storming the Gates of Paradise: Landscapes for Politics,Rebecca Solnit,2007
Situationist International Anthology: Revised and Expanded Edition,Ken Knabb,2007
Leaving the 20th Century: The Incomplete Work of the Situationist International,Chris Gray/Larry  Law,1998
Barrel Fever and Other Stories,David Sedaris/Amy Sedaris,2001
The Birth of Venus,Sarah Dunant,2004
Far Afield,Susanna Kaysen,1994
The Steps (Steps  #1),Rachel Cohn,2004
The Know-It-All: One Man's Humble Quest to Become the Smartest Person in the World,A.J. Jacobs,2005
The Eden Express: A Memoir of Insanity,Mark Vonnegut/Kurt Vonnegut Jr.,2002
A Wicked Gentleman (Cavendish Square  #1),Jane Feather,2007
A Picture Book of Thomas Jefferson (Picture Book Biographies) (Picture Book Biography),David A. Adler/John Wallner/Alexandra Wallner,1991
Bound In Blood: The Erotic Journey of a Vampire,David Thomas Lord,2001
On Vital Reserves,William  James/Stephen Vicchio,1988
Blue Shoes and Happiness (No. 1 Ladies' Detective Agency #7),Alexander McCall Smith,2007
The Titan's Curse (Percy Jackson and the Olympians  #3),Rick Riordan,2007
The Sea of Monsters (Percy Jackson and the Olympians  #2),Rick Riordan,2006
The Lightning Thief (Percy Jackson and the Olympians  #1),Rick Riordan,2006
The Lightning Thief (Percy Jackson and the Olympians  #1),Rick Riordan,2006
When Santa Fell to Earth,Cornelia Funke/Paul   Howard/Oliver G. Latsch,2006
Inkheart (Inkworld  #1),Cornelia Funke/Anthea Bell,2005
Inkspell (Inkworld  #2),Cornelia Funke/Anthea Bell,2005
Ghosthunters and the Incredibly Revolting Ghost (Ghosthunters  #1),Cornelia Funke,2006
Ghosthunters and the Muddy Monster of Doom! (Ghosthunters  #4),Cornelia Funke/Helena Ragg-Kirkby,2007
The Metaphysical Club,Louis Menand,2010
Vulcan's Forge (Philip Mercer  #1),Jack Du Brul,2005
Pandora's Curse (Philip Mercer #4),Jack Du Brul,2001
Charon's Landing (Philip Mercer  #2),Jack Du Brul,2006
The Medusa Stone (Philip Mercer  #3),Jack Du Brul,2000
River Of Ruin (Philip Mercer  #5),Jack Du Brul,2002
Deep Fire Rising (Philip Mercer  #6),Jack Du Brul,2003
And the Band Played On: Politics  People  and the AIDS Epidemic,Randy Shilts/William Greider,2000
The Band Played Dixie: Race and the Liberal Conscience at Ole Miss,Nadine Cohodas,1997
La mezzanine,Nicholson Baker,1998
Checkpoint,Nicholson Baker,2005
Double Fold: Libraries and the Assault on Paper,Nicholson Baker,2002
A Box of Matches,Nicholson Baker,2004
Dark Star Safari: Overland from Cairo to Cape Town,Paul Theroux,2004
Dark Star Safari: Overland from Cairo to Cape Town,Paul Theroux,2003
The Magicians' Guild (Black Magician Trilogy  #1),Trudi Canavan,2004
The Novice (Black Magician Trilogy  #2),Trudi Canavan,2004
The High Lord (Black Magician Trilogy  #3),Trudi Canavan,2004
The Magicians' Guild (Black Magician Trilogy  #1),Trudi Canavan,2001
Stone Age Economics,Marshall Sahlins,1974
"How ""Natives"" Think: About Captain Cook  For Example",Marshall Sahlins,1996
The Use and Abuse of Biology: An Anthropological Critique of Sociobiology,Marshall Sahlins,1976
Historical Metaphors and Mythical Realities: Structure in the Early History of the Sandwich Islands Kingdom,Marshall Sahlins,1981
Legacy of the Darksword (The Darksword  #4),Margaret Weis/Tracy Hickman,1998
When Rain Clouds Gather,Bessie Head,1996
Election,Tom Perrotta,1998
Joe College,Tom Perrotta,2006
A Void,Georges Perec/Gilbert Adair,2005
Things: A Story of the Sixties; A Man Asleep,Georges Perec/David Bellos/Andrew Leak,2010
W  or the Memory of Childhood,Georges Perec/David Bellos,2010
Species of Spaces and Other Pieces,Georges Perec/John Sturrock,1998
The Daring Young Man on the Flying Trapeze and Other Stories,William Saroyan,1997
My Name is Aram,William Saroyan/Don Freeman,1991
Karate Is a Thing of the Spirit,Harry Crews,1983
La disparition,Georges Perec,1990
Los hermanos Karamazov,Fyodor Dostoyevsky/Alexander Pushkin/Guillermo Suazo Pascual,1999
Crime and Punishment,Fyodor Dostoyevsky/Richard Pevear/Larissa Volokhonsky,1993
I Wish That I Had Duck Feet,Theo LeSieg/Dr. Seuss/Barney Tobey,2004
And to Think That I Saw It on Mulberry Street,Dr. Seuss,2003
I'm the One That I Want,Margaret Cho,2002
Am I That Name?: Feminism And The Category Of Women In History,Denise Riley,2003
Zazie in the Metro,Raymond Queneau/Barbara Wright/Gilbert Adair,2001
The Blue Flowers,Raymond Queneau,1985
Witch Grass,Raymond Queneau/Barbara Wright,2003
The Last Days,Raymond Queneau/Barbara Wright/Vivian Kogan,1996
The Flight of Icarus,Raymond Queneau/Barbara Wright,1973
Heartsnatcher,Boris Vian/Stanley  Chapman/Raymond Queneau/John Sturrock,2003
Diary of a Madman and Other Stories,Nikolai Gogol,2006
In the Shadow of Young Girls in Flower (In Search of Lost Time  #2),Marcel Proust/James Grieve/Christopher Prendergast,2005
Proust's Way: A Field Guide to In Search of Lost Time,Roger Shattuck,2001
Marcel Proust: A Life,William C. Carter,2002
In the Shadow of Young Girls in Flower (In Search of Lost Time  #2),Marcel Proust/James Grieve,2004
Remembrance of Things Past: Volume II - The Guermantes Way & Cities of the Plain,Marcel Proust/C.K. Scott Moncrieff/Terence Kilmartin,1982
The Illustrated Man,Ray Bradbury,1983
Proust And Signs: The Complete Text,Gilles Deleuze/Richard Howard,2003
Taxi Driver,Amy Taubin,2000
Taxi Driver,Paul Schrader,2000
Intimate Enemies,Shana Abe,2000
The Truelove Bride,Shana Abe,1999
The Secret Swan,Shana Abe,2001
The Smoke Thief (Drakon  #1),Shana Abe,2006
Strategies of Containment: A Critical Appraisal of American National Security Policy During the Cold War,John Lewis Gaddis,2005
A Frolic of His Own,William Gaddis,1995
The Review of Contemporary Fiction: Fall 2001: Gilbert Sorrentino/William Gaddis/Mary Caponegro/Margery Latimer,John      O'Brien/David Andrews/John Beer/Robert L. McLaughlin/Joy Castro,2001
Carpenter's Gothic,William Gaddis,2010
First Love and Other Stories,Ivan Turgenev/Richard Freeborn,1999
Sketches from a Hunter's Album,Ivan Turgenev/Richard Freeborn,1990
Spring Torrents,Ivan Turgenev/Leonard Schapiro,1980
Home of the Gentry,Ivan Turgenev/Richard Freeborn,2007
ADHD in Adulthood: A Guide to Current Theory  Diagnosis  and Treatment,Margaret Weiss/Gabrielle Weiss/Lily Trokenberg Hechtman,2001
Sclerotherapy and vein treatment,Robert A. Weiss/Margaret A. Weiss/Karen L. Beasley,2011
Fantastic Alice,Margaret Weis/Esther M. Friesner/Roger Zelazny/Bruce Holland Rogers/Robin Wayne Bailey/Janet Pack/Lawrence Schimel/Jody Lynn Nye/Janet Asimov/Lisa Mason/Jane Lindskold/Mickey Zucker Reichert/Lawrence Watt-Evans/Peter Crowther/Gary A. Braunbeck/Connie Hirsch/Tobin Larson/Kevin T. Stein,1995
The Reign of Istar (Dragonlance: Tales II  #1),Margaret Weis/Tracy Hickman,2005
Dragons of the Highlord Skies (Dragonlance: The Lost Chronicles  #2),Margaret Weis/Tracy Hickman,2007
The Players of Gilean (Dragonlance: Tales from the War of Souls  #2),Margaret Weis/Tracy Hickman/Aron Eisenberg/Jean Rabe/Richard A. Knaak/Douglas Niles/Paul B. Thompson,2003
The Hand of Chaos (The Death Gate Cycle  #5),Margaret Weis/Tracy Hickman,1993
The Seventh Gate (The Death Gate Cycle  #7),Margaret Weis/Tracy Hickman,1995
Into the Labyrinth (The Death Gate Cycle  #6),Margaret Weis/Tracy Hickman,1994
Elven Star (The Death Gate Cycle  #2),Margaret Weis/Tracy Hickman,1991
Beyond Death: The Gates of Consciousness,Stanislav Grof/Christina Grof,1980
Elven Star (The Death Gate Cycle  #2),Margaret Weis/Tracy Hickman,1990
The Mantle of Kendis-Dai (Starshield  #1),Margaret Weis/Tracy Hickman,1997
Warrior Angel,Margaret Weis/Lizz Weis,2007
Dragons of a Vanished Moon (Dragonlance: The War of Souls  #3),Margaret Weis/Tracy Hickman,2003
Starshield: Sentinels,Margaret Weis/Tracy Hickman,1998
The Soulforge (Dragonlance: Raistlin Chronicles  #1),Margaret Weis,1999
Love and War: Tales  Volume Three (Dragonlance: Tales),Margaret Weis/Tracy Hickman,2005
New Amazons,Margaret Weis/Jane Lindskold/Linda Baker/Kathleen M. Massie-Ferch/Cynthia Ward/Lawrence C. Connolly/John Tigges/Kate Novak/Janet Pack/James Reasoner/Livia Reasoner/Nick O'Donohoe/Anne Yvonne Gilbert/Linda Mannheim/Nancy Springer/Gary A. Braunbeck/Jo Clayton/Robyn McGrew/Kevin T. Stein/Felicia Dale/Russell          Davis,2000
Nightsword (Starshield  #2),Margaret Weis/Tracy Hickman,1999
Realms of Dragons: The Universes of Margaret Weis and Tracy Hickman,Denise Little/J. Robert King/Margaret Weis/Tracy Hickman/Janet Pack/Jean Rabe,1999
Well of Darkness (Sovereign Stone  #1),Margaret Weis/Tracy Hickman,2001
The Best of Tales: Volume Two (Dragonlance Anthology),Margaret Weis/Tracy Hickman,2002
The Search for Power (Dragonlance: Tales from the War of Souls  #3),Margaret Weis,2004
Journey Into the Void (Sovereign Stone  #3),Margaret Weis/Tracy Hickman,2004
The Magic of Krynn (DragonLance: Tales I  #1),Margaret Weis/Tracy Hickman/Barbara Siegel/Scott Siegel/Roger E. Moore/Warren B. Smith/Nick O'Donohoe/Richard A. Knaak/Nancy Varian Berberick/Mary L. Kirchoff/Michael   Williams,2000
More Leaves from the Inn of the Last Home (Dragonlance: Leaves from the Inn of the Last Home  #2),Margaret Weis/Tracy Hickman,2000
Dragonsong (Harper Hall  #1),Anne McCaffrey,2006
Dragonsong (Pern: Harper Hall  #1),Anne McCaffrey,1977
Dragonsinger (Harper Hall  #2),Anne McCaffrey,2003
Dragondrums (Harper Hall  #3),Anne McCaffrey,2003
More Twisted: Collected Stories Vol. II,Jeffery Deaver,2007
The Coffin Dancer (Lincoln Rhyme  #2),Jeffery Deaver,2004
The Stone Monkey (Lincoln Rhyme  #4),Jeffery Deaver,2006
The Sleeping Doll (Kathryn Dance #1),Jeffery Deaver,2007
The Twelfth Card (Lincoln Rhyme  #6),Jeffery Deaver,2006
Hard News (Rune  #3),Jeffery Deaver,2001
Death Of A Blue Movie Star (Rune  #2),Jeffery Deaver,2000
Bloody River Blues (John Pellam  #2),William Jefferies/Jeffery Deaver,2000
Hell's Kitchen (John Pellam  #3),William Jefferies/Jeffery Deaver,2002
The Empty Chair (Lincoln Rhyme  #3),Jeffery Deaver,2001
Twisted: The Collected Short Stories,Jeffery Deaver,2004
The Vanished Man (Lincoln Rhyme  #5),Jeffery Deaver,2004
Praying for Sleep,Jeffery Deaver,2001
The Devil's Teardrop,Jeffery Deaver,2000
Judge Dredd (Audio Cassette),Neal Barrett Jr./Martha Banta,1995
Prometheus Rising,Robert Anton Wilson/Israel Regardie,2010
Tristan Taormino's True Lust,Tristan Taormino,2002
A Free Enquiry Into the Vulgarly Received Notion of Nature,Robert Boyle/Michael Hunter/Edward B. Davis,1996
The Munsters: A Trip Down Mockingbird Lane,Stephen Cox/Butch Patrick/Yvonne DeCarlo,2006
Immortality,Milan Kundera/Peter Kussi,1998
Identity,Milan Kundera/Linda Asher,1999
The Curtain: An Essay in Seven Parts,Milan Kundera/Linda Asher,2007
The Art of the Novel,Milan Kundera/Linda Asher,2003
Yours in Food  John Baldessari: with meditations on eating by Paul Auster  David Byrne  Dave Eggers  David Gilbert  Tim Griffin  Andy Grundberg  John Haskell  Michael Kimmelman  Michael More  Glenn O'Brien  Francine Prose  Peter Schjeldahl  Lynne Tillman,John Baldessari/Paul Auster/Francine Prose/Peter Schjeldahl/David Byrne/Dave Eggers/David Gilbert/Tim Griffin/Andy Grundberg/John Haskell/Michael Kimmelman/Glenn O'Brien/Lynne Tillman,2004
You Shall Know Our Velocity,Dave Eggers,2004
Thin Air (Weather Warden  #6),Rachel Caine,2007
Seven Types of Ambiguity,William Empson,1949
Traitor's Knot (Wars of Light and Shadow  #7),Janny Wurts,2006
The Curse of the Mistwraith (Wars of Light and Shadow  #1),Janny Wurts,2009
Warhost of Vastmark (Wars of Light & Shadow  #3; Arc 2 - The Ships of Merior  #2),Janny Wurts,2009
Fugitive Prince (Wars of Light and Shadow  #4),Janny Wurts,1998
Peril's Gate (Wars of Light & Shadow #6; Arc 3 - Alliance of Light  #3),Janny Wurts,2003
To Ride Hell's Chasm,Janny Wurts,2005
Grand Conspiracy (Wars of Light & Shadow #5; Arc 3 - Alliance of Light  #2),Janny Wurts,2007
Shadowplay (Shadowmarch  #2),Tad Williams,2007
Shadowmarch (Shadowmarch  #1),Tad Williams,2005
Stone of Farewell (Memory  Sorrow  and Thorn  #2),Tad Williams,2005
To Green Angel Tower (Memory  Sorrow  and Thorn  #3),Tad Williams,2005
The War of the Flowers,Tad Williams,2004
Shadowmarch (Shadowmarch  #1),Tad Williams,2006
City of Golden Shadow (Otherland  #1),Tad Williams,1998
To Green Angel Tower  Part 2 (Memory  Sorrow  and Thorn  #3; Part 2),Tad Williams,1994
Falling Man,Don DeLillo,2007
Ratner's Star,Don DeLillo,1992
Blood Meridian  or the Evening Redness in the West,Cormac McCarthy/Harold Bloom,2001
Blood Meridian,Cormac McCarthy,2007
Cormac McCarthy's All the Pretty Horses,Harold Bloom/Amy Sickels,2003
Four & Twenty Blackbirds (Bardic Voices  #4),Mercedes Lackey,2004
Exile's Honor (Heralds of Valdemar  #6),Mercedes Lackey,2003
Spirits White as Lightning (Bedlam's Bard  #5),Mercedes Lackey/Rosemary Edghill,2003
Beyond World's End (Bedlam's Bard  #4),Mercedes Lackey/Rosemary Edghill,2001
The Dragon Quintet,Marvin Kaye/Michael Swanwick/Orson Scott Card/Mercedes Lackey/Tanith Lee/Elizabeth Moon,2006
Fiddler Fair,Mercedes Lackey,1998
Take a Thief (Valdemar #25),Mercedes Lackey,2002
Magic's Price (Valdemar: Last Herald-Mage #3),Mercedes Lackey,1990
By the Sword (Valdemar),Mercedes Lackey,1991
Oathblood (Valdemar: Vows and Honor  #3),Mercedes Lackey,1998
CivilWarLand in Bad Decline,George Saunders,1997
The Very Persistent Gappers of Frip,George Saunders/Lane Smith,2006
The Brief and Frightening Reign of Phil,George Saunders,2005
The Cheese Monkeys,Chip Kidd,2002
Magic's Pawn (Valdemar: Last Herald-Mage #1),Mercedes Lackey,1989
Magic's Promise (Valdemar: Last Herald-Mage #2),Mercedes Lackey,1990
The Song of Rhiannon,Evangeline Walton,1992
Why Did the Soviet Union Collapse?: Understanding Historical Change,Robert W. Strayer,1998
Ballad of the Whiskey Robber: A True Story of Bank Heists  Ice Hockey  Transylvanian Pelt Smuggling  Moonlighting Detectives  and Broken Hearts,Julian Rubinstein,2005
Changeling,Roger Zelazny,2003
The Waterborn (Children of the Changeling  #1),Greg Keyes/J. Gregory Keyes,1997
Social Psychology,Elliot Aronson/Robin M. Akert/Timothy D. Wilson,2006
Influence: The Psychology of Persuasion,Robert B. Cialdini,2006
Writings 1902-1910: The Varieties of Religious Experience / Pragmatism / A Pluralistic Universe / The Meaning of Truth / Some Problems of Philosophy / Essays,William  James/Bruce Kuklick,1988
The Will to Believe  Human Immortality and Other Essays in Popular Philosophy,William  James,1956
Ghost Hunters: William James and the Search for Scientific Proof of Life After Death,Deborah Blum,2006
The Principles of Psychology: Vols 1-2 (Works of William James),William  James/Frederick Burkhardt/Rand B. Evans/Gerald Eugene Myers,1981
The Story of Philosophy,Will Durant/Grover Gardner,2004
The Return of the King (The Lord of the Rings  #3),J.R.R. Tolkien/Rob Inglis,2001
The Book of Lost Tales  Part Two (The History of Middle-earth  #2),J.R.R. Tolkien/Christopher Tolkien,2002
The Raven Prince (Princes Trilogy  #1),Elizabeth Hoyt,2006
Dark Prince (Dark  #1),Christine Feehan,2005
The Princes of Ireland (The Dublin Saga  #1),Edward Rutherfurd,2005
Prince Caspian (Chronicles of Narnia  #4),C.S. Lewis,2006
A Practical Guide to Dragons,Lisa Trumbauer/Emily Fiegenshuh,2006
Dragonology (Ologies  #1),Dugald A. Steer/Ernest Drake/Wayne Anderson/Helen Ward/Douglas Carrel,2003
His Majesty's Dragon (Temeraire  #1),Naomi Novik,2006
Red Dragon (Hannibal Lecter  #1),Thomas  Harris,2000
Lamb: The Gospel According to Biff  Christ's Childhood Pal,Christopher Moore,2004
The Lost Tomb,Kent R. Weeks,1999
Fundamentals of Heat and Mass Transfer [with IHT/FEHT 3.0 CD with User Guide Set],Frank P. Incropera/David P. DeWitt,2006
Heat,Mike Lupica,2007
Heat and Mass Transfer,Yunus A. Cengel,2006
Journal of a Novel: The East of Eden Letters,John Steinbeck,1990
Never Go Back,Robert Goddard,2006
Never Go Home Again,Shannon Holmes,2005
You Can Never Go Home Again,Dyan Sheldon,1995
A Pale View of Hills,Kazuo Ishiguro,2005
An Artist of the Floating World,Kazuo Ishiguro,2005
When We Were Orphans,Kazuo Ishiguro,2007
The Unconsoled,Kazuo Ishiguro,1996
American Legal History: Cases and Materials,Kermit L. Hall/Paul Finkelman/James W. Jr. Ely,2004
Intuition,Allegra Goodman,2007
Behind the Scenes at the Museum,Kate Atkinson,1999
Emotionally Weird,Kate Atkinson,2001
Abandonment,Kate Atkinson/Traverse Theatre,2000
Familienalbum,Kate Atkinson,2002
Gimpel the Fool and Other Stories,Isaac Bashevis Singer/Saul Bellow/Allegra Goodman,2006
Ein Sommernachtsspiel,Kate Atkinson,1999
The Littles and the Lost Children,John Lawrence Peterson/Jacqueline Rogers/Roberta Carter Clark,1991
Suffer the Little Children (Commissario Brunetti  #16),Donna Leon,2007
Suffer Little Children (Sister Fidelma  #3),Peter Tremayne,1999
The Wishbones,Tom Perrotta,1999
Bad Haircut: Stories of the Seventies,Tom Perrotta,1997
One Hundred Demons,Lynda Barry,2005
The Twelve Terrors of Christmas,John Updike/Edward Gorey,2006
The Twelve Caesars,Suetonius/Michael Grant/Robert Graves,2003
The Twelve Dancing Princesses,Marianna Mayer/Kinuko Y. Craft,1998
Twelve Ordinary Men,John F. MacArthur Jr.,2002
Twelve Extraordinary Women Workbook,John F. MacArthur Jr.,2006
The Great Influenza: The Story of the Deadliest Pandemic in History,John M. Barry,2005
Paris: The Secret History,Andrew Hussey,2006
The Secret History,Donna Tartt,2004
Marijuana Horticulture: The Indoor/Outdoor Medical Grower's Bible,Jorge Cervantes,2006
The Cambridge Companion to Cervantes,Anthony J. Cascardi,2002
Exemplary Stories,Miguel de Cervantes Saavedra/Lesley Lipson,1998
Deluxe Encyclopedia of Mandolin Chords,John  Baxter/Mel Bay,2000
CSS Cookbook,Christopher Schmitt,2006
Big Dog... Little Dog,P.D. Eastman,2003
Snow,Roy McKie/P.D. Eastman,1962
Flap Your Wings,P.D. Eastman,2000
Sam And The Firefly (Beginner Books),P.D. Eastman,1985
The Berlin Phenomenology,Georg Wilhelm Friedrich Hegel/Michael John Petry,1981
The Philosophy of History,Georg Wilhelm Friedrich Hegel/J. Sibree,1956
Philosophy of Right,Georg Wilhelm Friedrich Hegel/S.W. Dyde,2005
The Mistress Manual: The Good Girl's Guide to Female Dominance,Mistress Lorelei,2000
Diary of a Mistress,Miasha,2006
Mistress Masham's Repose,T.H. White/Fritz Eichenberg,2012
The Last Unicorn,Peter S. Beagle,1968
The Last Unicorn,Peter S. Beagle,1969
The Barbed Coil,J.V. Jones,1999
Melliandra,J.V. Jones,2001
Yakitate!! Japan  Volume 1,Takashi Hashiguchi,2006
Yakitate!! Japan  Volume 2,Takashi Hashiguchi,2006
Yakitate!! Japan  Volume 3,Takashi Hashiguchi,2007
Yakitate!! Japan  Volume 4,Takashi Hashiguchi,2007
Yakitate!! Japan  Volume 7,Takashi Hashiguchi,2007
Yakitate!! Japan  Volume 5,Takashi Hashiguchi,2007
Yakitate!! Japan  Volume 6,Takashi Hashiguchi,2007
Brothers in Arms (Dragonlance: Raistlin Chronicles  #2),Margaret Weis/Don Perrin,1999
A Magic-Lover's Treasury of the Fantastic,Margaret Weis/Ursula K. Le Guin/Roger Zelazny/Christopher Stasheff/Mercedes Lackey/Ray Bradbury/Andre Norton/Jack Vance/Raymond E. Feist/C.J. Cherryh/Fritz Leiber/Melanie Rawn/Marion Zimmer Bradley/Larry Niven/Zenna Henderson/Greg Bear/Orson Scott Card/Katherine Kurtz/Joe Haldeman/Robert Silverberg/F. Paul Wilson/Keith Birdsong,1998
Dragons in the Archives: The Best of Weis & Hickman (Dragonlance Anthology),Margaret Weis/Tracy Hickman/Aron Eisenberg,2004
Guardians of the Lost (Sovereign Stone  #2),Margaret Weis/Tracy Hickman,2002
The War of the Lance (DragonLance: Tales II  #3),Margaret Weis/Tracy Hickman,2005
The Dragons at War (Dragonlance Dragons  #2),Margaret Weis/Tracy Hickman/Adam Lesh,1996
Time of the Twins (Dragonlance: Legends  #1),Margaret Weis/Tracy Hickman,2004
A Certain Justice (Adam Dalgliesh  #10),P.D. James,2006
A Certain Justice (Abe Glitsky  #1),John Lescroart,2006
The Color of Water: A Black Man's Tribute to His White Mother,James   McBride,2004
Lost Prophet: The Life and Times of Bayard Rustin,John D'Emilio,2004
Answers to Questions Teachers Ask about Sensory Integration: Forms  Checklists  and Practical Tools for Teachers and Parents,Stacey Szklut/Carol Stock Kranowitz/Lynn Balzer-Martin,2002
Kevin Trudeau's Mega Memory: How to Release Your Superpower Memory in 30 Minutes Or Less a Day,Kevin Trudeau,2005
Still Here: Embracing Aging  Changing and Dying,Ram Dass/Richard Alpert,2001
Paths to God: Living the Bhagavad Gita,Ram Dass/Richard Alpert,2005
Here We All Are,Ram Dass/Richard Alpert,2005
Be Here Now,Ram Dass/Richard Alpert,1971
The Only Dance There Is,Ram Dass/Richard Alpert,1974
Journey of Awakening: A Meditator's Guidebook,Ram Dass/Richard Alpert,1990
A Spiritual Journey,Ram Dass/Richard Alpert,2005
Finding and Exploring Your Spiritual Path: An Exploration of the Pleasures and Perils of Seeking Personal Enlightenment,Ram Dass/Richard Alpert,1989
Make Way for McCloskey,Robert McCloskey/Leonard S. Marcus,2004
Burt Dow  Deep-Water Man,Robert McCloskey,1989
Lentil,Robert McCloskey,1978
Time of Wonder,Robert McCloskey,1985
Riddley Walker,Russell Hoban,2010
Sector 7,David Wiesner,1999
Wind Child,Nancy   Harding,1990
The Catswold Portal,Shirley Rousseau Murphy,2005
Cat Laughing Last (Joe Grey  #7),Shirley Rousseau Murphy,2002
Cat Seeing Double (Joe Grey  #8),Shirley Rousseau Murphy,2003
Charlie Wilson's War: The Extraordinary Story of How the Wildest Man in Congress and a Rogue CIA Agent Changed the History of our Times,George Crile,2004
Charlie Wilson's War: The Extraordinary Story of the Largest Covert Operation in History,George Crile/Christopher Lane,2005
Charlie Wilson's War: The Extraordinary Story of the Largest Cover Operation in History,George Crile,2004
The Fourth Crusade: And the Sack of Constantinople,Jonathan Phillips,2005
Practical Ethics,Peter Singer,1993
Animal Liberation,Peter Singer,2001
Boudicca: The Warrior Queen,M.J. Trow,2005
Our Band Could Be Your Life: Scenes from the American Indie Underground  1981-1991,Michael Azerrad,2002
Cursor's Fury (Codex Alera  #3),Jim Butcher,2006
Sharpe's Fury (Sharpe  #11),Bernard Cornwell,2006
Furies of Calderon (Codex Alera  #1),Jim Butcher,2005
Your Child and Jesus: A Family Activity Book,Rick Osborne/Kevin Miller,1999
The Mistress's Daughter,A.M. Homes,2007
Layer Cake,J.J. Connolly,2004
Self-Made Man: One Woman's Journey Into Manhood and Back Again,Norah Vincent,2006
Nixon Agonistes: The Crisis of the Self-Made Man,Garry Wills,2002
The Man Who Changed Everything: The Life of James Clerk Maxwell,Basil Mahon,2004
Baghdad Without a Map and Other Misadventures in Arabia,Tony Horwitz,1992
Night Train to Memphis (Vicky Bliss  #5),Elizabeth Peters,1995
Sociology in Our Times,Diana Kendall,2006
Iberia: Spanish Travels and Reflections,James A. Michener/Robert Vavra,1968
Journey,James A. Michener,1994
You Remind Me of You: A Poetry Memoir,Eireann Corrigan,2002
Remind Me Again Why I Need A Man,Claudia Carroll,2007
Strange Candy (Anita Blake  Vampire Hunter #0.5),Laurell K. Hamilton,2006
Candy Girl: A Year in the Life of an Unlikely Stripper,Diablo Cody,2007
Candy Licker,Noire,2005
Candy,Luke Davies,1998
Hard Candy,Angela Knight/Sheri Gilmore/Morgan Hawke,2005
Candy,Mian Mian/Andrea Lingenfelter,2003
Demon Diary  Volume 01,Kara/Lee Chi-Hyong,2003
Demon Diary  Volume 03,Kara/Lee Yun-Hee,2003
Demon Diary  Volume 02,Kara/Jee-Hyung Lee,2003
Demon Diary  Volume 04,Kara/Lee Yun-Hee,2003
The End of Faith: Religion  Terror  and the Future of Reason,Sam Harris,2005
Prisoner's Dilemma: John von Neumann  Game Theory  and the Puzzle of the Bomb,William Poundstone/John von Neumann,1993
Lost Continents,L. Sprague de Camp,1970
The Lost Continent,Edgar Rice Burroughs,2008
The Lost Continent: The Story of Atlantis,Charles John Cutcliffe Wright Hyne/Gary Hoppenstand/Harry Turtledove,2002
Conspiracy of Fools,Kurt Eichenwald,2005
The Death and Rebirth of the Seneca,Anthony F.C. Wallace,1972
Rebirth Volume 5,Kang-Woo Lee/Lauren Na,2003
Satan Burger,Carlton Mellick III,2001
The Strategy of Satan: How to Detect and Defeat Him,Warren W. Wiersbe,1979
The Black Stallion and Satan (The Black Stallion  #5),Walter Farley,1992
Satan: His Psychotherapy and Cure by the Unfortunate Dr. Kassler  J.S.P.S.,Jeremy Leven,2000
Everyone Worth Knowing,Lauren Weisberger,2006
The Lost Blogs: From Jesus to Jim Morrison--The Historically Inaccurate and Totally  Fictitious Cyber Diaries of Everyone Worth Knowing,Paul       Davidson,2009
Happy Are the Peace Makers (Blackie Ryan  #5),Andrew M. Greeley,1993
The Truth Will Set You Free: Overcoming Emotional Blindness and Finding Your True Adult Self,Alice   Miller/Andrew Edwin Jenkins,2002
You: The Owner's Manual: An Insider's Guide to the Body That Will Make You Healthier and Younger,Michael F. Roizen/Mehmet C. Oz,2005
You: On a Diet: The Owner's Manual for Waist Management,Michael F. Roizen/Mehmet C. Oz,2006
Foundation (Foundation  #1),Isaac Asimov,2004
Second Foundation (Foundation #3),Isaac Asimov,2004
Foundation and Empire (Foundation #2),Isaac Asimov,2004
Foundation and Earth (Foundation #5),Isaac Asimov,2004
Foundations of Clinical Research: Applications to Practice,Leslie Gross Portney,2000
Down and Out in the Magic Kingdom,Cory Doctorow,2003
Someone Comes to Town  Someone Leaves Town,Cory Doctorow,2006
Eastern Standard Tribe,Cory Doctorow,2005
A Place So Foreign and Eight More,Cory Doctorow/Bruce Sterling,2003
Through Painted Deserts: Light  God  and Beauty on the Open Road,Donald Miller,2005
20 000 Leagues Under the Sea,Ron     Miller/Jules Verne/Paul   Wright,1998
Codebreakers' Victory: How the Allied Cryptographers Won World War II,Hervie Haufler,2003
All Night Long,Jayne Ann Krentz,2006
White Lies (Arcane Society  #2),Jayne Ann Krentz,2007
Ghost Hunter (Ghost Hunters  #3),Jayne Castle/Jayne Ann Krentz,2006
The Pirate / The Adventurer / The Cowboy,Jayne Ann Krentz,2006
Midnight Jewels,Jayne Ann Krentz,2003
The Wedding Night,Jayne Ann Krentz,2001
After Glow (Ghost Hunters  #2),Jayne Castle/Jayne Ann Krentz,2004
Orchid (St. Helen's  #3),Jayne Castle/Jayne Ann Krentz,1998
The Origin of Consciousness in the Breakdown of the Bicameral Mind,Julian Jaynes,1979
The Future of the Universe,Jack Meadows,2006
Micro Eco-Farming: Prospering from Backyard to Small Acreage in Partnership with the Earth,Barbara Berst Adams,2005
The Quiet American: Text and Criticism,Graham Greene/John Clark Pratt,1996
The Quiet American,Graham Greene/Zadie Smith,2004
The End of the Affair,Graham Greene/Monica Ali,2004
Postwar: A History of Europe Since 1945,Tony Judt,2006
The Coen Brothers: Interviews,William Rodney Allen,2006
The Hermeneutical Spiral: A Comprehensive Introduction to Biblical Interpretation,Grant R. Osborne,2006
Raising the Bar: Ministry to Youth in the New Millennium,Alvin L. Reid,2004
Robinson Crusoe,Daniel Defoe/J.M. Coetzee,1999
Doubling the Point: Essays and Interviews,J.M. Coetzee/David Attwell,1992
Fantastic! Wow! and Unreal!: A Book About Interjections and Conjunctions,Ruth Heller,2000
Don DeLillo's White Noise: A Reader's Guide,Leonard  Orr,2003
Letting Go,Philip Roth,1997
My Life as a Man,Philip Roth,1994
Patrimony,Philip Roth,1996
The Great American Novel,Philip Roth,1995
Deception,Philip Roth,2006
When She Was Good,Philip Roth,1995
The Dying Animal,Philip Roth,2002
For the Relief of Unbearable Urges,Nathan Englander,2000
The Ministry of Special Cases,Nathan Englander,2007
The Pilgrim's Progress,John Bunyan,2003
Scott Pilgrim  Volume 1: Scott Pilgrim's Precious Little Life,Bryan Lee O'Malley,2004
The Pilgrim's Regress,C.S. Lewis/Michael Hague,1992
Little Pilgrim's Progress: From John Bunyan's Classic,Helen L. Taylor,2006
The Landing of the Pilgrims,James Daugherty,1981
Little Pilgrim's Progress,Helen L. Taylor/John Bunyan,1989
From Nomads to Pilgrims: Stories from Practicing Congregations,Diana Butler Bass,2005
The New York Times Guide to Essential Knowledge,John D. Leonard/The New York Times,2004
New York 2000: Architecture and Urbanism Between the Bicentennial and the Millennium,Robert A.M. Stern/David Fishman/Jacob Tilove,2006
Forgotten New York: Views of a Lost Metropolis,Kevin   Walsh,2006
The Historical Atlas of New York City: A Visual Celebration of Nearly 400 Years of New York City's History,Eric Homberger/Alice Hudson,2005
La toile de Charlotte,E.B. White/Garth Williams/Catherine Chaine,1997
This Is New York,Miroslav Sasek,2003
They Dare to Speak Out: People and Institutions Confront Israel's Lobby,Paul Findley,2003
Famous Last Words,Timothy Findley,2001
The Wars,Timothy Findley,2001
Into the Void (Spelljammer: The Cloakmaster Cycle  #2),Nigel Findley,1991
Essential Dialogues of Plato,Plato/Benjamin Jowett/Pedro De Blas,2005
The Collected Dialogues,Plato/Edith Hamilton/Huntington Cairns,1963
Republic,Plato/Benjamin Jowett/Elizabeth Watson Scharffenberger,2005
The Republic,Plato/Tom Griffith,1993
Inner Circle (Carol Ashton Mysteries  #8),Claire McNab,1996
The Rising Tide (World War II: 1939-1945  #1),Jeff Shaara,2006
Jeff Shaara's Civil War Battlefields: Discovering America's Hallowed Ground,Jeff Shaara,2006
Rise to Rebellion,Jeff Shaara,2004
Gone for Soldiers: A Novel of the Mexican War,Jeff Shaara,2001
The Last Full Measure (The Civil War Trilogy  #3),Jeff Shaara,2000
A Farewell to Arms?: Beyond the Good Friday Agreement,Adrian Guelke/Michael Cox/Fiona Stephen,2006
When Smoke Ran Like Water: Tales Of Environmental Deception And The Battle Against Pollution,Devra Davis/Mitchell Gaynor,2003
What Work Is,Philip Levine,1992
The Simple Truth,Philip Levine/Harry Ford,1996
Fiskadoro,Denis Johnson,2000
Illusions: The Adventures of a Reluctant Messiah,Richard Bach,2001
Running from Safety: An Adventure of the Spirit,Richard Bach,1995
A Gift Of Wings,Richard Bach,2001
Winter of Magic's Return,Pamela F. Service,1986
A Modern Utopia,H.G. Wells/Gregory Claeys/Francis Wheen,2006
The War of the Worlds,H.G. Wells/Leon Stover,2001
The Shape of Things to Come,H.G. Wells/John Clute,2006
Floor Games (Sandplay Classics),H.G. Wells/Barbara A. Turner,2004
Seven Novels,H.G. Wells,1985
Three Prophetic Science Fiction Novels,H.G. Wells/E.F. Bleiler,1975
Science Fiction Treasury: Six Complete Novels (complete & unabridged),H.G. Wells/George Gesner,1984
The Island of Doctor Moreau,H.G. Wells,1994
Notebooks of the Mind: Explorations of Thinking  Revised Edition,Vera John-Steiner,1997
The Visible Hand: The Managerial Revolution in American Business,Alfred D. Chandler Jr.,1977
Crime Stories and Other Writings,Dashiell Hammett/Steven Marcus,2001
The Maltese Falcon,Dashiell Hammett,2005
Lost Stories,Dashiell Hammett/Vince Emery/Joe Gores,2005
The Dain Curse,Dashiell Hammett,2002
The Big Knockover: Selected Stories and Short Novels,Dashiell Hammett/Lillian Hellman/Jeff Stone,1989
Red Harvest,Dashiell Hammett,2003
The Complete Stories  Vol 1,Isaac Asimov,1990
Edgar A. Poe: Mournful and Never-ending Remembrance,Kenneth Silverman,2008
Tales of Mystery and Madness,Edgar Allan Poe/Gris Grimly,2011
The Prize (deWarenne Dynasty  #4),Brenda Joyce,2004
Elric of Melnibone: Bright Shadows,Charles  Green/Richard Ford/Pascal Quidault,2008
A River Runs Through it and Other Stories,Norman Maclean/Annie Proulx,2001
Young Men and Fire,Norman Maclean,1993
When the Rivers Run Dry: Water - The Defining Crisis of the Twenty-first Century,Fred Pearce,2007
The River Runs Black: The Environmental Challenge to China's Future,Elizabeth C. Economy,2005
Only the River Runs Free (The Galway Chronicles  #1),Bodie Thoene/Brock Thoene,1997
It's Not About the Bike: My Journey Back to Life,Lance Armstrong/Sally Jenkins,2001
The Walking Dead  Vol. 5: The Best Defense,Robert Kirkman/Charlie Adlard/Cliff Rathburn,2009
Being Dead Is No Excuse: The Official Southern Ladies Guide to Hosting the Perfect Funeral,Gayden Metcalfe,2005
Drop Dead Gorgeous (Blair Mallory  #2),Linda Howard,2006
The Book of the Dead (Pendergast  #7; Diogenes  #3),Douglas Preston/Lincoln Child,2006
The Walking Dead  Vol. 3: Safety Behind Bars,Robert Kirkman/Charlie Adlard/Cliff Rathburn,2005
The Walking Dead  Book One (The Walking Dead #1-12),Robert Kirkman/Tony Moore/Charlie Adlard/Cliff Rathburn,2010
The Brief History of the Dead,Kevin Brockmeier,2007
Beckett Football Card Price Guide,Dan Hitt/James Beckett III,2006
The Power of Infinite Love & Gratitude: An Evolutionary Journey to Awakening Your Spirit,Darren R. Weissman,2007
Masculinity and Male Codes of Honor in Modern France,Robert A. Nye,1998
The Life and Death of My Lord Gilles de Rais,Robert Nye,1991
The White Wolf's Son: The Albino Underground (Elric & Oona Von Bek  #3),Michael Moorcock,2006
Michael Moorcock's Multiverse,Michael Moorcock/Walter Simonson/Mark Reeve/John Ridgway,1999
Gloriana,Michael Moorcock,2004
The Eternal Champion (Eternal Champion  #1),Michael Moorcock,1996
The Spell,Alan Hollinghurst,2000
The Swimming-Pool Library,Alan Hollinghurst,1989
The Ivory Tower,Henry James/Alan Hollinghurst/Ezra Pound,2004
America Alone: The End of the World As We Know It,Mark Steyn,2006
Where the Sidewalk Ends: Poems and Drawings,Shel Silverstein,2014
A Light in the Attic,Shel Silverstein,2002
The Missing Piece (The Missing Piece  #1),Shel Silverstein,2006
The Missing Piece Meets the Big O,Shel Silverstein,2006
Lafcadio  the Lion Who Shot Back,Shel Silverstein,2013
A Light in the Attic (Book & CD),Shel Silverstein,2001
Runny Babbit Book and Abridged CD,Shel Silverstein/Dennis Locorriere,2006
L'albero,Shel Silverstein/Daniela Gamba,2000
The Beginning: The Cove / The Maze (FBI Thriller #1-2),Catherine Coulter,2005
Jade Star (Star  #4),Catherine Coulter,2002
Double Take (FBI Thriller  #11),Catherine Coulter,2007
The Valentine Legacy (Legacy #3),Catherine Coulter,1996
Undead and Unwed (Undead  #1),MaryJanice Davidson,2005
Undead and Unappreciated (Undead  #3),MaryJanice Davidson,2005
Marked (House of Night  #1),P.C. Cast/Kristin Cast,2007
Divine By Choice (Partholon  #2),P.C. Cast,2006
Divine By Mistake (Partholon  #1),P.C. Cast,2006
Cast in Courtlight (Chronicles of Elantra  #2),Michelle Sagara,2006
Goddess of Light (Goddess Summoning  #3),P.C. Cast,2005
Brighid's Quest (Partholon  #5),P.C. Cast,2005
Goddess of the Rose (Goddess Summoning  #4),P.C. Cast,2006
Goddess of Spring (Goddess Summoning  #2),P.C. Cast,2004
Goddess of the Sea (Goddess Summoning  #1),P.C. Cast,2003
Mysteria (Mysteria  #1),MaryJanice Davidson/Susan Grant/P.C. Cast/Gena Showalter,2006
Elphame's Choice (Partholon  #4),P.C. Cast,2004
Where the Mountain Casts Its Shadow: The Dark Side of Extreme Adventure,Maria Coffey/Thomas Hornbein,2005
Cast a Yellow Shadow (Mac McCorkle  #2),Ross Thomas,1987
Like a Velvet Glove Cast in Iron,Daniel Clowes,1993
Goddess of Love (Goddess Summoning  #5),P.C. Cast,2007
Mistral's Kiss (Merry Gentry  #5),Laurell K. Hamilton,2006
The Harlequin (Anita Blake  Vampire Hunter #15),Laurell K. Hamilton,2007
A Stroke of Midnight (Merry Gentry  #4),Laurell K. Hamilton,2006
Danse Macabre (Anita Blake  Vampire Hunter  #14),Laurell K. Hamilton,2006
Micah (Anita Blake  Vampire Hunter  #13),Laurell K. Hamilton,2006
Death of a Darklord (Ravenloft #13),Laurell K. Hamilton,2006
Anita Blake  Vampire Hunter Collection 1-4 (Anita Blake  Vampire Hunter  #1-4),Laurell K. Hamilton,2003
Little Butterfly  Volume 02,Hinako Takanaga,2006
Little Butterfly  Volume 03,Hinako Takanaga,2006
Little Butterfly  Volume 01,Hinako Takanaga,2006
The Little Butterfly,Sherry Shahan,1998
A Caress of Twilight (Merry Gentry  #2),Laurell K. Hamilton,2005
Bloody Bones (Anita Blake  Vampire Hunter #5),Laurell K. Hamilton,2005
Burnt Offerings (Anita Blake  Vampire Hunter  #7),Laurell K. Hamilton,2002
Seduced by Moonlight (Merry Gentry  #3),Laurell K. Hamilton,2005
The Killing Dance (Anita Blake  Vampire Hunter  #6),Laurell K. Hamilton,2006
Cerulean Sins (Anita Blake  Vampire Hunter  #11),Laurell K. Hamilton,2004
Blue Moon (Anita Blake  Vampire Hunter  #8),Laurell K. Hamilton,2002
A Stolen Season (Alex McKnight  #7),Steve Hamilton,2006
Narcissus in Chains (Anita Blake  Vampire Hunter  #10),Laurell K. Hamilton,2002
Harrison's Principles of Internal Medicine,Dennis L. Kasper/Dan L. Longo/Stephen L. Hauser/Anthony S. Fauci/Eugene Braunwald,2004
For a Few Demons More (The Hollows  #5),Kim Harrison,2007
A Fistful of Charms (The Hollows  #4),Kim Harrison,2006
The Good  the Bad  and the Undead (The Hollows  #2),Kim Harrison,2005
Every Which Way But Dead (The Hollows  #3),Kim Harrison,2005
Dead Witch Walking (The Hollows  #1),Kim Harrison,2004
Dates from Hell,Kim Harrison/Lynsay Sands/Kelley Armstrong/Lori Handeland,2006
Pacto Con un Demonio,Kim Harrison,2008
Incubus Dreams (Anita Blake  Vampire Hunter  #12),Laurell K. Hamilton,2005
Schattenkuss (Meredith Gentry  #1),Laurell K. Hamilton,2002
The Lunatic Cafe (Anita Blake  Vampire Hunter #4),Laurell K. Hamilton,2005
Circus of the Damned (Anita Blake  Vampire Hunter  #3),Laurell K. Hamilton,2007
Bite (Anita Blake  Vampire Hunter  #8.5; Sookie Stackhouse  #5.1; Undead  #2.5; Mageverse  #1.5),Laurell K. Hamilton/Charlaine Harris/MaryJanice Davidson/Angela Knight/Vickie Taylor,2004
Out of this World,J.D. Robb/Laurell K. Hamilton/Susan Krinard/Maggie Shayne,2001
Guilty Pleasures (Anita Blake  Vampire Hunter  #1),Laurell K. Hamilton,2004
Cravings (Undead #1.5; Moon #3.5),Laurell K. Hamilton/MaryJanice Davidson/Eileen Wilks/Rebecca York,2004
Laurell K. Hamilton's Anita Blake  Vampire Hunter: Guilty Pleasures vol 1,Laurell K. Hamilton/Stacie Ritchie/Jessica Ruffner/Brett Booth,2007
The Republic,Plato/Desmond Lee/Maria Helena da Rocha Pereira/Benjamin Jowett,2003
The Republic of Plato,Plato/Allan Bloom,1991
Five Dialogues: Euthyphro  Apology  Crito  Meno  Phaedo,Plato/G.M.A. Grube/John M. Cooper,2002
Plato  Not Prozac!: Applying Eternal Wisdom to Everyday Problems,Lou Marinoff,2000
Republic,Plato/C.D.C. Reeve,2004
Plato's Symposium,Plato/Seth Benardete/Allan Bloom,2001
The Symposium,Plato/Christopher Gill,1999
The Last Days of Socrates,Plato/Hugh Tredennick/Harold Tarrant,2003
Embracing Love  Vol. 4,Youka Nitta,2007
Embracing Love  Vol. 5,Youka Nitta,2007
Embracing the Love of God: The Path and Promise of Christian Life,James Brian Smith/Richard J. Foster,1995
Embracing Love  Vol. 6,Youka Nitta,2008
In the Forests of the Night,Amelia Atwater-Rhodes,2000
Hawksong (The Kiesha'ra  #1),Amelia Atwater-Rhodes,2004
Demon in My View,Amelia Atwater-Rhodes,2001
Shattered Mirror,Amelia Atwater-Rhodes,2003
Midnight Predator,Amelia Atwater-Rhodes,2003
The Pound Era,Hugh Kenner,1973
Ricochet,Sandra Brown,2007
The Alibi,Sandra Brown,2006
A Whole New Light,Sandra Brown,2008
Where There's Smoke,Sandra Brown,1994
22 Indigo Place,Sandra Brown,1997
Led Astray (Hellraisers  #1),Erin St. Claire/Sandra Brown,2005
Tidings of Great Joy,Sandra Brown,1999
A Secret Splendor,Erin St. Claire/Sandra Brown,2006
Love Beyond Reason,Rachel Ryan/Sandra Brown,2005
Words of Silk,Erin St. Claire/Sandra Brown,2005
Two Alone,Erin St. Claire/Sandra Brown,2007
Not Even for Love,Erin St. Claire/Sandra Brown,2004
Charade,Sandra Brown,1995
Exclusive,Sandra Brown,1997
Send No Flowers (Bed & Breakfast #2),Sandra Brown,2000
The Thrill of Victory,Erin St. Claire/Sandra Brown,2003
Heaven's Price,Sandra Brown,1995
Riley in the Morning,Sandra Brown,2008
The Rana Look,Sandra Brown,2003
Texas! Sage (Texas! Tyler Family Saga  #3),Sandra Brown,1992
Temperatures Rising,Sandra Brown,2006
A Kiss Remembered,Erin St. Claire/Sandra Brown,2003
Adam's Fall (Mason Sisters  #2),Sandra Brown,2001
Seduction by Design,Erin St. Claire/Sandra Brown,2002
Prime Time,Rachel Ryan/Sandra Brown,1995
Tiger Prince,Erin St. Claire/Sandra Brown,1999
Best Kept Secrets,Sandra Brown,2003
Tomorrow's Promise,Sandra Brown,2000
Sweet Anger,Erin St. Claire/Sandra Brown,1999
Demon Rumm,Sandra Brown,2005
Breakfast in Bed (Bed & Breakfast #1),Sandra Brown,1996
Above and Beyond,Erin St. Claire/Sandra Brown,2004
Fanta C (Mason Sisters  #1),Sandra Brown,1997
Relentless Desire,Sandra Brown,1983
Sunny Chandler's Return,Sandra Brown,2004
Sandra Brown: Three Complete Novels (Best Kept Secrets  Mirror Image  and Slow Heat in Heaven),Sandra Brown,1992
The Devil's Own (Hellraiser #2),Erin St. Claire/Sandra Brown,2001
The Switch,Sandra Brown,2001
Play Dirty,Sandra Brown,2007
A Secret Splendor,Erin St. Claire/Sandra Brown,1996
Texas! Trilogy,Sandra Brown,1992
Betrogen,Sandra Brown,2003
Tempest in Eden,Sandra Brown,2005
The Killing of Monday Brown,Sandra West Prowell,1996
Un nuevo amanecer,Sandra Brown/Delia Mateovich,2002
Fanta C (Loveswept   #217),Sandra Brown,1987
Yesterday  I Cried,Iyanla Vanzant,2000
The Communist Manifesto,Karl Marx/Friedrich Engels/Gareth Stedman Jones,2002
The Communist Manifesto and Other Revolutionary Writings: Marx  Marat  Paine  Mao  Gandhi  and Others,Bob Blaisdell/Karl Marx/Jean-Paul Marat/Tom Paine/Mao Zedong/Mahatma Gandhi,2003
The Communist Manifesto with Related Documents,Karl Marx/Friedrich Engels/John E. Toews,1999
The Communist Manifesto,Karl Marx/Friedrich Engels/Phil Gasper,2005
The Communist Manifesto,Karl Marx/Friedrich Engels,2005
The Communist Manifesto and Other Writings,Karl Marx/Friedrich Engels/Martin Puchner,2005
The Communist Manifesto,Karl Marx/Friedrich Engels/Samuel Moore,1948
The Communist Manifesto (Great Ideas),Karl Marx/Gareth Stedman Jones/Friedrich Engels,2006
Paula Spencer,Roddy Doyle,2007
Paddy Clarke Ha Ha Ha,Roddy Doyle,1998
Introducing Sartre (Introducing... S.),Philip Thody/Howard Read,2002
Colonialism and Neocolonialism,Jean-Paul Sartre/Azzedine Haddour,2006
Jean-Paul Sartre: (The Giants of Philosophy),John  Compton/Charlton Heston,2006
Observations on the Feeling of the Beautiful and Sublime,Immanuel Kant/John T. Goldthwait,2004
A Philosophical Enquiry into the Origin of our Ideas of the Sublime and Beautiful,Edmund Burke/Adam Phillips,1998
American Sublime: Poems,Elizabeth Alexander,2005
Beauty and the Contemporary Sublime,Jeremy Gilbert-Rolfe,1999
Cigarettes Are Sublime,Richard Klein,1995
Why Orwell Matters,Christopher Hitchens,2003
Shooting an Elephant,George Orwell,2003
Ape and Essence,Aldous Huxley,1992
Complete Essays 1  1920-25,Aldous Huxley/Robert S. Baker/James Sexton,2000
The Mottled Lizard,Elspeth Huxley,1986
Complete Essays 4  1936-38,Aldous Huxley/Robert S. Baker/James Sexton,2001
Plato in 90 Minutes,Paul Strathern,1996
The Atlantis Dialogue,Plato/Aaron Shepard/Benjamin Jowett,2001
Cancer Ward,Aleksandr Solzhenitsyn/Nicholas Bethell/David Burg,1995
Despair,Vladimir Nabokov,2000
Cliffs of Despair: A Journey to Suicide's Edge,Tom Hunt,2007
Inconceivable: A Woman's Triumph Over Despair and Statistics,Julia Indichova/Christiane Northrup,2001
Diary of a Man in Despair,Friedrich Reck-Malleczewen/Paul Rubens/Richard J. Evans,2013
Winston S. Churchill  Volume VIII: 'Never Despair ' 1945-1965,Martin  Gilbert,1988
Pnin,Vladimir Nabokov/David Lodge,2004
The Hunchback of Notre-Dame,Victor Hugo/Walter J. Cobb,2001
The Hunchback of Notre-Dame,Victor Hugo/Catherine Liu/Elizabeth McCracken,2004
The Art of the Hunchback of Notre Dame,Stephen Rebello/Walt Disney Company,1997
Art and Culture: Critical Essays,Clement Greenberg/Janice Horne,1971
Readings for Meditation and Reflection,C.S. Lewis/Walter Hooper,1996
C.S. Lewis and the Catholic Church,Joseph Pearce,2004
The Collected Letters of C.S. Lewis  Volume 1: Family Letters  1905-1931,C.S. Lewis/Walter Hooper,2004
Letters to Children,C.S. Lewis/Lyle Wesley Dorsett/Marjorie Lamp Mead/Douglas Gresham,1999
Cartas del diablo a su sobrino,C.S. Lewis/Miguel Marias,2006
The Four Loves,C.S. Lewis,2002
What Christians Believe,C.S. Lewis,2005
C. S. Lewis: Life  Works  and Legacy,Bruce L. Edwards/Diana Pavlac Glyer,2007
Mere Christianity: Abolition of Man (Bonus Feature),C.S. Lewis/Geoffrey Howard/Robert Whitefield/Robert Whitfield,2006
The Art of Listening,Erich Fromm/Rainer Funk,1998
Beyond the Chains of Illusion: My Encounter with Marx and Freud,Erich Fromm/Rainer Funk,2006
The Art of Loving by Erich Fromm: A True Story of a Japanese Woman,Lala Okamoto,2006
Marx's Concept of Man,Erich Fromm/T.B. Bottomore,2004
Meditations,Marcus Aurelius/Martin Hammond/Albert Wittstock/Diskin Clay,2006
Gulliver's Travels,Jonathan Swift/YKids,2007
The Sleepwalkers: A History of Man's Changing Vision of the Universe,Arthur Koestler/Herbert Butterfield,1990
Darkness at Noon,Arthur Koestler/Daphne Hardy,2006
The Thirteenth Tribe,Arthur Koestler,1977
The Act of Creation,Arthur Koestler,1990
The Ghost in the Machine,Arthur Koestler,1990
The Case of the Midwife Toad,Arthur Koestler,1973
The Invisible Writing,Arthur Koestler,2005
Up in the Air,Walter Kirn,2002
Thumbsucker,Walter Kirn,1999
Crazy Lady!,Jane Leslie Conly,1995
Be the Person You Want to Find: Relationship and Self-Discovery,Cheri Huber/June Shiver,1997
Making a Change for Good: A Guide to Compassionate Self-Discipline,Cheri Huber,2007
The Total Library: Non-Fiction 1922-1986,Jorge Luis Borges/Suzanne Jill Levine/Esther Allen,2001
Ficciones,Jorge Luis Borges/John Sturrock/Anthony Kerringan,1993
Montaigne: Essays,Michel de Montaigne/J.M. Cohen,1993
The Complete Works,Michel de Montaigne/Donald M. Frame,2003
The Complete Essays,Michel de Montaigne/M.A. Screech,1993
On Friendship,Michel de Montaigne/M.A. Screech,2005
To America with Love: Letters from the Underground,Abbie Hoffman/Anita Hoffman,2000
The Stories (So Far),Deborah Eisenberg,1997
Hellsing  Vol. 03 (Hellsing  #3),Kohta Hirano,2004
Hellsing  Vol. 04 (Hellsing  #4),Kohta Hirano,2004
Verserade tankar,Lennart Hellsing/Fibben Hald,1999
Reefer Madness: Sex  Drugs  and Cheap Labor in the American Black Market,Eric Schlosser,2004
Feeding the Future: From Fat to Famine  How to Solve the World's Food Crises,Andrew Heintzman/Evan Solomon/Eric Schlosser,2006
Chew on This: Everything You Don't Want to Know About Fast Food,Eric Schlosser/Charles   Wilson,2006
Shaken (Left Behind: The Kids  #23-25),Jerry B. Jenkins/Tim LaHaye/Chris Fabry,2005
The Rapture: In the Twinkling of an Eye   (Before They Were Left Behind  #3),Tim LaHaye/Jerry B. Jenkins,2007
Kingdom Come: The Final Victory (Left Behind  #13),Tim LaHaye/Jerry B. Jenkins,2007
John's Story: The Last Eyewitness (The Jesus Chronicles  #1),Tim LaHaye/Jerry B. Jenkins,2006
Silenced: The Wrath of God Descends (Underground Zealot  #2),Jerry B. Jenkins,2005
Restless Till We Rest in You: 60 Reflections from the Writings of St. Augustine (Saints Speak Today),Augustine of Hippo,1998
A Woman in Berlin: Eight Weeks in the Conquered City: A Diary,Anonymous/Philip Boehm/Hans Magnus Enzensberger,2006
The Woman Warrior,Maxine Hong Kingston,1989
A Woman in Jerusalem,A.B. Yehoshua/Hillel Halkin,2006
The Kept Woman,Susan Donovan,2006
My Woman His Wife,Anna J.,2006
Woman Hollering Creek and Other Stories,Sandra Cisneros,1992
The Bean Trees (Greer Family  #1),Barbara Kingsolver,1989
The Crazyladies of Pearl Street,Trevanian,2006
The Summer of Katya,Trevanian,2005
The Main,Trevanian,2005
The Eiger Sanction (Jonathan Hemlock  #1),Trevanian,2005
Time to Learn: How to Create High Schools That Serve All Students,George H. Wood/Theodore R. Sizer,2005
Scoop (Occupational Hazards  #1),Rene Gutteridge,2006
Brideshead Revisited,Evelyn Waugh,1982
Black Mischief,Evelyn Waugh,2002
The Complete Stories of Evelyn Waugh,Evelyn Waugh,2000
Helena,Evelyn Waugh/George Weigel/Amy Welborn,2005
Choo Choo (Carry Along Book & Cassette Favorites),Virginia Lee Burton,1989
The Rise of Christianity,Rodney Stark,1997
The Rise of Christianity : A Sociologist Reconsiders History,Rodney Stark,1996
Grand Theft Auto: San Andreas Official Strategy Guide,Rick Barba,2004
Rounding the Mark (Inspector Montalbano  #7),Andrea Camilleri/Stephen Sartarelli,2006
Excursion to Tindari (Inspector Montalbano #5),Andrea Camilleri/Stephen Sartarelli,2005
Voice of the Violin (Inspector Montalbano  #4),Andrea Camilleri/Stephen Sartarelli,2004
Andreas Gursky,Andreas Gursky/Peter Galassi,2002
Moon of the Spider (Diablo  #4),Richard A. Knaak,2006
The Black Road (Diablo #2),Mel Odom,2002
Legacy of Blood (Diablo  #1),Richard A. Knaak,2001
The Kingdom of Shadow (Diablo  #3),Richard A. Knaak,2002
Scales of the Serpent (Diablo: The Sin War  #2),Richard A. Knaak,2007
El Escorpion: La Marca del Diablo: El Escorpion: The Mark of the Devil,Stephen Desberg/Enrico Marini,2004
Diablo II Ultimate Strategy Guide,Bart G. Farkas,2001
El diablo de la botella,Robert Louis Stevenson/Diana Castellanos/Eleonora Garcia Larralde,2018
Diabolo: Volume 1,Kei Kusunoki/Kaoru Ohashi,2004
Japan (Lonely Planet Guide),Chris Rowthorn/Ray Bartlett/Justin Ellis,2005
Pink Box: Inside Japan's Sex Clubs,Joan Sinclair/James Farrer,2006
Japan at War:  An Oral History,Haruko Taya Cook/Theodore F. Cook,1993
Sister Bernadette's Barking Dog: The Quirky History and Lost Art of Diagramming Sentences,Kitty Burns Florey,2006
A Three Dog Life,Abigail Thomas,2006
For the Love of a Dog: Understanding Emotion in You and Your Best Friend,Patricia B. McConnell,2006
Malcolm X Speaks: Selected Speeches and Statements,Malcolm X/George Breitman,1994
Martin and Malcolm and America: A Dream or a Nightmare?,James H. Cone,1992
Under the Volcano,Malcolm Lowry,2000
The New Knighthood: A History of the Order of the Temple,Malcolm Barber,1995
Malcolm X: A Graphic Biography,Andrew Helfer/Randy DuBurke,2006
Who Are You?: 101 Ways of Seeing Yourself,Malcolm Godwin,2000
Bosnia: A Short History,Noel Malcolm,2002
The Other Boleyn Girl,Philippa Gregory,2004
The Last Boleyn,Karen Harper,2006
The Rise and Fall of Anne Boleyn,Retha M. Warnicke,1991
The Secret Diary of Anne Boleyn,Robin Maxwell,1998
The Other Boleyn Girl,Philippa Gregory,2001
Lila: An Inquiry Into Morals (Phaedrus  #2),Robert M. Pirsig,1992
Lila's Child: An Inquiry into Quality,Robert M. Pirsig/Dan Glover,2003
Swapping Lives,Jane Green,2006
Babyville,Jane Green,2004
To Have and to Hold,Jane Green,2005
Mr. Maybe,Jane Green,2002
Straight Talking,Jane Green,2002
Spellbound,Jane Green,2003
Babyville,Jane Green,2003
This Christmas,Jane Green/Jennifer Coburn/Liz Ireland,2009
Bookends,Jane Green,2002
The Farming of Bones,Edwidge Danticat,1999
The Dew Breaker,Edwidge Danticat,2005
I Capture the Castle,Dodie Smith,1998
Conversations with Ernest Hemingway (Literary Conversations),Ernest Hemingway/Matthew J. Bruccoli,1986
The Rapture: Who Will Face the Tribulation,Tim LaHaye,2002
The Regime: Evil Advances  (Before They Were Left Behind  #2),Tim LaHaye/Jerry B. Jenkins,2006
The Rising: Antichrist is Born  (Before They Were Left Behind  #1),Tim LaHaye/Jerry B. Jenkins,2005
The Earth and Its Peoples: Volume II,Richard W. Bulliet/Daniel R. Headrick/David Northrup/Lyman L. Johnson/Pamela Kyle Crossley/Steven W. Hirsch/Steven Hirsch,2005
The Earth and Its Peoples: A Global History  Volume C: Since 1750,Richard W. Bulliet/Pamela Kyle Crossley/Steven Hirsch,2004
Morgan's Passing,Anne Tyler,1996
Back When We Were Grownups,Anne Tyler,2004
Celestial Navigation,Anne Tyler,1996
Breathing Lessons,Anne Tyler,2006
The Tin Can Tree,Anne Tyler,1996
Inside the Mind of Gideon Rayburn (Midvale Academy  #1),Sarah Miller,2006
Patience & Sarah,Isabel Miller/Emma Donoghue,2005
The Razor's Edge,W. Somerset Maugham,2003
Razor's Edge: The Unofficial History of the Falklands War,Hugh Bicheno/Richard   Holmes,2007
Tom Jones,Henry Fielding/Doreen Roberts,1992
Clarissa  Or The History of a Young Lady,Samuel Richardson/Sheila Ortiz Taylor,2005
The Hitchhiker's Guide to the Galaxy: The Quintessential Phase (Hitchhiker's Guide: Radio Play  #5),Douglas Adams/Dirk Maggs/Simon  Jones/Geoffrey McGivern/Mark Wing-Davey/Susan  Sheridan/Sandra Dickinson/Stephen  Moore/William Franklyn/Rula Lenska/Sam  Burke,2005
The Secret of Shambhala: In Search of the Eleventh Insight (Celestine Prophecy  #3),James Redfield,2001
The Celestine Vision: Living the New Spiritual Awareness,James Redfield,1999
The Purpose of Your Life: Finding Your Place In The World Using Synchronicity  Intuition  And Uncommon Sense,Carol Adrienne/James Redfield,1999
The Janson Directive (Paul Janson  #1),Robert Ludlum,2003
The Moscow Vector (Covert-One  #6),Patrick Larkin/Robert Ludlum,2006
The Ambler Warning,Robert Ludlum,2006
Bleak House,Charles Dickens/Nicola Bradbury/Hablot Knight Browne,2006
Our Mutual Friend,Charles Dickens,2002
A Christmas Carol and Other Christmas Books,Charles Dickens/Robert Douglas-Fairhurst,2007
Little Dorrit,Charles Dickens/Stephen J. Wall/Helen Small,2003
Baseball: a Literary Anthology,Nicholas Dawidoff/Ernest Lawrence Thayer/Jacques Barzun/Robert Frost/John Updike/Leroy Satchel Paige/Bill Veeck/Murray Kempton/Jimmy Breslin/Marianne Moore/Gay Talese/Tallulah Bankhead/Albert G. Spalding/Nelson Algren/William Carlos Williams/James Weldon Johnson/Thomas Wolfe/James Thurber/Philip Roth/Jim Bouton/Dave Frishberg/Roger Kahn/Roger Angell/Damon Runyon/George Plimpton/A. Bartlett Giamatti/Amiri Baraka/Annie Dillard/Stephen Jay Gould/Stephen King/Richard Ford/Don DeLillo/Lawrence S. Ritter/Ring Lardner/Carl Sandburg/Heywood Broun/Bernard Malamud/Red  Smith,2002
The Bourne Ultimatum (Jason Bourne  #3),Robert Ludlum,2004
The Sigma Protocol,Robert Ludlum,2002
The Road to Gandolfo,Robert Ludlum/Michael  Shepherd,1992
The Arctic Event (Covert-One  #7),James H. Cobb/Robert Ludlum,2007
The Altman Code (Covert-One  #4),Gayle Lynds/Robert Ludlum/Don Leslie,2005
The Matlock Paper,Robert Ludlum,2005
Fat Pig,Neil LaBute,2004
Hickory Dickory Dock (Hercule Poirot  #32),Agatha Christie/Hugh Fraser,2006
A Caribbean Mystery (Miss Marple  #10),Agatha Christie,2000
Five Complete Miss Marple Novels: The Mirror Crack'd / A Caribbean Mystery / Nemesis / What Mrs. McGillicuddy Saw! / The Body in the Library,Agatha Christie,1990
At Bertram's Hotel,Agatha Christie,2000
Nemesis (Miss Marple  #12),Agatha Christie,2000
A Pocket Full of Rye: A BBC Radio 4 Full-Cast Dramatisation,Agatha Christie/Michael Bakewell/June Whitfield/Nicky Henson/Derek Waring/Natasha Pyne,2014
Murder at the Vicarage (Miss Marple  #1),Agatha Christie,2000
Miss Marple Omnibus Vol. 3 (Murder at the Vicarage / Nemesis / Sleeping Murder / At Bertram's Hotel),Agatha Christie,1997
The Dance of Anger,Harriet Lerner,2005
Dance of the Gods (Circle Trilogy  #2),Nora Roberts,2006
Barnyard Dance,Sandra Boynton,1993
The Dance of Intimacy: A Woman's Guide to Courageous Acts of Change in Key Relationships,Harriet Lerner,1989
4:50 from Paddington / A Pocket Full of Rye (BBC Presents: Two Miss Marple Dramas),Agatha Christie,1999
Blood Canticle (The Vampire Chronicles #10),Anne Rice,2004
The Vampire Armand (The Vampire Chronicles  #6),Anne Rice,2000
Violin,Anne Rice,2002
Cry to Heaven,Anne Rice,1995
Lasher (Lives of the Mayfair Witches  #2),Anne Rice,2004
Blood And Gold (The Vampire Chronicles  #8),Anne Rice,2002
Hot Stuff (Cate Madigan #1),Janet Evanovich/Leanne Banks,2007
Lovelock (Mayflower Trilogy  #1),Orson Scott Card/Kathryn H. Kidd,2001
Treasure Box,Orson Scott Card,1997
Songmaster,Orson Scott Card,2002
Stone Tables,Orson Scott Card,2000
William Faulkner: The Sound and the Fury and as I Lay Dying: Essays  Articles  Reviews,Nicolas Tredell,2000
Hart's Hope,Orson Scott Card,1983
Children of the Mind (Ender's Saga  #4),Orson Scott Card,2002
Maps in a Mirror: The Short Fiction of Orson Scott Card,Orson Scott Card,2004
How to Write Science Fiction & Fantasy,Orson Scott Card,2001
What Came Before He Shot Her (Inspector Lynley  #14),Elizabeth  George,2006
With No One as Witness (Inspector Lynley  #13),Elizabeth  George,2006
Deception on His Mind (Inspector Lynley  #9),Elizabeth  George,1998
Becoming a Woman of Beauty and Strength: Esther,Elizabeth George,2001
In Pursuit of the Proper Sinner (Inspector Lynley  #10),Elizabeth  George,2000
A Woman's High Calling Growth and Study Guide,Elizabeth George,2001
Living with Passion and Purpose: Luke (Woman After God's Own Heart),Elizabeth George,2005
Loving God with All Your Mind,Elizabeth George,2005
Ariel Sharon: A Life,Nir Hefez/Gadi Bloom/Mitch Ginsburg,2006
Life Management for Busy Woman: Growth and Study Guide,Elizabeth George,2002
A Wife After God's Own Heart Growth and Study Guide,Elizabeth George,2004
Lover of Unreason: Assia Wevill  Sylvia Plath's Rival and Ted Hughes' Doomed Love,Yehuda Koren/Eilat Negev,2006
The Journals of Sylvia Plath,Sylvia Plath/Karen V. Kukil,2013
Letters Home,Sylvia Plath,1999
The Poetry of Sylvia Plath,Claire Brennan,2001
Black Boy,Richard Wright/Edward P. Jones,2005
Angry Black White Boy,Adam Mansbach,2005
Bad Boys In Black Tie (Watson Brothers  #3),Lori Foster/Erin McCarthy/Morgan Leigh,2004
The Twits,Roald Dahl/Quentin Blake,2004
Far from the Madding Crowd,Thomas Hardy/Suzanne Keen,2002
Far From the Madding Crowd,Thomas Hardy/Rosemarie Morgan/Shannon Russell,2003
Far From the Madding Crowd,Thomas Hardy/Suzanne B. Falck-Yi/Linda M. Shires,2002
Far from the Madding Crowd,Thomas Hardy,1994
Middlemarch: An Authoritative Text  Backgrounds  Reviews and Criticism,George Eliot/Bert G. Hornback,1977
Slaughterhouse: The Shocking Story of Greed  Neglect  And Inhumane Treatment Inside the U.S. Meat Industry,Gail A. Eisnitz,2006
A Dance At The Slaughterhouse (Matthew Scudder  #9),Lawrence Block,2000
Slaughterhouse Blues: The Meat and Poultry Industry in North America,Donald D. Stull/Michael J. Broadway/Eric Schlosser,2003
Inky The Indigo Fairy (Rainbow Magic  #6),Daisy Meadows/Georgie Ripper,2006
Sunny The Yellow Fairy (Rainbow Magic  #3),Daisy Meadows/Georgie Ripper,2005
Sky The Blue Fairy (Rainbow Magic  #5),Daisy Meadows/Georgie Ripper,2005
Heather The Violet Fairy (Rainbow Magic  #7),Daisy Meadows/Georgie Ripper,2006
Ruby the Red Fairy (Rainbow Magic  #1),Daisy Meadows/Georgie Ripper,2005
Unweaving the Rainbow: Science  Delusion and the Appetite for Wonder,Richard Dawkins,2000
The Rainbow Goblins,Ul De Rico,1978
The Serpent and the Rainbow,Wade Davis,1997
The Rainbow,D.H. Lawrence/Daphne Merkin,2009
Standing in the Rainbow (Elmwood Springs  #2),Fannie Flagg,2004
The Scarlet Pimpernel,Emmuska Orczy/Margaret Brantley,2004
Adventures of the Scarlet Pimpernel,Emmuska Orczy,1983
Love's Enduring Promise (Love Comes Softly  #2),Janette Oke,2003
Of Human Bondage,W. Somerset Maugham/Benjamin DeMott/Maeve Binchy,2007
Phantoms in the Brain: Probing the Mysteries of the Human Mind,V.S. Ramachandran/Sandra Blakeslee/Oliver Sacks,1999
Mangoes & Curry Leaves: Culinary Travels Through the Great Subcontinent,Jeffrey Alford/Naomi Duguid,2005
Curry: A Tale of Cooks and Conquerors,Lizzie Collingham,2006
50 Great Curries of India,Camellia Panjabi,2005
Curries Without Worries,Sudha Koul/Warner Books,1996
Seminar on Nietzsche's Zarathustra,C.G. Jung/James L. Jarrett,1997
The Polar Express,Chris Van Allsburg,2005
Trip To The North Pole (The Polar Express: The Movie),Ellen Weiss/Doyle Partners/Robert Zemeckis,2004
Blow Fly (Kay Scarpetta  #12),Patricia Cornwell,2004
The Gift of the Magi and Other Short Stories,O. Henry,1992
James and the Giant Peach,Roald Dahl/Nancy Ekholm Burkert,1978
Ten Short Stories Book & Cd Pack (Penguin Student Editions),Roald Dahl,2000
The Ultramarines Omnibus (Ultramarines #1-3),Graham McNeill,2008
Star Wars Omnibus: X-Wing Rogue Squadron  Vol. 2,Michael A. Stackpole/Jan Strnad/Ryder Windham/Jordi Ensign/John Nadeau/Gary Erskine,2006
The Soul Drinkers Omnibus (Soul Drinkers #1-3),Ben Counter,2006
James and the Giant Peach,Roald Dahl/Quentin Blake,1998
James and the Giant Peach: a Play,Richard R. George/Roald Dahl,2007
James & The Giant Peach (Disney's),Roald Dahl/Karey Kirkpatrick/Lane Smith,1996
The Progress of Love,Alice Munro,2000
A Memoir of Jane Austen and Other Family Recollections,J.E. Austen Leigh/Caroline Austen/Henry Austen/Anna Austen Lefroy/Kathryn Sutherland,2002
The Jane Austen Cookbook,Maggie Black/Deirdre Le Faye,2002
The Complete Novels,Jane Austen/Karen Joy Fowler,2006
The Cambridge Companion to Jane Austen,Edward Copeland/Juliet McMaster,1997
The Man Who Loved Jane Austen (The Man Who Loved Jane Austen #1),Sally Smith O'Rourke,2006
Jane Austen: A Life,Carol Shields,2005
The Complete Novels of Jane Austen,Jane Austen,2005
Persuasion,Jane Austen/Gillian Beer,2003
The History of England,Jane Austen/Cassandra Austen/Deirdre Le Faye/A.S. Byatt,1993
Jane and the Wandering Eye (Jane Austen Mysteries  #3),Stephanie Barron,2009
Dante: Poet of the Secular World,Erich Auerbach/Ralph Manheim/Michael Dirda,2007
Silent Running,James F. Calvert,1997
Zur Genealogie der Moral,Friedrich Nietzsche,1998
Nietzche and Philosophy,Gilles Deleuze/Michael Hardt,2006
The Will to Power,Friedrich Nietzsche/Walter Kaufmann/R.J. Hollingdale,2011
The Story of Philosophy: The Lives and Opinions of the World's Greatest Philosophers,Will Durant,1991
The Oxford Companion to Philosophy,Ted Honderich,2005
South Park and Philosophy: You Know  I Learned Something Today,Robert Arp,2006
Superheroes and Philosophy: Truth  Justice  and the Socratic Way,Tom Morris/William Irwin,2005
The Simpsons and Philosophy: The D'oh! of Homer,William Irwin/Aeon J. Skoble/Mark T. Conard,2001
Philosophy for Dummies,Tom Morris,1999
The Philosophy of Andy Warhol (From A to B and Back Again),Andy Warhol,1977
Harry Potter and Philosophy: If Aristotle Ran Hogwarts,David Baggett/Shawn E. Klein,2004
Philosophy of Religion: An Anthology,Louis P. Pojman,2002
A History of Philosophy 1: Greece and Rome,Frederick Charles Copleston,2003
Western Philosophy: An Anthology,John Cottingham,1996
Star Wars and Philosophy: More Powerful than You Can Possibly Imagine,Kevin S. Decker/Jason T. Eberl/William Irwin/George Lucas/William O. Stephens/Walter Ritoku Robinson/Richard H. Dees/Judith A. Barad/Elizabeth F. Cooke/Richard Hanley/Jerold J. Abrams/Robert Arp/Jan-Erik Jones,2005
Bullshit and Philosophy,Gary L. Hardcastle/George A. Reisch,2006
The Consolation of Philosophy,Boethius/Victor Watts,1999
Philosophy of Mind: Classical and Contemporary Readings,David J. Chalmers,2002
The Undead and Philosophy: Chicken Soup for the Soulless,Richard V. Greene/K. Silem Mohammad,2006
An Introduction to Political Philosophy,Jonathan Wolff,2006
Philosophy: The Basics,Nigel Warburton,2004
A Young Person's Guide To Philosophy,Jeremy Weate/Peter Lawman,1998
Philosophy in the Flesh: The Embodied Mind and its Challenge to Western Thought,George Lakoff/Mark  Johnson,1999
Practical Philosophy,Immanuel Kant/Mary J. Gregor,1999
Readings in Classical Chinese Philosophy,Philip J. Ivanhoe/Bryan W. Van Norden,2005
Logic and Philosophy: A Modern Introduction,Alan Hausman/Paul Tidman,2006
History of Political Philosophy,Leo Strauss/Joseph Cropsey,1987
What Is Ancient Philosophy?,Pierre Hadot/Michael Chase,2004
Lectures on the History of Philosophy 1: Greek Philosophy to Plato,Georg Wilhelm Friedrich Hegel/E.S. Haldane/Frederick C. Beiser,1995
Seinfeld and Philosophy,William Irwin,1999
Introduction to the Philosophies of Research and Criticism in Education and the Social Sciences,James   Paul,2004
Introducing Philosophy,Dave Robinson/Chris Garratt/Judy Groves,2000
The Matrix and Philosophy: Welcome to the Desert of the Real,William Irwin/Gerald J. Erion/Barry  Smith/Carolyn Korsmeyer/Jonathan J. Sanford/Jason Holt/Theodore Schick Jr./Gregory Bassham/James Lawler/David Mitsuo Nixon,2002
A Short History of Modern Philosophy (Routledge Classics),Roger Scruton,2001
Ancient Philosophy,Anthony Kenny,2006
Woody Allen and Philosophy: [You Mean My Whole Fallacy Is Wrong?],Mark T. Conard/Aeon J. Skoble/Tom Morris/William Irwin,2004
Philosophy of Religion,John Harwood Hick,1989
Early Greek Philosophy,Jonathan Barnes,2002
Contemporary Political Philosophy,Will Kymlicka,2001
Buffy the Vampire Slayer and Philosophy: Fear and Trembling in Sunnydale,James B. South/William Irwin,2003
Philosophy: The Classics,Nigel Warburton,1998
The Oxford Handbook of Philosophy of Mathematics and Logic,Stewart Shapiro,2007
Three Books of Occult Philosophy,Cornelius Agrippa/Donald Tyson,1992
Philosophy Made Simple,Robert Hellenga,2007
The Philosophy of Biology,David L. Hull/Michael Ruse,1998
Philosophy and the Mirror of Nature,Richard M. Rorty,1981
The Best American Sports Writing 2003,Buzz Bissinger/Glenn Stout/Elizabeth Gilbert/Bill Plaschke/Gary Smith/Michael J. Agovino,2003
Walking the Bible: A Journey by Land Through the Five Books of Moses,Bruce Feiler,2005
Mac OS X: Tiger Edition (The Missing Manual),David Pogue,2005
Astonishing X-Men  Volume 2: Dangerous,Joss Whedon/John Cassaday,2007
FINAL FANTASY X Official Strategy Guide,Dan Birlew,2001
Ultimate X-Men  Vol. 14: Phoenix?,Robert Kirkman/Ben Oliver/Tom Raney,2006
Astonishing X-Men  Volume 1: Gifted,Joss Whedon/John Cassaday,2006
Cross-X,Joe  Miller,2006
Astonishing X-Men  Volume 3: Torn,Joss Whedon/John Cassaday,2007
X/1999  Volume 01: Prelude,CLAMP,2003
X/1999  Volume 02: Overture,CLAMP/Fred Burke,2003
The Gospel According to Job,Mike Mason,2002
Avid Editing: A Guide for Beginning and Intermediate Users,Sam Kauffmann,2003
The Complete Poems (Poetry Library),D.H. Lawrence,1994
Complete Short Stories  Vol 2,D.H. Lawrence,1961
D.H. Lawrence and Italy: Twilight in Italy/Sea and Sardinia/Etruscan Places,D.H. Lawrence,1997
The Complete Poems,D.H. Lawrence/Vivian de Sola Pinto/Warren Roberts,1994
Sons and Lovers,D.H. Lawrence/Geoff Dyer,1999
The Woman Who Rode Away and Other Stories,D.H. Lawrence/Christa Jansohn,2002
Amnesia Moon,Jonathan Lethem,2005
Paul Revere's Ride,David Hackett Fischer,1995
The Great Wave: Price Revolutions and the Rhythm of History,David Hackett Fischer,1999
Growing Old in America: The Bland-Lee Lectures Delivered at Clark University,David Hackett Fischer,1978
Nathaniel Hawthorne: The Scarlet Letter: Essays  Articles  Reviews,Elmer Kennedy-Andrews,2000
The All-True Travels and Adventures of Lidie Newton,Jane Smiley,1998
The Age of Grief,Jane Smiley,2002
A Year at the Races: Reflections on Horses  Humans  Love  Money  and Luck,Jane Smiley,2005
Venetia,Georgette Heyer,2006
Lady of Quality,Georgette Heyer,2005
False Colours,Georgette Heyer,2005
Sylvester,Georgette Heyer/Joan Wolf,2004
The Convenient Marriage,Georgette Heyer,2005
Sprig Muslin,Georgette Heyer,2005
The Talisman Ring,Georgette Heyer,2005
The Nonesuch,Georgette Heyer,2005
The Foundling,Georgette Heyer/Kay Hooper,2003
Ali and Nino,Kurban Said/Jenia Graman,2000
Ali und Nino,Kurban Said,2002
Last Rights (Francis Hancock #1),Barbara Nadel,2006
Belshazzar's Daughter (Inspector Ikmen #1),Barbara Nadel,2006
Deep Waters (Cetin Ikmen  #4),Barbara Nadel,2002
After the Mourning (Francis Hancock #2),Barbara Nadel,2006
Spiritual Midwifery,Ina May Gaskin,2002
Monday Night Class,Stephen Gaskin,2005
Summer of the Dragon,Elizabeth Peters,2001
Devil May Care,Elizabeth Peters,2001
The Deeds of the Disturber (Amelia Peabody  #5),Elizabeth Peters,2000
The Mammoth Book of Egyptian Whodunnits,Mike Ashley/Elizabeth Peters/Lynda S. Robinson/Lauren Haney,2002
The Best American Classics,Cook's Illustrated Magazine/John  Burgoyne,2006
Cook's Illustrated 2005 (Cook's Illustrated Annuals),Cook's Illustrated Magazine,2005
Cook's Illustrated 2003 (Cook's Illustrated Annuals),Cook's Illustrated Magazine,2003
Cook's Illustrated 1995 (Cook's Illustrated Annuals),Cook's Illustrated Magazine,1995
Zelda's Cut,Philippa Gregory,2001
Thanksgiving on Thursday (Magic Tree House  #27),Mary Pope Osborne/Salvatore Murdocca,2002
Rurouni Kenshin  Volume 27,Nobuhiro Watsuki,2006
Sukhoi Su-27 Flanker (WarbirdTech  #42),Yefim Gordon/Peter Davison,2006
1001 Illuminated Initial Letters: 27 Full-Color Plates,Owen    Jones,1988
Gold Rage (Wilderness  #27),David   Robbins/David Thompson,1999
Asfixia,Chuck Palahniuk,2006
Expectant Father,Melinda Curtis,2011
Horse Heaven,Jane Smiley,2003
White Oleander,Janet Fitch,2001
The Night Remembers (Night  #1),Kathleen Eagle,1998
The Mephisto Club (Rizzoli & Isles  #6),Tess Gerritsen,2006
Vanish (Rizzoli & Isles  #5),Tess Gerritsen,2006
Call After Midnight & Under The Knife,Tess Gerritsen,2006
The Sinner (Rizzoli & Isles  #3),Tess Gerritsen,2005
Body Double (Rizzoli & Isles  #4),Tess Gerritsen,2005
Life Support,Tess Gerritsen,1998
The Family that Couldn't Sleep,D.T. Max,2006
River Out of Eden: A Darwinian View of Life,Richard Dawkins/Lalla Ward,1996
Dragons of Eden: Speculations on the Evolution of Human Intelligence,Carl Sagan,1986
Eden: It's an Endless World  Volume 1 (Eden: It's an Endless World  #1),Hiroki Endo,2005
Demonic Males: Apes and the Origins of Human Violence,Richard W. Wrangham/Dale Peterson,1997
A Mad People's History of Madness,Dale Peterson,1982
A Primate's Memoir: A Neuroscientist's Unconventional Life Among the Baboons,Robert M. Sapolsky,2002
Blame It on the Brain: Distinguishing Chemical Imbalances  Brain Disorders  and Disobedience,Edward T. Welch,1998
Blame!  Vol. 7,Tsutomu Nihei,2007
The Berenstain Bears and the Blame Game,Stan Berenstain/Jan Berenstain,1997
Blame!  Vol. 8,Tsutomu Nihei,2007
The New Don't Blame Mother: Mending the Mother-Daughter Relationship,Paula J. Caplan,2000
Blame It on Paris,Laura Florand,2006
No Wind of Blame (Inspector Hemingway #1),Georgette Heyer,2006
Uncle John's Presents Blame It on the Weather: Amazing Weather Facts,David W. Phillips/Michael Parfit/Suzanne Chisholm/Bathroom Readers' Institute,2002
Who's To Blame (Sweet Valley High  #66),Francine Pascal/Kate William,1990
Blame! #1,Tsutomu Nihei,2000
Fire in the Minds of Men: Origins of the Revolutionary Faith,James H. Billington,1980
Mutant Message Down Under,Marlo Morgan,2004
Mutants: On Genetic Variety and the Human Body,Armand Marie Leroi,2005
The New Mutants Classic  Vol. 1,Chris Claremont/Bob McLeod,2006
James Dean: The Mutant King: A Biography,David Dalton,2001
Dry,Augusten Burroughs,2004
Yes  Your Teen Is Crazy!: Loving Your Kid Without Losing Your Mind,Michael J. Bradley,2002
El Retrato De Dorian Gray,Oscar Wilde,2006
Henry IV  Part 1,William Shakespeare/Barbara A. Mowat/Paul Werstine,2005
Henry IV  Part 2,William Shakespeare/Barbara A. Mowat/Paul Werstine,2006
Henry IV  part II,William Shakespeare,2005
King Henry IV  Part 2,William Shakespeare/Arthur Raleigh Humphreys,1967
Piccole donne,Louisa May Alcott/Jame's Prunier/Laura Cangemi,2001
I Henry IV,William Shakespeare/Gordon McMullan,2003
Collected Plays: Henry IV  The Man with the Flower in His Mouth  Right You Are,Luigi Pirandello/Henry Reed,1987
Henry IV  Parts I & II,William Shakespeare/Ronald K. Levao,2006
Black Sunday,Thomas  Harris,2005
Hannibal (Hannibal Lecter  #3),Thomas  Harris,2000
The Hannibal Lecter Trilogy,Thomas  Harris,2005
Velocity,Dean Koontz,2006
Hideaway,Dean Koontz,2005
Lightning,Dean Koontz,2003
Icebound,David Axton/Dean Koontz,2000
The Servants of Twilight / Darkfall / Phantoms,Dean Koontz/Leigh Nichols,1991
Shadow Fires,Leigh Nichols/Dean Koontz,1993
The Bad Place,Dean R. Koontz,2004
Fear Nothing (Moonlight Bay  #1),Dean Koontz,1998
The Key to Midnight,Dean Koontz/Leigh Nichols,1995
Mr. Murder,Dean Koontz,2006
Phantoms,Dean Koontz,2002
The Face,Dean Koontz,2004
Shattered,Dean Koontz,1985
Intensity,Dean Koontz,2000
The Good Guy,Dean Koontz,2007
The Eyes of Darkness,Leigh Nichols/Dean Koontz,1996
The Door to December,Richard Paige/Dean Koontz,2002
The Servants of Twilight,Leigh Nichols/Dean Koontz,1991
Darkfall,Dean Koontz,2007
Ghosts and Grisly Things,Ramsey Campbell/Jack Dann/Dennis Etchison,2001
Shakespeare: The Biography,Peter Ackroyd,2006
The Necessary Shakespeare,William Shakespeare,2004
Shakespeare After All,Marjorie Garber,2005
Playing Shakespeare: An Actor's Guide,John   Barton/Luann Walther,2001
John Grisham Value Collection: A Time to Kill  The Firm  The Client,John Grisham/Michael Beck/Blair Brown/D.W. Moffett,2004
The Pelican Brief,John Grisham,2006
The Harry Bosch Novels  Volume 1: The Black Echo / The Black Ice / The Concrete Blonde (Harry Bosch #1-3),Michael Connelly,2001
Echo Park (Harry Bosch  #12; Harry Bosch Universe  #16),Michael Connelly,2006
Angels Flight (Harry Bosch  #6; Harry Bosch Universe  #7),Michael Connelly,2000
The Harry Bosch Novels  Volume 2: The Last Coyote / Trunk Music / Angels Flight (Harry Bosch  #4-6),Michael Connelly,2003
The Closers (Harry Bosch  #11; Harry Bosch Universe  #14),Michael Connelly,2006
The Poet (Jack McEvoy  #1; Harry Bosch Universe  #5),Michael Connelly,2002
Chasing the Dime,Michael Connelly,2003
The Black Echo (Harry Bosch  #1; Harry Bosch Universe  #1),Michael Connelly,2002
Tales From Shakespeare,Charles Lamb/Mary Lamb/Arthur Rackham,1994
Shakespeare's Champion (Lily Bard  #2),Charlaine Harris,2006
Will in the World: How Shakespeare Became Shakespeare,Stephen Greenblatt,2004
Sonnets,William Shakespeare/Barbara A. Mowat/Paul Werstine,2004
Shakespeare's Trollop (Lily Bard  #4),Charlaine Harris,2004
Shakespeare's Kitchen: Renaissance Recipes for the Contemporary Cook,Francine Segan/Tim Turner/Patrick O'Connell,2003
Sonnets,William Shakespeare/Stephen  Booth,2000
The Art of Shakespeare's Sonnets,Helen Vendler,1999
Hide (Detective D.D. Warren  #2),Lisa Gardner,2007
Alone (Detective D.D. Warren  #1),Lisa Gardner/Anna Fields,2005
The Third Victim (Quincy & Rainie  #2),Lisa Gardner,2001
On Becoming a Novelist,John Gardner/Raymond Carver,1999
The Art of Fiction: Notes on Craft for Young Writers,John Gardner,1991
October Light,John Gardner/Tom Bissell,2005
Excellence,John W. Gardner,1995
Conversations with Bernard Malamud (Literary Conversations),J. Michael Lennon/Lawrence M. Lasher,1991
Essential Tales and Poems,Edgar Allan Poe/Benjamin F. Fisher,2004
Poetry  Tales and Selected Essays,Edgar Allan Poe/Gary Richard Thompson/G.R. Thompson/Patrick F. Quinn,1996
The Complete Stories,Franz Kafka/Nahum N. Glatzer/John Updike,1995
The Sons,Franz Kafka/Edwin Muir/Willa Muir/Eithne Wilkins/Ernst Kaiser/Mark Anderson/Arthur S. Wensinger,1989
The Metamorphosis and Other Stories,Franz Kafka/Donna Freed/Jason Baker,2004
The Metamorphosis And Other Stories,Franz Kafka/Joachim Neugroschel,1993
Metamorphosis (Star Trek: The Next Generation),Jean Lorrah,1990
Lolita,Richard Corliss,1994
Lolita: The Screenplay,Vladimir Nabokov,1997
Lolita,Vladimir Nabokov/Martin Amis,1993
Mysteries,Knut Hamsun/Sverre Lyngstad,2001
Hunger,Knut Hamsun/George Egerton,2003
Victoria,Knut Hamsun/Oliver Stallybrass,1994
The Wanderer,Knut Hamsun/Oliver Stallybrass/Gunnvor Stallybrass,2001
Pan,Knut Hamsun/Sverre Lyngstad,1998
The Last Joy,Knut Hamsun/Sverre Lyngstad,2002
In Wonderland,Knut Hamsun/Sverre Lyngstad,2003
Guilty as Charged,Scott Turow/Sarah Shankman/Jay Brandon/Jeremiah Healy/Ed Gorman/John Jakes/Maynard F. Thomson/Lia Matera/Susan Dunlap/Bill Pronzini/John Lutz/Andrew Klavan/Marcia Muller/Stuart M. Kaminsky/Carolyn Wheat/Stan Washburn/Valerie Frankel,1996
On the Shoulders of Giants: The Great Works of Physics and Astronomy,Stephen Hawking/Isaac Newton/Nicolaus Copernicus/Albert Einstein/Johannes Kepler/Galileo Galilei,2006
Visions of Heaven and Hell,Clive Barker,2005
Books of Blood: Volumes One to Three (Books of Blood #1-3),Clive Barker,1998
Everville (Book of the Art #2),Clive Barker,1999
The Great and Secret Show (Book of the Art #1),Clive Barker,1999
Abarat: Days of Magic  Nights of War,Clive Barker,2006
Imajica: The Reconciliation,Clive Barker,1995
Sacrament,Clive Barker,1997
The Inhuman Condition (Books of Blood  #4),Clive Barker,2001
The Return of the Native,Thomas Hardy/Alexander Theroux,2001
The Return of the Native,Thomas Hardy/Phillip Mallett,2006
The Stephen King Collection: Stories from Night Shift,Stephen King/John  Glover,2000
Blood and Smoke,Stephen King,2000
LT's Theory of Pets,Stephen King,2001
Silver Bullet,Stephen King/Bernie Wrightson,1985
Patriot Games (Jack Ryan  #1),Tom Clancy,1992
Legends,Robert Silverberg/Stephen King/Robert Jordan/Terry Goodkind/Anne McCaffrey/Orson Scott Card/Tad Williams/George R.R. Martin/Raymond E. Feist/Terry Pratchett/Ursula K. Le Guin,2001
Bare Bones: Conversations on Terror with Stephen King,Tim Underwood/Chuck Miller/Stephen King,1989
Four Past Midnight,Stephen King,2004
Gerald's Game,Stephen King,1992
Faithful: Two Diehard Boston Red Sox Fans Chronicle the Historic 2004 Season,Stewart O'Nan/Stephen King,2005
El umbral de la noche,Stephen King/Gregorio Vlastelica/Eduardo Goligorsky,2004
The Diary of Ellen Rimbauer: My Life at Rose Red,Joyce Reardon/Steven Rimbauer/Ridley Pearson,2001
Now and on Earth,Jim Thompson/Stephen King,1994
The Monkey,Stephen King/David Purdham,1989
Desperation / The Regulators: Box Set,Stephen King/Richard Bachman,1996
Ojos de fuego,Stephen King/Eduardo Goligorsky,2001
Tevye's Daughters: Collected Stories of Sholom Aleichem,Sholom Aleichem/Frances Butwin,1999
Favorite Tales of Sholom Aleichem,Sholom Aleichem/Ben Shahn/Frances Butwin/Julius Butwin,1990
Brown Girl  Brownstones,Paule Marshall/Mary Helen Washington/Edwidge Danticat,2006
V.,Thomas Pynchon,1994
Gimpel the Fool: And Other Stories,Isaac Bashevis Singer/Saul Bellow,1988
At the Mountains of Madness and Other Novels,H.P. Lovecraft/James Turner/S.T. Joshi/August Derleth,1985
At the Mountains of Madness and Other Tales of Terror,H.P. Lovecraft,1991
Mountain Madness (Wilderness  #24),David   Robbins/David Thompson,1998
At the Mountains of Madness and Other Novels of Terror,H.P. Lovecraft/August Derleth/E. Hoffmann Price,2002
The Aeneid,Virgil/Robert Fitzgerald,1992
The Aeneid (Verse Translation),Virgil/Rolfe Humphries,1987
The Iliad,Homer/Andrew Lang,2011
War and the Iliad,Simone Weil/Rachel Bespaloff/Mary McCarthy/Christopher E.G. Benfey/Hermann Broch,2005
The Iliad,Homer/Victor G. Ambrus/Nick McCarty,2000
Trojan Odyssey (Dirk Pitt  #17),Clive Cussler,2004
The Divine Comedy II: Purgatory,Dante Alighieri/Dorothy L. Sayers/C.W. Scott-Giles,1981
The Divine Comedy,Dante Alighieri/C.H. Sisson/David H. Higgins,1998
Paradiso (The Divine Comedy  #3),Dante Alighieri/Dorothy L. Sayers/Barbara Reynolds,1962
Modern Reader's Guide to Dante's the Divine Comedy,Joseph Gallagher,1999
The Canterbury Tales,Geoffrey Chaucer/Nevill Coghill,1970
The Canterbury Tales: Fifteen Tales and the General Prologue,Geoffrey Chaucer/V.A. Kolve/Glending Olson,2005
Fanning the Flame: Bible  Cross  and Mission,Chris    Green/Chris Wright/Paul Douglas Gardner,2003
From the Earth to the Moon (Extraordinary Voyages  #4),Jules Verne,2006
The Mammoth Book of New Jules Verne Adventures: Return to the Center of the Earth and Other Extraordinary Voyages  New Tales by the Heirs of Jules Verne,Mike Ashley/Eric Brown/Keith Brooke/Johan Heliot/Kevin J. Anderson/Sarah A. Hoyt/Justina Robson/Adam Roberts/Paul Di Filippo/Tim Lebbon/Molly Brown/Tony Ballantyne/Stephen Baxter/Richard A. Lupoff/Sharan Newman/Michael Pagel/Liz Williams/Brian Stableford/James Lovegrove/Ian Watson/Peter Criwther/Laurent Genefirt/F. Gwynplaine MacIntyre/Michael Mallory,2005
Journey to the Center of the Earth (Extraordinary Voyages  #3),Jules Verne,2006
20 000 Leagues Under The Sea,Pauline Francis/Jules Verne,2004
The Mysterious Island (Extraordinary Voyages  #12),Jules Verne/Caleb Carr/Jordan Stump,2004
The Lighthouse at the End of the World,Jules Verne,2001
The End of Nana Sahib: The Steam House (Extraordinary Voyages  #20),Jules Verne/Agnes D. Kingston,2003
Around the World in Eighty Days,Jules Verne/Herbert R. Lottman/Jacqueline Rogers,2005
Around the World in Eighty Days,Jules Verne/George M. Towle/Bruce Sterling,2003
The Mysterious Island,Jules Verne/Jordan Stump/Caleb Carr,2002
Adrift in the Pacific: Two Years Holiday (Extraordinary Voyages  #32),Jules Verne,2003
Final Payments,Mary Gordon,2006
Sliver of Truth (Ridley Jones #2),Lisa Unger,2007
The Mothman Prophecies,John A. Keel,2002
Intimate Communion: Awakening Your Sexual Essence,David Deida/Lorrie Bortner,1995
Letter to a Man in the Fire: Does God Exist and Does He Care?,Reynolds Price,2000
The Promise of Rest,Reynolds Price/Mary Bess Engel,1996
Perfect Match,Jodi Picoult,2002
Demon Box,Ken Kesey,1987
Sailor Song,Ken Kesey,1993
On the Bus: The Complete Guide to the Legendary Trip of Ken Kesey and the Merry Pranksters and the Birth of Counterculture,Paul Perry/Ken Babbs,1997
The Further Inquiry,Ken Kesey/Ron Bevirt,1990
Goodnight Moon,Margaret Wise Brown/Clement Hurd,2007
Goodnight Moon 123: A Counting Book (Over the Moon),Margaret Wise Brown/Clement Hurd,2007
New Rules: Polite Musings from a Timid Observer,Bill Maher,2005
True Story,Bill Maher,2005
Does Anybody Have a Problem With That? The Best of Politically Incorrect,Bill Maher,1997
The Outsiders,S.E. Hinton,2003
Outsiders Within: Writing on Transracial Adoption,Jane Jeong Trenka/Julia Chinyere Oparah,2006
Outsiders  Vol. 5: The Good Fight,Judd Winick/Matthew Clark/Art Thibert/Pop Mhan/Ron Randall,2007
Sister Outsider: Essays and Speeches,Audre Lorde,1984
Caramelo,Sandra Cisneros,2003
The House on Mango Street,Sandra Cisneros,2005
The Merchant of Venice,William Shakespeare,2005
Nancy Drew: Girl Detective: #1-4,Carolyn Keene,2004
Nancy's Mysterious Letter (Nancy Drew Mystery Stories  #8),Carolyn Keene/Walter Karig,1996
The Secret of the Old Clock (Nancy Drew Mystery Stories  #1),Carolyn Keene/Russell H. Tandy/Sara Paretsky,1991
The Mystery at the Moss-covered Mansion (Nancy Drew Mystery Stories  #18),Carolyn Keene/Russell H. Tandy/Mildred Benson,2003
The Mystery of the Brass-Bound Trunk (Nancy Drew Mystery Stories  #17),Carolyn Keene/Mildred Benson,2001
The Mantle of the Prophet: Religion and Politics in Iran,Roy Mottahedeh,2000
The Greatest Generation,Tom Brokaw,2001
Maverick: The Success Story Behind the World's Most Unusual Workplace,Ricardo Semler,2001
Weekend Warriors (Sisterhood  #1),Fern Michaels,2004
The Weekend Novelist,Robert J. Ray/Bret Norris,2005
The Week-End Book,Francis Meynell/John Julius Norwich/Francis Maynell,2006
North Carolina Weekends,Lynn Setzer,2003
Far from the Madding Crowd,Thomas Hardy/Margaret Drabble,2001
Selected Poems,Thomas Hardy/Robert Mezey,1998
Selected Poetry,Thomas Hardy/Samuel Hynes,1999
Underworld (Underworld  #1),Greg Cox/Danny McBride/Len Wiseman/Kevin Grevioux,2003
Underworld: The Mysterious Origins of Civilization,Graham Hancock,2003
The Dream and the Underworld,James Hillman,1979
Underworld (Star Wars: The Last of the Jedi  #3),Jude Watson,2005
Star Wars: Underworld - The Yavin Vassilika,Mike Kennedy/Carlos Meglia,2001
Underworld: Blood Enemy (Underworld  #2),Greg Cox/Len Wiseman/Kevin Grevioux,2004
Queen of the Underworld,Gail Godwin,2007
Murder in the Cathedral,T.S. Eliot,1964
Cathedral  Forge  and Waterwheel: Technology and Invention in the Middle Ages,Frances Gies/Joseph Gies,1995
In the Kitchen with Rosie: Oprah's Favorite Recipes,Rosie Daley/Oprah Winfrey,1994
King Richard II,William Shakespeare/Andrew Gurr,2003
King Richard II,William Shakespeare/Charles R. Forker,2002
King Richard II,William Shakespeare/Andrew Gurr,1984
Floating in My Mother's Palm,Ursula Hegi/John Collier/Francine Kass,1998
Tearing the Silence: On Being German in America,Ursula Hegi,1998
Paint it Black,Janet Fitch,2006
The Tempest,William Shakespeare/Peter Hulme/William H. Sherman,2003
The Day of the Tempest (Dragonlance: Dragons of a New Age  #2),Jean Rabe,2002
A Midsummer Night's Dream,William Shakespeare/Harold F. Brooks,1979
A Midsummer Night's Dream (SparkNotes Literature Guide),SparkNotes/William Shakespeare,2002
A Midsummer Night's Dream,William Shakespeare/R.A. Foakes,2003
Minuit dans le jardin du bien et du mal,John Berendt,1998
Cliffs Notes on Hugo's Les Miserables,Amy L. Marsland,1968
Hamlet in Purgatory,Stephen Greenblatt,2002
From Hinton to Hamlet: Building Bridges between Young Adult Literature and the Classics,Sarah K. Herz/Donald R. Gallo,2005
Hamlet,William Shakespeare/Burton Raffel/Harold Bloom,2003
Hamlet  Prince of Denmark,William Shakespeare/Philip Edwards/Robert Hapgood,2003
Romeo & Juliet,William Shakespeare/Roma Gill,2005
Romeo and Juliet,William Shakespeare/Paul D. Moliken,2003
Romeo and Juliet,William Shakespeare/G. Blakemore Evans/Thomas Moisan,2003
Shakespeare's Romeo and Juliet,William Shakespeare/Karin Jacobson/Sidney Lamb,2000
Romeo and Juliet (SparkNotes Literature Guide),SparkNotes/Brian  Phillips/William Shakespeare,2002
South of the Border  West of the Sun,Haruki Murakami/Philip Gabriel,2000
Clock of the Long Now: Time and Responsibility: The Ideas Behind the World's Slowest Computer,Stewart Brand,2000
Jessica's Bad Idea (Sweet Valley Twins and Friends  #31),Francine Pascal/Jamie Suzanne,1989
How to Win Friends and Influence People,Dale Carnegie,2006
How to Win Friends and Influence People,Dale Carnegie,1994
How to Win Friends and Influence People for Teen Girls,Donna Dale Carnegie,2005
Naked Economics: Undressing the Dismal Science,Charles Wheelan,2003
The Naked Warrior: Master the Secrets of the Super-Strong - Using Bodyweight Exercises Only,Pavel Tsatsouline,2010
The Naked Ape: A Zoologist's Study of the Human Animal,Desmond Morris,1999
There's No Toilet Paper . . . on the Road Less Traveled: The Best of Travel Humor and Misadventure,Doug Lansky,2005
Kitchen Confidential: Adventures in the Culinary Underbelly,Anthony Bourdain,2007
More Than You Know: Finding Financial Wisdom in Unconventional Places,Michael J. Mauboussin,2006
Searching for God Knows What,Donald Miller,2004
The More Than Complete Hitchhiker's Guide (Hitchhiker's Guide  #1-4 + short story),Douglas Adams,1989
Hitchhiker's Guide To The Galaxy: The Filming of the Douglas Adams classic,Robbie Stamp/Paul Simpson,2005
Different Seasons,Stephen King,1983
It's Called a Breakup Because It's Broken: The Smart Girl's Break-Up Buddy,Greg Behrendt/Amiira Ruotola (-Behrendt),2006
Jennifer Government,Max Barry,2004
Mama Day,Gloria Naylor,1989
A Feather on the Breath of God,Sigrid Nunez,2005
Mitz The Marmoset of Bloomsbury,Sigrid Nunez,2007
Parallel Worlds: A Journey through Creation  Higher Dimensions  and the Future of the Cosmos,Michio Kaku,2006
Key Lime Pie Murder (Hannah Swensen  #9),Joanne Fluke,2007
Cherry Cheesecake Murder (Hannah Swensen  #8),Joanne Fluke,2007
Peach Cobbler Murder (Hannah Swensen  #7),Joanne Fluke,2006
Strawberry Shortcake Murder (Hannah Swensen  #2),Joanne Fluke,2002
Lemon Meringue Pie Murder (Hannah Swensen  #4),Joanne Fluke,2004
Fluke: Or  I Know Why the Winged Whale Sings,Christopher Moore,2004
Sugar Cookie Murder (Hannah Swensen  #6),Joanne Fluke,2005
Chocolate Chip Cookie Murder (Hannah Swensen  #1),Joanne Fluke,2006
Blueberry Muffin Murder (Hannah Swensen  #3),Joanne Fluke,2003
The Wolf Shall Dwell With the Lamb: A Spirituality for Leadership in a Multicultural Community,Eric H.F. Law,1993
Focus: The Future of Your Company Depends on It,Al Ries/Laura Ries,2005
Positioning: The Battle for Your Mind,Al Ries/Jack Trout,2001
The 22 Immutable Laws of Marketing: Violate Them at Your Own Risk,Al Ries/Jack Trout,1994
Horse Sense: How to Pull Ahead on the Business Track,Al Ries/Jack Trout,1992
You Suck (A Love Story  #2),Christopher Moore,2007
Bloodsucking Fiends (A Love Story  #1),Christopher Moore,2004
Island of the Sequined Love Nun,Christopher Moore,2004
A Dirty Job (Grim Reaper  #1),Christopher Moore,2006
Practical Demonkeeping (Pine Cove  #1),Christopher Moore,2004
The Lust Lizard of Melancholy Cove (Pine Cove  #2),Christopher Moore,2004
Will Eisner's New York: Life in the Big City (The New York Tetralogy  #1-4),Will Eisner/Neil Gaiman,2006
Graphic Storytelling and Visual Narrative,Will Eisner,1996
The Best of the Spirit,Will Eisner/Neil Gaiman,2005
The Plot: The Secret Story of the Protocols of the Elders of Zion,Will Eisner/Stephen Eric Bronner/Umberto Eco/Sergei Nilus,2006
Will Eisner Sketchbook,Will Eisner,2004
The Conquering Sword of Conan (Conan the Cimmerian  #3),Robert E. Howard/Gregory Manchess/Patrice Louinet,2005
Conan and the Demons of Khitai,Akira Yoshida/Pat Lee/Paul Lee/C.B. Cebulski,2006
Call of Cthulhu: Horror Roleplaying (Call of Cthulhu RPG),Sandy Petersen/Lynn Willis,2005
The Call of Cthulhu and Other Weird Stories,H.P. Lovecraft,2002
The Keeper's Companion 2: Prohibition  Firearms  Tomes  & Creatures (Call of Cthulhu RPG),Lynn Willis/Brian M. Sammons/Adam Gauntlett/William Dietze/Greg Henrikson/Charles P. Zaglanis/J. Gordon Olmstead-Dean/M.J. Lempert/James Crowder,2002
Secrets of New York (Call of Cthulhu RPG),William    Jones,2005
The Keeper's Companion Vol. 1 (Call of Cthulhu RPG),Keith Herber/Brian M. Sammons/William Dietze/Chaosium Inc.,2003
Secrets of San Francisco: A 1920s Sourcebook for the City by the Bay (Call of Cthulhu RPG),Cody Goodfellow,2006
Miskatonic University: Dire Secrets & Campus Life (Call of Cthulhu RPG),Sam Johnson/Sandy Antunes,2005
Call of Cthulhu: Horror Roleplaying (Call of Cthulhu RPG),Sandy Petersen/Lynn Willis,2000
Shadows of Yog-Sothoth (Call of Cthulhu RPG),Sandy Petersen,2004
Twenty Thousand Leagues Under the Sea (Extraordinary Voyages  #6),Jules Verne/Anthony Bonner,2002
One Thousand White Women: The Journals of May Dodd (One Thousand White Women  #1),Jim Fergus,1999
The White Man's Burden: Why the West's Efforts to Aid the Rest Have Done So Much Ill and So Little Good,William Easterly,2007
The Elements of Style,William Strunk Jr./E.B. White,1999
Dracula,Bram Stoker,1994
Happy Hour at Casa Dracula (Casa Dracula  #1),Marta Acosta,2006
Frankenstein,Mary Wollstonecraft Shelley/Susan J. Wolfson,2006
World War One British Poets: Brooke  Owen  Sassoon  Rosenberg and Others,Candace Ward,1997
World War II: A Short History,Michael J. Lyons,2003
A Short History of World War I,James L. Stokesbury,1981
Collected Stories  Vol. 2,Richard Matheson/Stanley Wiater/Jack Finney/George Clayton Johnson,2005
Nightmare At 20 000 Feet,Richard Matheson/Stephen King,2002
Earthbound,Logan Swanson/Richard Matheson,2005
Hell House,Richard Matheson,2004
Noir: Three Novels of Suspense,Richard Matheson,2005
7 Steps to Midnight,Richard Matheson,2003
Duel,Richard Matheson/Ray Bradbury,2003
What Dreams May Come,Richard Matheson,2004
Richard Matheson's Hell House  Book 2,Ian Edginton/Simon Fraser,2005
Bloodlines,Richard Matheson/Mark Dawidziak,2007
The Bridegroom,Ha Jin,2001
Under the Red Flag,Ha Jin,1998
Ocean of Words,Ha Jin,1998
The Bridegroom,Ha Jin,2001
In the Pond,Ha Jin,2002
That Was Then  This Is Now,S.E. Hinton,1998
Hawkes Harbor,S.E. Hinton,2005
The Collection: The Outsiders / Rumble Fish / That Was Then  This Is Now,S.E. Hinton,1995
The Work of Work Servitude  Slavery and Labor in Medieval England,Allen J. Frantzen/Ruth Mazo Karras/Madonna J. Hettinger/Elizabeth Stevens Girsch/John Ruffing/George Ovitt Jr./Ross Samson/Niall Brady/Douglas Moffat/David Aers/Louise M. Bishop,1994
East of Eden,John Steinbeck,1992
Katherine,Anya Seton/Philippa Gregory,2004
The Fourth of July Story,Alice Dalgliesh/Marie Nonnast,1995
Fourth of July Mice!,Bethany Roberts/Doug Cushman,2004
Apple Pie 4th of July,Janet S. Wong/Margaret Chodos-Irvine,2006
Roses Are Red (Alex Cross  #6),James Patterson,2000
4th of July (Women's Murder Club  #4),James Patterson/Maxine Paetro,2006
Virgin,James Patterson,1980
Thriller: Stories To Keep You Up All Night,James Patterson/Ted Bell/Raelynn Hillhouse/Gregg Hurwitz/Alex Kava/J.A. Konrath/John Lescroart/David Liss/Eric Van Lustbader/Dennis Lynds/Gayle Lynds/Steve Berry/Chris Mooney/David Morrell/Katherine Neville/Michael Palmer/Douglas Preston/Christopher Reich/James Rollins/M.J. Rose/James Siegel/Grant Blackwood/Brad Thor/M. Diane Vogt/F. Paul Wilson/Lee Child/Lincoln Child/David Dun/Heather Graham/James Grippando/Denise Hamilton/David Liparulo/Christopher  Rice,2006
Saving the World and Other Extreme Sports (Maximum Ride  #3),James Patterson,2007
1st To Die (The Women's Murder Club  #1),James Patterson,2002
How to Write a Damn Good Mystery: A Practical Step-by-Step Guide from Inspiration to Finished Manuscript,James N. Frey,2004
Mediterranean Winter: The Pleasures of History and Landscape in Tunisia  Sicily  Dalmatia and the Peloponnese,Robert D. Kaplan,2005
Balkan Ghosts: A Journey Through History,Robert D. Kaplan,2005
Mediterranean Winter: The Pleasures of History & Landscape in Tunisia  Sicily  Dalmatia & Greece,Robert D. Kaplan,2004
Does God Know How to Tie Shoes?,Nancy White Carlstrom/Lori McElrath-Eslick,1997
The Ties That Bind: Life's Most Essential Knots and Ties,Susan Oliver/Harry   Bates,2004
The Undomestic Goddess,Sophie Kinsella,2006
Can You Keep a Secret?,Sophie Kinsella,2005
Crazy For You,Jennifer Crusie,2004
Welcome to Temptation (Dempseys  #1),Jennifer Crusie,2004
Faking It (Dempseys  #2),Jennifer Crusie,2004
Anyone But You,Jennifer Crusie,2006
Getting Rid of Bradley,Jennifer Crusie,2001
What The Lady Wants,Jennifer Crusie,2002
Manhunting,Jennifer Crusie,2007
The Unfortunate Miss Fortunes,Jennifer Crusie/Eileen Dreyer/Anne Stuart,2007
La falsificadora,Jennifer Crusie/Marina Mariasch,2005
Die Naschkatzen,Jennifer Crusie,2001
Coffee at Luke's: An Unauthorized Gilmore Girls Gabfest,Jennifer Crusie/Leah Wilson/Gregory Stevenson,2007
Behaving Like Adults,Anna Maxted,2004
Over 100 Truly Astonishing Sex Tips,Anna Maxted,2000
How to Seduce Your Dream Man,Anna Maxted,2000
Running in Heels,Anna Maxted,2002
Venice: Tales of the City,Michelle Lovric,2005
Caucasia,Danzy Senna,1999
The Talbot Odyssey,Nelson DeMille,1991
The Lion's Game (John Corey  #2),Nelson DeMille,2002
Word of Honor,Nelson DeMille,1998
Plum Island (John Corey  #1),Nelson DeMille,2002
Spencerville,Nelson DeMille,2008
Up Country,Nelson DeMille,2003
Wolfsbrut.,Nelson DeMille,2002
The Talbot Odyssey,Nelson DeMille,2000
Night Falls Fast: Understanding Suicide,Kay Redfield Jamison,2000
Before Night Falls,Reinaldo Arenas/Dolores M. Koch,2001
When True Night Falls (The Coldfire Trilogy  #2),C.S. Friedman,2005
Nightfall,Anne Stuart,1995
When Night Falls,Linda  Anderson,2000
Before Night Falls,Keith Gray,2007
Where the Broken Heart Still Beats: The Story of Cynthia Ann Parker,Carolyn Meyer,1992
In Cahootz: Sequel to Hoodwinked,Quentin Carter,2006
Earned Value Project Management,Quentin W. Fleming/Joel M. Koppelman,2006
Quintessential Tarantino,Edwin Page,2005
The Foundations of Modern Political Thought: Volume One: The Renaissance,Quentin Skinner,1979
Tara Road,Maeve Binchy,2006
On the Road to Tara,Aljean Harmetz,1996
Selected Stories,Andre Dubus,1995
Broken Vessels,Andre Dubus,1992
In the Bedroom: Seven Stories,Andre Dubus/Todd Field,2002
Thirteen Moons,Charles Frazier,2006
Swimming Upstream: Collaborative Approaches to Watershed Management,Paul A. Sabatier/Will Focht/Mark Lubell/Zev Trachtenberg/Arnold Vedlitz/Marty Matlock,2005
Story of a Girl,Sara Zarr,2007
"Approaches to Teaching Atwood's ""the Handmaid's Tale"" and Other Works (Approaches to Teaching World Literature)",Sharon Rose Wilson/Thomas B. Friedman/Shannon Eileen Hengen,1996
The Namesake,Jhumpa Lahiri,2004
Becoming a Goddess of Inner Poise: Spirituality for the Bridget Jones in All of Us,Donna Freitas,2004
Full House: The Spread of Excellence from Plato to Darwin,Stephen Jay Gould,1997
Eight Little Piggies: Reflections in Natural History,Stephen Jay Gould,1994
Time's Arrow  Time's Cycle: Myth and Metaphor in the Discovery of Geological Time,Stephen Jay Gould,1988
The Hedgehog  the Fox & the Magister's Pox: Mending the Gap Between Science & the Humanities,Stephen Jay Gould,2004
The Panda's Thumb: More Reflections in Natural History,Stephen Jay Gould,1992
Bully for Brontosaurus: Reflections in Natural History,Stephen Jay Gould,1992
Hen's Teeth and Horse's Toes: Further Reflections in Natural History,Stephen Jay Gould,1994
The Richness of Life: The Essential Stephen Jay Gould,Stephen Jay Gould/Paul McGarr/Oliver Sacks/Steven Rose,2007
Persuasive Communication,James B. Stiff/Paul A. Mongeau,2002
The Spook's Apprentice (The Last Apprentice / Wardstone Chronicles  #1),Joseph Delaney,2005
Spooks: The Haunting of America: The Private Use of Secret Agents,Jim Hougan,1978
No More Bull!: The Mad Cowboy Targets America's Worst Enemy: Our Diet,Howard F. Lyman/Glen Merzer/Joanna Samorow-Merzer/Caldwell B. Esselstyn Jr.,2005
Animal E.R.: Extraordinary Stories Hope Healing from 1 World's Leading Veterinary Hospitals,Vicki Constantine Croke/Vicki Constantine Croke,1999
ER Vets: Life in an Animal Emergency Room,Donna M. Jackson,2005
The 9/11 Commission Report: Final Report of the National Commission on Terrorist Attacks Upon the United States,National Commission on Terrorist Attacks Upon The United States,2004
Citizen Girl,Emma McLaughlin/Nicola Kraus,2005
On the Origin of Species by Means of Natural Selection,Charles Darwin/Michael T. Ghiselin,2006
The Origin of Species/The Voyage of the Beagle,Charles Darwin/Richard Dawkins,2003
Genetics and the Origin of Species,Theodosius Dobzhansky/Niles Eldredge/Stephen Jay Gould,1982
Organized Crime,Michael D. Lyman/Gary W. Potter,2006
Physics of Fully Ionized Gases,Lyman S. Spitzer Jr.,2006
Criminal Investigation: The Art and the Science,Michael D. Lyman,2004
A Collection of Rudyard Kipling's Just So Stories,Rudyard Kipling/Christopher Corr,2004
Collected Stories,Rudyard Kipling,1994
Just So Stories,Rudyard Kipling,2003
If: A Father's Advice to His Son,Rudyard Kipling/Charles R. Smith Jr.,2007
Much Ado about Nothing,William Shakespeare/Jacky Bratton,1998
Much Ado about Nothing,William Shakespeare/Roma Gill,2004
The Waste Land,T.S. Eliot/Michael North,2000
The Annotated Waste Land with Eliot's Contemporary Prose,T.S. Eliot/Lawrence Rainey,2006
The Waste Land and Other Writings,T.S. Eliot/Mary Karr,2002
The Waste Lands (The Dark Tower  #3),Stephen King/Ned Dameron,2003
Timequake,Kurt Vonnegut Jr.,1997
Climb the Family Tree  Jesse Bear!,Nancy White Carlstrom/Bruce Degen,2004
What a Scare  Jesse Bear,Nancy White Carlstrom/Bruce Degen,2012
Political Philosophy: A Beginners' Guide for Students and Politicians,Adam Swift,2006
Liberals and Communitarians,Stephen Mulhall/Adam Swift,1996
Political Philosophy: A Beginner's Guide for Students and Politicians,Adam Swift,2001
Seven Men and Two Others,Max Beerbohm,2001
Dakota,Matt Braun,2005
El Paso,Matt Braun,1999
The Visual Arts: A History,Hugh Honour/John Fleming,2002
The Visual Arts: A History  Volume 2,Hugh Honour/John Fleming,2005
The Visual Arts: A History,Hugh Honour/John Fleming,2005
The Brooklyn Bridge (Wonders of the World),Elizabeth Mann/Alan Witschonke,2006
John Adams,John Patrick Diggins/Arthur M. Schlesinger Jr.,2003
The I Ching or Book of Changes,Richard Wilhelm/Cary F. Baynes/C.G. Jung,1989
The Complete I Ching: The Definitive Translation,Anonymous/Alfred Huang,2004
I Ching: The Book of Change,Anonymous/John Blofeld,1991
The Everyday I Ching,Sarah Dening,1997
Richard Matheson's Hell House  Book 1,Ian Edginton/Simon Fraser,2005
H.G. Wells' The War of the Worlds (Graphic Novel),Ian Edginton/D'Israeli,2006
New Complete Guide to Sewing,Reader's Digest Association,2002
A Reader's Digest Songbook: Remembering Yesterday's Hits,William L. Simon,1987
Complete Guide to the Bible,Reader's Digest Association,1998
200 Quilt Blocks: To Mix and Match,Davina Thomas,2005
The Girl in the Glass,Jeffrey Ford,2005
Peter and the Starcatchers (Peter and the Starcatchers  #1),Dave Barry/Ridley Pearson/Greg Call,2006
Peter Pan in Scarlet,Geraldine McCaughrean/Scott M. Fischer,2006
It's All Too Much: An Easy Plan for Living a Richer Life with Less Stuff,Peter Walsh,2007
Peter Pan,J.M. Barrie/Michael Hague,2003
The Callahan Chronicals (Callahan's #1-3),Spider Robinson,1997
The Pinhoe Egg  (Chrestomanci  #6),Diana Wynne Jones,2006
The Chronicles of Chrestomanci  Vol. 1 (Chrestomanci  #1-2),Diana Wynne Jones,2007
The Time of the Ghost,Diana Wynne Jones,1981
Whitethorn Woods,Maeve Binchy,2007
The Builders,Maeve Binchy,2006
Dublin 4,Maeve Binchy,2006
Victoria Line  Central Line,Maeve Binchy,2006
Echoes,Maeve Binchy,1997
Firefly Summer,Maeve Binchy,2006
Aches & Pains,Maeve Binchy/Wendy Shea,2000
The Glass Lake,Maeve Binchy,2005
The Copper Beech,Maeve Binchy,2005
Dr. Jekyll and Mr. Hyde (Bullseye Chillers),Kate McMullan/Paul Van Munching/Glenn Dean/Kate McCullan/Robert Louis Stevenson,1984
Code Word Kangaroo (Adam Sharp #6),George E. Stanley/Guy Francis,2004
Operation Spy School (Adam Sharp  #4),George E. Stanley/Guy Francis,2003
The Empty Envelope (A to Z Mysteries  #5),Ron Roy/John Steven Gurney,2009
The School Skeleton (A to Z Mysteries  #19),Ron Roy/John Steven Gurney,2003
Moose Master (Adam Sharp #5),George E. Stanley/Guy Francis,2004
La Biblia de los Critales: Guia definitiva de los cristales (Cuerpo-Mente),Judy Hall,2006
Eva Hesse Drawing,Catherine de Zegher/Elisabeth Sussman,2006
Inferno,Dante Alighieri/Anthony M. Esolen,2005
The Pirates Laffite: The Treacherous World of the Corsairs of the Gulf,William C. Davis,2006
Wither (Wendy Ward  #1),J.G. Passarella,2000
Howl's Moving Castle Film Comic  Vol. 1,Hayao Miyazaki/Diana Wynne Jones,2005
Howl's Moving Castle Picture Book (Howl's Moving Castle Film Comics  #1),Hayao Miyazaki/Diana Wynne Jones,2005
The Theban Plays: Antigone  King Oidipous & Oidipous at Colonus (Focus Classical Library),Sophocles/Ruby Blondell,2001
The Complete Greek Tragedies  Volume 2: Sophocles,Sophocles/David Grene/Richmond Lattimore,1992
Doctor Faustus,Thomas Mann/John E. Woods,1999
Doctor Faustus,Christopher Marlowe/David Wootton,2005
Doctor Faustus,Thomas Mann/T.J. Reed/H.T. Lowe-Porter,1992
Many Lives  Many Masters: The True Story of a Prominent Psychiatrist  His Young Patient  and the Past Life Therapy That Changed Both Their Lives,Brian L. Weiss,1996
Small Gods (Discworld  #13),Terry Pratchett,2005
Wintersmith (Discworld  #35; Tiffany Aching  #3),Terry Pratchett,2006
Strata,Terry Pratchett,1988
The Bromeliad Trilogy (Omnibus: Truckers / Diggers / Wings),Terry Pratchett,2003
The Color of Magic (Discworld  #1; Rincewind  #1),Terry Pratchett,2005
The Truth (Discworld  #25; Industrial Revolution  #2),Terry Pratchett,2002
A Hat Full of Sky (Discworld  #32; Tiffany Aching  #2),Terry Pratchett,2005
The Last Hero (Discworld #27; Rincewind #7),Terry Pratchett/Paul Kidby,2002
Wyrd Sisters (Discworld  #6; Witches #2),Terry Pratchett,2001
A Tourist Guide to Lancre,Terry Pratchett/Stephen Briggs/Paul Kidby,1998
The Light Fantastic (Discworld  #2; Rincewind #2),Terry Pratchett,2000
Equal Rites (Discworld  #3; Witches  #1),Terry Pratchett,2005
Interesting Times: The Play,Stephen Briggs/Terry Pratchett,2002
Nanny Ogg's Cookbook,Terry Pratchett/Stephen Briggs/Tina Hannan/Paul Kidby,2001
Moving Pictures (Discworld  #10; Industrial Revolution  #1),Terry Pratchett,2005
Darwin's Watch (The Science of Discworld  #3),Terry Pratchett/Ian Stewart/Jack Cohen,2006
Reaper Man (Discworld  #11; Death  #2),Terry Pratchett,2005
Only You Can Save Mankind (Johnny Maxwell  #1),Terry Pratchett,2006
Where's My Cow? (Discworld  #34.5),Terry Pratchett/Melvyn Grant,2005
Lords and Ladies (Discworld  #14; Witches #4),Terry Pratchett,2005
Guards! Guards! (Discworld  #8),Terry Pratchett,2001
Hogfather (Discworld  #20; Death  #4),Terry Pratchett,2006
The Amazing Maurice and His Educated Rodents (Discworld  #28),Terry Pratchett,2001
Rincewind the Wizzard,Terry Pratchett,1999
Going Postal (Discworld  #33),Terry Pratchett,2004
The Last Hero: A Discworld Fable (Discworld  #27),Terry Pratchett/Paul Kidby,2001
Carpe Jugulum (Discworld #23; Witches #6),Terry Pratchett,1999
Truckers (Bromeliad Trilogy  #1),Terry Pratchett,2004
X-Statix  Volume 1: Good Omens,Peter Milligan/Mike Allred/Paul Pope,2003
Elliott Erwitt: Snaps,Murray Sayle/Charles Flowers/Elliott Erwitt,2003
If Chins Could Kill: Confessions of a B Movie Actor,Bruce Campbell,2002
Real Ultimate Power: The Official Ninja Book,Robert  Hamburger,2004
Team Yankee,Harold Coyle,1988
At Sword's Point (Knights of the Blood  #2),Scott MacMillan/Katherine Kurtz,1994
Treasure of Khan (Dirk Pitt  #19),Clive Cussler/Dirk Cussler,2006
The Treasure Principle: Unlocking the Secret of Joyful Giving,Randy Alcorn,2001
Snow Treasure,Marie McSwigan/Mary Reardon,2006
The Damnation Game,Clive Barker,2002
The Damnation Game,Clive Barker,1989
Texas Hold'em for Dummies,Mark Harlan,2006
Soldiers of Destruction: The SS Death's Head Division  1933-1945,Charles W. Sydnor Jr.,1990
Spy Catcher: The Candid Autobiography of a Senior Intelligence Officer,Peter Maurice Wright/Paul Greengrass,1987
Nobody Loves a Centurion (SPQR  #6),John Maddox Roberts,2003
The Centurion's Empire,Sean McMullen,1999
The Centurions (The Centurions  #1),Damion Hunter,1981
The Heights of Courage: A Tank Leader's War on the Golan,Avigdor Kahalani,1992
Shattered Sword: The Untold Story of the Battle of Midway,Jonathan Parshall/Anthony Tully,2005
Shattered Air: A True Account of Catastrophe and Courage on Yosemite's Half Dome,Bob Madgic/William L. Crary/Adrian Esteban,2007
Shattered Bonds: The Color of Child Welfare,Dorothy Roberts,2002
Shattered Dance,Caitlin Brennan,2006
The Shattered Land (Eberron: The Dreaming Dark  #2),Keith Baker,2006
Koko's Kitten,Francine Patterson/Ronald H. Cohn,1987
13th Directorate,Barry Chubin,1989
The Aviators (Brotherhood of War  #8),W.E.B. Griffin,1989
All I Really Need to Know I Learned in Kindergarten,Robert Fulghum,2004
Legends  Lies  Cherished Myths of World History,Richard Shenkman,2011
Trevayne,Robert Ludlum,2004
Trevayne,Jonathan Ryder/Robert Ludlum,1986
Red Phoenix,Larry Bond,1995
Boomers  Xers  and Other Strangers: Understanding the Generational Differences that Divide Us,Rick Hicks/Kathy Hicks,1999
The Boomer Bible,R.F. Laird,1991
A Matter of Trust (Justice  #0),Radclyffe,2006
A Matter of Trust: The Case of the Mesmerizing Boss / The Case of the Confirmed Bachelor,Diana Palmer,2005
A Matter Of Trust,Deb Stover,2000
A Matter of Trust,Penny Jordan,1994
Mortal Fear (Mississippi #1),Greg Iles,1998
Mortal Fear,Robin Cook,1989
Murder On The Glitter Box (Steve Allen Mystery #3),Steve Allen,1998
Lonesome Dove,Larry McMurtry,2000
Comanche Moon,Larry McMurtry,1997
Night of the Fox (Dougal Munro and Jack Carter #1),Jack Higgins,2008
Mitla Pass,Leon Uris,1989
The Great And Secret Show (Book of the Art #1),Clive Barker,1990
Star Bright (Star Power  #8),Catherine Hapka,2005
Brown's Star Atlas: Showing All The Bright Stars With Full Instructions How To Find And Use Them For Navigational Purposes And Department Of Trade Examinations.,Brown,0
Bright Star's Promise,Karen A. Bale,1994
Dragon Quest VIII: Journey of the Cursed King Official Strategy Guide,Dan Birlew,2005
The Dragon Reborn (The Wheel of Time  #3),Robert Jordan,2002
My Father's Dragon (My Father's Dragon  #1),Ruth Stiles Gannett,2005
The Book of the Dragon,Ciruelo Cabral,2005
Must Love Dragons (Immortally Sexy  #2),Stephanie Rowe,2006
Player's Handbook II,David Noonan,2006
Here  There Be Dragons (Chronicles of the Imaginarium Geographica  #1),James A. Owen,2006
The Dragon Doesn't Live Here Anymore: Living Fully  Loving Freely,Alan Cohen,1993
Running with the Demon (Word & Void #1),Terry Brooks,1998
The Voyage of the Jerle Shannara Trilogy (Voyage of the Jerle Shannara  #1-3),Terry Brooks,2005
The Black Unicorn (Magic Kingdom of Landover #2),Terry Brooks,1988
Der Sohn von Shannara,Terry Brooks/Tony Westermayr,2000
First King of Shannara (Shannara Prequel),Terry Brooks,1996
The Best of Lester Del Rey,Lester del Rey/Terry Brooks,2000
The Phantom Menace (Star Wars: Novelizations  #1),Terry Brooks/George Lucas,2000
Star Wars. Episode I - Die dunkle Bedrohung,Terry Brooks/George Lucas/Regina Winter,1999
The Deming Management Method,Mary Walton,1992
The Scions of Shannara (Heritage of Shannara  #1),Terry Brooks,2006
The Three Musketeers (Classic Starts),Oliver Ho/Jamel Akib/Alexandre Dumas/Arthur Pober,2007
The One Minute Minute Sales Person,Spencer Johnson,2000
JLA  Vol. 14: Trial by Fire,Joe Kelly/Doug Mahnke/Tom Nguyen,2004
Manhunter  Vol. 2: Trial by Fire,Marc Andreyko/Javier Pina/Jesus Saiz/Brad Walker,2007
Trial by Fire (Stargate SG-1  #1),Sabine C. Bauer,2006
Trial By Fire,D.W. Buffa,2006
Trial by Fire (Newpointe 911 #4),Terri Blackstock,2000
Sahara (Dirk Pitt  #11),Clive Cussler,2005
Sahara (Dirk Pitt  #11),Clive Cussler,1995
Africa South of the Sahara: A Geographical Interpretation (Texts In Regional Geography),Robert Stock,2004
Ellora's Cavemen: Dreams of the Oasis Volume II,Sylvia Day/B.J. McCall/Sahara Kelly/Elisa Adams/Denise A. Agnew/Anna J. Evans,2005
Ghosts of Gettysburg III: Spirits  Apparitions  and Haunted Places of the Battlefield,Mark Nesbitt,1995
SeinLanguage,Jerry Seinfeld,1993
It Doesn't Take a Hero: The Autobiography of General H. Norman Schwarzkopf,Norman Schwarzkopf/Peter Petre,1993
Battle Cry of Freedom,James M. McPherson,2003
The Straight Dope,Cecil Adams,1998
Return of the Straight Dope,Cecil Adams/Ed Zotti/Slug Signorino,1999
Six Easy Pieces: Essentials of Physics Explained by Its Most Brilliant Teacher (Helix),Richard P. Feynman/Robert B. Leighton/Matthew L. Sands/Paul Davies,1996
The Feynman Lectures on Physics Vol 2,Richard P. Feynman/Robert B. Leighton/Matthew L. Sands,2005
Sliding Scales (Pip & Flinx #10),Alan Dean Foster,2005
Star Trek: Logs Seven and Eight (Star Trek: Log  #7-8),Alan Dean Foster,2006
Star Trek: Logs One and Two (Star Trek: Log  #1-2),Alan Dean Foster,2006
Mid-Flinx (Pip & Flinx #7),Alan Dean Foster,1996
Alien,Alan Dean Foster,1979
The Chronicles of Riddick,Alan Dean Foster,2007
With Friends Like These...,Alan Dean Foster,1977
Nor Crystal Tears (Humanx Commonwealth  #9),Alan Dean Foster,1994
The Hour of the Gate (Spellsinger  #2),Alan Dean Foster,2005
Betcha Can't Read Just One,Alan Dean Foster/George Alec Effinger/Jack McDevitt/Nina Kiriki Hoffman/Mike Resnick/R.A. Lafferty/Tobias Grace/Laura Resnick/Margaret Ball/Ron Goulart/Mel Gilden/Edward Wellen/Wolfgang Jeschke/Greg Costikyan/Esther M. Friesner/Steve Rasnic Tem,1993
Star Wars: The Approaching Storm,Alan Dean Foster,2002
Chorus Skating (Spellsinger  #8),Alan Dean Foster,1994
Star Trek: Logs Five and Six (Star Trek: Log  #5-6),Alan Dean Foster,2006
Star Trek: Logs 7-10,Alan Dean Foster,1995
The Hand of Dinotopia,Alan Dean Foster/James Gurney,2002
Interlopers,Alan Dean Foster,2001
Alien Nation,Alan Dean Foster,1988
Phylogenesis (Founding of the Commonwealth  #1),Alan Dean Foster,2000
How to Talk to Anyone: 92 Little Tricks for Big Success in Relationships,Leil Lowndes,2003
There Was a Cold Lady Who Swallowed Some Snow!,Lucille Colandro/Jared Lee/Skip Hinnant,2006
The Red Badge of Courage & The Veteran,Stephen Crane/Shelby Foote,2000
The Red Badge of Courage and Four Stories,Stephen Crane/James Dickey,1997
The Red Badge of Courage (Classic Starts),Oliver Ho/Jamel Akib/Arthur Pober/Stephen Crane,2006
New Threads in the Pattern: The Great Hunt  Part 2 (Wheel of Time  #2-2),Robert Jordan/Charles Keegan,2004
Lord of Chaos (The Wheel of Time  #6),Robert Jordan,1995
Crossroads of Twilight (Wheel of Time  #10),Robert Jordan,2003
Frankenstein (SparkNotes Literature Guide),SparkNotes/Mary Wollstonecraft Shelley,2002
Essential Monster of Frankenstein  Vol. 1,Gary Friedrich/Doug Moench/John Buscema/Mike Ploog/Val Mayerick,2004
Frankenstein,Mary Wollstonecraft Shelley,2004
Frankenstein,Mary Wollstonecraft Shelley,2006
The Memoirs of Elizabeth Frankenstein,Theodore Roszak,1996
The Essential Frankenstein,Mary Wollstonecraft Shelley/Leonard Wolf/Christopher H. Bing,1993
Father of Frankenstein,Christopher Bram,1996
Frankenstein,Mary Wollstonecraft Shelley,2004
The Walrus Was Paul: The Great Beatle Death Clues,R. Gary Patterson/Jay Fox,1998
Harpo Speaks!,Harpo Marx/Rowland Barber,2004
Groucho  Harpo  Chico  and Sometimes Zeppo: A History of the Marx Brothers and a Satire on the Rest of the World,Joe Adamson,1983
Topsail Island: Mayberry by the Sea,Ray McAllister/Vicki McAllister,2006
Take on Me (Secret Lives of Daytime Divas  #1),Sarah Mayberry,2007
All Over You (Secret Lives of Daytime Divas  #2),Sarah Mayberry,2007
The 33 Strategies of War,Robert Greene/Joost Elffers,2006
Jimmy Stewart: A Biography,Marc Eliot,2006
Jimmy Stewart: Bomber Pilot,Starr Smith/Walter Cronkite,2006
Jimmy Stewart: The Truth Behind the Legend,Michael Munn,2006
Dirt (Stone Barrington  #2),Stuart Woods,1997
La Ley del Exito,Paramahansa Yogananda,1998
Incident at Exeter,John G. Fuller,1978
The Body Remembers: The Psychophysiology of Trauma and Trauma Treatment,Babette Rothschild,2000
Remember (Redemption  #2),Karen Kingsbury/Gary Smalley,2003
A Summer to Remember (Bedwyn Prequels  #2),Mary Balogh,2003
Because I Remember Terror  Father  I Remember You,Sue William Silverman,1999
The Last Story (Remember Me  #3),Christopher Pike,2002
She Who Remembers (Kwani  #1),Linda Lay Shuler,2003
What the Body Remembers,Shauna Singh Baldwin,2001
Long Gone Lonesome Blues (The Texas Brands  #4),Maggie Shayne,1998
Remember When (Foster Saga  #1),Judith McNaught,2006
A Kiss to Remember (Once Upon a Time  #3),Teresa Medeiros,2002
Star Wars: The Complete Visual Dictionary,James Luceno/David West Reynolds/Ryder Windham,2006
Star Wars: The Ultimate Visual Guide,Daniel  Wallace/Ryder Windham,2007
Star Wars Complete Locations,James Luceno/Kerrie Dougherty/Simon Beecroft/Kristin Lund/Hans Jenssen/Richard Chasemore,2005
Lego Star Wars: Prima Official Game Guide,Michael Littlefield,2006
Star Wars: The New Essential Guide to Alien Species,Ann Margaret Lewis/Helen Keier/Chris Trevas/William O'Connor,2006
Star Wars:  The New Essential Chronology,Daniel  Wallace/Mark Chiarello/Tommy Lee Edwards/John Van Fleet,2005
The Swarm War (Star Wars: Dark Nest  #3),Troy Denning,2005
Star Wars: Empire  Volume 7: The Wrong Side of the War,Welles Hartley/Davide Fabbri/Christian Dalla Vecchia,2007
Allegiance (Star Wars),Timothy Zahn,2007
Creating the Worlds of Star Wars: 365 Days,John Knoll/J.W. Rinzler,2005
Star Wars: Clone Wars  Volume 1: The Defense of Kamino and Other Tales,John Ostrander/W. Haden Blackman,2003
The Making of Star Wars (Star Wars:  The Making of  #1),J.W. Rinzler/Peter  Jackson,2007
Star Wars:  The New Essential Guide to Weapons & Technology,W. Haden Blackman,2004
The Star Wars Cookbook II: Darth Malt and More Galactic Recipes,Wesley Martin/Frankie Frankeny,2000
You Can Draw: Star Wars,Bonnie Burton/Matt Busch/Tom Hodges,2007
Star Wars: Empire  Volume 6: In the Shadows of Their Fathers,Thomas Andrews/Scott Allie,2006
Star Wars:  The New Essential Guide to Vehicles & Vessels,W. Haden Blackman/Ian Fullwood,2003
Star Wars: Knights of the Old Republic  Vol. 1: Commencement (Star Wars: Knights of the Old Republic  #1),John Jackson Miller/Travis Charest/Michael Atiyeh/Brian Ching/Travel Foreman,2006
The Star Wars Poster Book,Stephen J. Sansweet/Peter Vilmur,2005
Star Wars: Clone Wars  Volume 9: Endgame,John Ostrander/Welles Hartley/Jan Duursema,2006
Wookiee Cookies: A Star Wars Cookbook,Robin  Davis/Frankie Frankeny,1998
Star Wars:  The New Essential Guide to Characters,Daniel  Wallace/Michael Sutfin,2002
The Star Wars Trilogy,George Lucas/Donald F. Glut/James Kahn,2004
Star Wars Tales  Vol. 1,Dave Land/Peter David/Dave Cooper/Dan Jolley/Doug Wheatley/Tom Fowler/Kilian Plunkett/Sean Phillips/Ryder Windham/John Ostrander/Jan Duursema/Timothy Zahn/Darko Macan/Rich Handley/Igor Kordey/Ron Marz/Rich Hedden/Rick Leonardi/Claudio Castellini/Martin Egeland/Lovern Kindzierski/Chris Brunner/Peet Janes/Jim Woodring,2004
Complete Star Wars Trilogy Scrapbook Re-issue,David Levithan/Ryder Windham/Marc Cotta Vaz,2004
Star Wars: Clone Wars  Volume 6: On the Fields of Battle,John Ostrander/Jan Duursema,2005
Star Wars: Clone Wars  Volume 8: The Last Siege  the Final Truth,John Ostrander/Jan Duursema/Dan Parsons,2006
Star by Star (Star Wars: The New Jedi Order  #9),Troy Denning,2002
Star Wars: Episode III - Revenge of the Sith: The Visual Dictionary,James Luceno/John Goodson/Robert E. Barnes,2005
The Wildlife of Star Wars,Terryl Whitlatch/Bob Carrau,2001
The Dharma of Star Wars,Matthew Bortolin,2005
Star Wars: Rebellion  Vol. 1: My Brother  My Enemy,Rob Williams/Michel Lacombe,2007
Star Wars: Empire  Volume 1: Betrayal,Scott Allie/Ryan Benjamin/Curtis Arnold,2003
Revenge of the Sith (Star Wars: Novelizations  #3),Matthew Woodring Stover/George Lucas,2005
Star Wars:  Revenge of the Sith Incredible Cross-Sections,Curtis Saxton/Hans Jenssen/Richard Chasemore,2005
Star Wars: Clone Wars Adventures  Volume 6,W. Haden Blackman/Matt Fillbach/Shawn Fillbach/Ronda Pattison/Mike Kennedy/Stewart McKenney/Rick Lacy/Dan Jackson/Michael David Thomas/Joshua Elliott,2006
Star Wars: Empire  Volume 5: Allies and Adversaries,Ron Marz/Jeremy Barlow/Brandon Badeaux,2006
Yoda: Dark Rendezvous,Sean Stewart,2004
Not a Genuine Black Man: Or  How I Claimed My Piece of Ground in the Lily-White Suburbs,Brian Copeland,2006
Black Man of the Nile and His Family,Yosef A.A. Ben-Jochannan,1996
Black Elk Speaks: Being the Life Story of a Holy Man of the Oglala Sioux,Black Elk/John G. Neihardt,2004
Ring of Fire (Ring of Fire Anthology  #1),Eric Flint/David Weber/Mercedes Lackey/Dave Freer/Andrew Dennis/Virginia DeMarce/Loren K. Jones/S.L. Viehl/Anette M. Pedersen/Jonathan Cresswell/Scott Washburn/Deann Allen/Mike Turner/Greg Donahue/Walt Boyes/Jody Dorsett/K.D. Wentworth,2005
1635: The Cannon Law (Assiti Shards  #8),Eric Flint/Andrew Dennis,2006
Five Rings of Fire (Able Team  #11),Tom Arnett/Dick Stivers/Don Pendleton,1984
Cash,Johnny Cash/Patrick   Carr,2003
Johnny Cash,Michael Streissguth,2006
Controversy Creates Cash,Eric Bischoff/Jeremy Roberts,2006
Side Effects,Amy Goldman Koss,2006
Myths of Light: Eastern Metaphors of the Eternal (Collected Work),Joseph Campbell/David Kudler,2003
The Inner Reaches of Outer Space: Metaphor as Myth and as Religion (Collected Worksl),Joseph Campbell,2002
The Power of Myth,Joseph Campbell/Bill Moyers,1988
The Beatles: The Biography,Bob Spitz,2005
Here  There and Everywhere: My Life Recording the Music of the Beatles,Geoff Emerick/Howard Massey/Elvis Costello,2007
The Beatles: 365 Days,Simon Wells,2005
A Hard Day's Write: The Stories Behind Every Beatles Song,Steve Turner,2005
Shout! The Beatles in Their Generation,Philip Norman,2005
The Beatles Illustrated Lyrics,Alan Aldridge/The Beatles,2005
The Beatles' Story on Capitol Records  Part Two: The Albums,Bruce Spizer,2010
The Rough Guide to The Beatles,Chris Ingham,2006
The Beatles Complete - Updated Edition,The Beatles,1986
The Love You Make: An Insider's Story of the Beatles,Peter     Brown/Steven Gaines/Anthony DeCurtis,2002
Magic Circles: The Beatles in Dream and History,Devin McKinney,2004
A Day in the Life: The Music and Artistry of the Beatles,Mark Hertsgaard,1996
Complete Beatles Chronicle  The,Mark Lewisohn/Peter  Guzzardi,1992
The Beatles Diary  Vol 1: From Liverpool to London (Falk Symposium),Keith Badman/Keith Badman,2001
Two of Us: The Story of a Father  a Son  and the Beatles,Peter J. Smith,2004
A Hard Day's Write: The Stories Behind Every Beatles Song,Steve Turner,1999
The Beatles,Hunter Davies,2006
Complete Idiot's Guide to The Beatles,Richard Buskin/Allan Kozinn,1997
Beatles: Every Little Thing,Maxwell Mackenzie,1998
Margot Fonteyn,Meredith Daneman,2005
A General Theory of Love,Thomas Lewis/Fari Amini/Richard Lannon,2001
Mad Cowboy: Plain Truth from the Cattle Rancher Who Won't Eat Meat,Howard F. Lyman/Glen Merzer,2001
The Life You Were Born to Live,Dan Millman,2000
Lover Eternal (Black Dagger Brotherhood  #2),J.R. Ward,2006
The Silmarillion  Volume 3,J.R.R. Tolkien/Martin Shaw,1998
Sodom and Gomorrah (In Search of Lost Time  #4),Marcel Proust/C.K. Scott Moncrieff/Terence Kilmartin/D.J. Enright,1999
Swanns Way (In Search of Lost Time #1),Marcel Proust,1992
Missing Persons and Mistaken Identities: Women and Gender in Ancient Israel,Phyllis A. Bird,1997
Mistaken Identity,Nayantara Sahgal,2016
The Skeptic's Dictionary: A Collection of Strange Beliefs  Amusing Deceptions  and Dangerous Delusions,Robert Todd Carroll,2003
The Bush Dyslexicon: Observations on a National Disorder,Mark Crispin Miller,2002
Extraordinary Popular Delusions & the Madness of Crowds (Great Minds),Charles Mackay,2001
The Crowd/Extraordinary Popular Delusions & the Madness of Crowds,Gustave Le Bon/Charles Mackay,1993
The Capture (Guardians of Ga'Hoole  #1),Kathryn Lasky,2003
The Journey (Guardians of Ga'Hoole  #2),Kathryn Lasky,2003
The Rescue (Guardians of Ga'Hoole  #3),Kathryn Lasky,2004
The Night Journey,Kathryn Lasky,2005
The Collected Stories of Arthur C. Clarke,Arthur C. Clarke,2002
Sunstorm (A Time Odyssey  #2),Arthur C. Clarke/Stephen Baxter,2006
Lair of the White Worm,Bram Stoker,2002
Best Ghost and Horror Stories,Bram Stoker/Richard Dalby,2011
The Blonde on the Street Corner,David Goodis,1998
Of Tender Sin,David Goodis/Adrian Wootton,2001
The Moon in the Gutter,David Goodis/Adrian Wootton,1998
Dear Peter Rabbit,Alma Flor Ada/Leslie Tryon,2006
The Chocolate-Covered Contest (Nancy Drew  #151),Carolyn Keene,1999
Ghost Stories (Nancy Drew),Carolyn Keene,1989
The Humor of the American Cowboy,Stan Hoig/Nick Eggenhofer,2006
Ghost in the Shell (Ghost in the Shell  #1),Masamune Shirow,2006
Ghost in the Shell,Masamune Shirow,2005
Ghost in the Shell 2: Innocence: After The Long Goodbye,Masaki Yamada/Yuji Oniki/Carl Gustav Horn/Daigo Shinma/Keita Saeki/Mamoru Oshii/Shinji Maki,2007
At the Edge (Psychic Triplet Trilogy  #1),Cait London,2007
Tallchief: The Hunter (The Tallchiefs #9),Cait London,2002
With Her Last Breath,Cait London,2003
Tallchief For Keeps (The Tallchiefs #3),Cait London,1996
The Sgt. Rock Archives  Vol. 3,Robert Kanigher/Joe Kubert/Russ Heath/Mark Chiarello/Jerry Grandinetti/Irv Novack,2005
The Sgt. Rock Archives  Vol. 1,Robert Kanigher/Bob Haney/Joe Kubert/Jerry Grandinetti,2002
Sgt. Rock: The Prophecy,Joe Kubert,2007
Sgt. Frog  Vol. 13 (Sgt. Frog  #13),Mine Yoshizaki,2007
The Elements of Style,William Strunk Jr./E.B. White,1991
On Basilisk Station (Honor Harrington  #1),David Weber,2005
Love Smart: Find the One You Want--Fix the One You Got,Phillip C. McGraw,2006
Love Smart: Find the One You Want--Fix the One You Got,Phillip C. McGraw,2005
Smart Love,Martha Heineman Pieper/William J. Pieper,2001
Sagwa  the Chinese Siamese Cat,Amy Tan/Gretchen Schields,2001
The Bonesetter's Daughter,Amy Tan,2004
The Opposite of Fate,Amy Tan,2004
Bonesetter's Daughter,Amy Tan/Joan Chen,2006
The Horizontal World: Growing Up Wild in the Middle of Nowhere,Debra Marquart,2006
Horizontal Gene Transfer,Michael Syvanen/Clarence I. Kado,2002
The Greek Islands,Lawrence Durrell,2002
The Avignon Quintet: Monsieur  Livia  Constance  Sebastian and Quinx,Lawrence Durrell,2004
Through the Dark Labyrinth: A Biography of Lawrence Durrell,Gordon Bowker,1997
Clear Light of Day,Anita Desai,2000
In Custody,Anita Desai,1994
Baumgartner's Bombay,Anita Desai,2000
Tim Burton: Interviews,Kristian Fraga,2010
Mysteries,Colin Wilson,2006
The Occult: A History,Colin Wilson,1973
Exemplary Novels IV: Lady Cornelia  the Deceitful Marriage  the Dialogue of the Dogs,Miguel de Cervantes Saavedra/John Macklin,1992
In the Royal Manner : Expert Advice on Etiquette and Entertaining from the Former Butler to Diana  Princess of Wales,Paul Burrell,2008
Because the Night (Lloyd Hopkins  #2),James Ellroy,2005
Crime Wave: Reportage and Fiction from the Underside of L.A.,James Ellroy/Art Cooper,1999
Suicide Hill (Lloyd Hopkins  #3),James Ellroy,2006
American Tabloid (Underworld USA #1),James Ellroy,2001
Your Cheatin' Heart,Nancy Bartholomew,2000
First Things First,Stephen R. Covey/A. Roger Merrill/Rebecca R. Merrill,1996
The 7 Habits of Highly Effective People: Powerful Lessons in Personal Change,Stephen R. Covey/Jim Collins,2004
The Speed of Trust: The One Thing that Changes Everything,Stephen M.R. Covey,2006
Everything Bad is Good for You,Steven Johnson,2006
The Fountains of Paradise,Arthur C. Clarke,1979
Bad Dreams,Kim Newman,1995
Strawberry Days: How Internment Destroyed a Japanese American Community,David Neiwert,2005
The Price of Glory (Saga of the Gray Death Legion  #3),William H. Keith Jr.,1987
Feast of Souls (The Magister Trilogy  #1),C.S. Friedman,2007
In Conquest Born (In Conquest Born  #1),C.S. Friedman,2001
Black Sun Rising (The Coldfire Trilogy  #1),C.S. Friedman,2005
Crown of Shadows (The Coldfire Trilogy  #3),C.S. Friedman,2005
The Madness Season,C.S. Friedman,1990
This Alien Shore,C.S. Friedman,1999
Whirlpool,Elizabeth Lowell/Ann Maxwell,2006
Reckless Love (MacKenzie-Blackthorn #1),Elizabeth Lowell,2006
Warrior (MacKenzie-Blackthorn #5),Elizabeth Lowell,2002
Only Mine (Only Series  #2),Elizabeth Lowell,2003
The Secret Sister,Ann Maxwell/Elizabeth Lowell,2005
Tell Me No Lies,Elizabeth Lowell,2006
Sweet Rosie O'Grady,Joan Jonker,1997
Fergus and the Night-Demon,Jim  Murphy/John Manders,2006
The Secret on Ararat (Babylon Rising  #2),Tim LaHaye/Bob Phillips,2006
Avalon,Anya Seton/Philippa Gregory,2006
The Winthrop Woman,Anya Seton/Philippa Gregory,2006
The Hearth and Eagle,Anya Seton,1980
Media Unlimited: How the Torrent of Images & Sounds Overwhelms Our Lives,Todd Gitlin,2003
The Whole World is Watching: Mass Media in the Making and Unmaking of the New Left with a New Preface,Todd Gitlin,2003
The Sixties: Years of Hope  Days of Rage,Todd Gitlin,1993
The Intellectuals and the Flag,Todd Gitlin,2006
The Whole World Is Watching: Mass Media in the Making & Unmaking of the New Left,Todd Gitlin,1981
Magical Creatures (Easy To Read! Easy To Draw!),Joan Holub/Dana Regan,2003
The Pizza That We Made,Joan Holub/Lynne Avril Cravath,2001
'Salem's Lot,Stephen King,1976
The Portable Edgar Allan Poe,Edgar Allan Poe/J. Gerald Kennedy,2006
Great Short Works,Edgar Allan Poe/Gary Richard Thompson,1970
Tales,H.P. Lovecraft/Peter Straub,2005
Tales of H.P. Lovecraft,H.P. Lovecraft/Joyce Carol Oates,2000
The Best of H.P. Lovecraft: Bloodcurdling Tales of Horror and the Macabre,H.P. Lovecraft/August Derleth/Robert Bloch,2002
The Doom That Came to Sarnath and Other Stories,H.P. Lovecraft/Lin Carter,1991
The Transition of H. P. Lovecraft: The Road to Madness,H.P. Lovecraft/Barbara Hambly,1996
The Art of H.P. Lovecraft's the Cthulhu Mythos,Pat Harrigan/Brian  Wood/Jeremy McHugh,2006
The Dream Cycle of H.P. Lovecraft: Dreams of Terror and Death,H.P. Lovecraft/E. Hoffmann Price/Neil Gaiman,2003
Loving Will Shakespeare,Carolyn Meyer,2006
Doomed Queen Anne (Young Royals  #3),Carolyn Meyer,2004
Patience  Princess Catherine (Young Royals  #4),Carolyn Meyer,2009
Marie  Dancing,Carolyn Meyer,2005
Monte Cook Presents The Year's Best D20 (Volume One),Monte Cook,2005
1848: The Revolution of the Intellectuals,Lewis B. Namier/James Joll,1992
Suddenly Daddy (Suddenly #1),Loree Lough,1998
Great Short Stories by American Women,Candace Ward,1996
Children's Christmas Stories and Poems: In Easy-to-Read Type,Bob Blaisdell/Pat Ronson Stewart,2011
The Governess; or  The Little Female Academy,Sarah Fielding/Candace Ward,2005
The Star-Spangled Banner (Symbols of America),Debra Hess,2003
The Liberty Bell (Symbols of America),Debra Hess,2003
The Statue of Liberty (Symbols of America),Debra Hess,2003
The White House (Symbols of America),Debra Hess,2004
The American Flag (Symbols of America),Debra Hess,2004
Touched with Fire: Manic-Depressive Illness and the Artistic Temperament,Kay Redfield Jamison,1996
Manic-Depressive Illness: Bipolar Disorders and Recurrent Depression,Frederick K. Goodwin/Kay Redfield Jamison,2007
The Bone Yard,Paul J. Mikol/Dean Koontz/F. Paul Wilson/Sheri S. Tepper/Ray Garton,1991
Dracula Was a Woman: In Search of the Blood Countess of Transylvania,Raymond T. McNally,1987
Proof of Concept,Larry Young/Damian Couceiro/Kieron Dwyer,2005
Wonderful Life: The Burgess Shale and the Nature of History,Stephen Jay Gould,1990
Justice Oliver Wendell Holmes: Law and the Inner Self,G. Edward White,1995
Oliver Wendell Holmes in Paris: Medicine  Theology  and the Autocrat of the Breakfast Table,William C. Dowling,2007
Evermore,James Robert Smith/Stephen Mark Rainey/Joel Lane/Gary Fry/John Morressy/Kealan Patrick Burke/Manly Wade Wellman/Fred Chappell/Charlee Jacob/F. Gwynplaine MacIntyre/Steve Rasnic Tem/Thomas F. Monteleone/Rick Hautala/Melanie Tem/Trey R. Baker/Ken Goldman/Vincent Starrett/Tom Piccirilli,2006
The Azathoth Cycle: Tales of the Blind Idiot God,Robert M. Price/Edward Pickman Derby/Peter Cannon/Stephen Mark Rainey/Lin Carter/Henry Kuttner/Ramsey Campbell/Thomas Ligotti/Richard L. Tierney/Gary    Myers/Donald R. Burleson/C.J. Henderson/Stephen Studach/John Glasby/Allen Mackey,1995
Rethinking the Economics of War: The Intersection of Need  Creed  and Greed,Cynthia J. Arnson/I. William Zartman,2005
Narrative of the Life of Frederick Douglass: An American Slave  Written by Himself,Frederick Douglass/David W. Blight,2002
Narrative of the Life of Frederick Douglass: An American Slave,Frederick Douglass/Gregory Stephens/Peter J. Gomes,2005
Narrative of the Life of Frederick Douglass: An American Slave  Written by Himself,Frederick Douglass,2004
Autobiographies: Narrative of the Life of Frederick Douglass / My Bondage and My Freedom / Life and Times of Frederick Douglass,Frederick Douglass/Henry Louis Gates Jr.,1994
Narrative of the Life of Frederick Douglass  an American Slave / Incidents in the Life of a Slave Girl,Frederick Douglass/Harriet Ann Jacobs/Kwame Anthony Appiah,2004
Antes que anochezca,Reinaldo Arenas,2008
Hallucinations: or  The Ill-Fated Peregrinations of Fray Servando,Reinaldo Arenas/Andrew Hurley/Thomas Colchie,2001
The Assault,Reinaldo Arenas/Andrew Hurley/Thomas Colchie,1995
Cold As Ice (Ice  #2),Anne Stuart,2006
Shadow Lover,Anne Stuart,1999
Ice Blue (Ice  #3),Anne Stuart,2007
The Devil's Waltz,Anne Stuart,2006
Shadows At Sunset,Anne Stuart,2000
To Love a Dark Lord,Anne Stuart,1994
Ritual Sins,Anne Stuart,1997
Prince of Magic,Anne Stuart,1998
Bound for Oregon,Jean Van Leeuwen/James Watling/R.W. Alley,1996
Oliver and Albert  Friends Forever (Easy-to-Read  Puffin),Jean Van Leeuwen/Ann Schweninger,2002
Midnight Brunch (Casa Dracula  #2),Marta Acosta,2007
Midnight Is a Place,Joan Aiken,2002
Black Hearts in Battersea (The Wolves Chronicles  #2),Joan Aiken/Edward Gorey,1999
A Small Pinch of Weather,Joan Aiken,2000
The Cuckoo Tree (The Wolves Chronicles  #6),Joan Aiken,2000
Nightbirds on Nantucket (The Wolves Chronicles  #3),Joan Aiken,1999
Seminole Song,Vella Munn,1998
Mary Engelbreit's Home Companion,Charlotte Lyons/Mary Engelbreit/Barbara E. Martin,1994
Mary Engelbreit's Mother Goose: One Hundred Best-Loved Verses,Mary Engelbreit/Leonard S. Marcus,2005
Save the Date: A Spirituality of Dating  Love  Dinner  and the Divine,Jason King,2003
Killing the Imposter God: Philip Pullman's Spiritual Imagination in His Dark Materials,Donna Freitas/Jason Edward King,2007
Teaching the World's Children: ESL for Ages Three to Seven (The Pippin Teacher's Library),Mary Ashworth/H. Patricia Wakefield,2004
Seven Miles a Second,David Wojnarowicz/James Romberger/Marguerite Van Cook,1996
Drop The Rock: Removing Character Defects - Steps Six and Seven,Bill Pittman/Todd W. Hall/Sara S./Todd W.,2005
The Oxford Dictionary of Quotations,Elizabeth Knowles,1999
Liberty Before Liberalism,Quentin Skinner,1998
The Return of Grand Theory in the Human Sciences,Quentin Skinner,1990
Symptomatic,Danzy Senna,2005
Tales of Magick: Dark Adventure,Phil Brucato/Aaron Rosenberg,1999
Tyrannosaurus Wrecks (Stanley  #1),Laura Driscoll/Alisa Klayman-Grodsky/Eric     Weiner,2003
Bailando al rescate (Dora La Exploradora),Dave Aikins/Laura Driscoll,2005
Richard Kern  Action,Richard Kern/Dian Hanson,2007
On Film (Thinking in Action),Stephen Mulhall,2001
Warren G. Harding (The American Presidents  #29),John W. Dean/Arthur M. Schlesinger Jr.,2004
Prince of the City,Keith Herber,1995
Spawn of Azathoth: Herald of the End of Time (Call of Cthulhu RPG),Keith Herber,2005
Random House Crossword Mega Omnibus  Volume 1,United Feature Syndication,1997
Chester,Syd Hoff,1986
Stanley,Syd Hoff,1992
Grizzwold,Syd Hoff,1984
Captain Cat,Syd Hoff,1994
Once Upon a Gulf Coast Summer,Susan    Oliver,2004
Margaret Atwood's Power: Mirrors  Reflections and Images in Select Fiction and Poetry,Shannon Hengen,1993
The Bears on Hemlock Mountain,Alice Dalgliesh/Helen Sewell,1992
Hoodwinked,Quentin Carter,2005
The Risk of Darkness (Simon Serrailler  #3),Susan Hill,2006
The Pure in Heart (Simon Serrailler  #2),Susan Hill,2005
The Woman in Black,Susan Hill/John Lawrence,2001
The Pure in Heart (Simon Serrailler  #2),Susan Hill,2006
The Various Haunts of Men (Simon Serrailler #1),Susan Hill,2007
Septem Quae Supersunt Tragoediae,Aeschylus/Denys L. Page,1973
Love's Executioner  And Other Tales Of Psychotherapy,Irvin D. Yalom,1995
The Brothers Karamazov,Fyodor Dostoyevsky/Thomas R. Beyer Jr./Simon Vance,2005
Old Filth (Old Filth  #1),Jane Gardam,2006
Filth,Irvine Welsh,1999
The Gospel of Filth: A Bible of Decadence & Darkness,Gavin Baddeley/Dani Filth,2010
Divine Filth: Lost Writings (Modern Classics),Georges Bataille,2004
Filth: Dirt  Disgust  and Modern Life,William A. Cohen,2004
Pink Flamingos and Other Filth: Three Screenplays,John Waters,2005
Let It Be Love (Effingtons  #11),Victoria Alexander,2005
The Marriage Lesson (Effingtons  #3),Victoria Alexander,2001
When We Meet Again (Effingtons  #10),Victoria Alexander,2005
Her Highness  My Wife (Effingtons  #5),Victoria Alexander,2002
Love With the Proper Husband (Effingtons  #6),Victoria Alexander,2003
The Lady in Question (Effingtons  #7),Victoria Alexander,2003
Going on Being: Buddhism and the Way of Change,Mark Epstein,2002
A New History of Early English Drama,John D. Cox/David Scott Kastan/Stephen Greenblatt,1997
The Shell Seekers,Rosamunde Pilcher,2004
Cat's Cradle (Cat  #1),William W. Johnstone,1986
Five Patients,Michael Crichton,1995
Undertaker of the Mind: John Monro and Mad-Doctoring in Eighteenth-Century England,Jonathan  Andrews/Andrew Scull,2001
Consider the Lilies,Iain Crichton Smith/Isobel Murray,1900
The Admirable Crichton,J.M. Barrie,2006
The Delta Star,Joseph Wambaugh,1984
Finnegan's Week,Joseph Wambaugh,1995
The Miraculous Journey of Edward Tulane,Kate DiCamillo/Bagram Ibatoulline,2006
The Tiger Rising,Kate DiCamillo,2002
Mercy Watson Goes for a Ride,Kate DiCamillo/Chris Van Dusen,2006
The Tale of Despereaux,Kate DiCamillo/Timothy Basil Ering,2008
Mercy Watson to the Rescue,Kate DiCamillo/Chris Van Dusen,2005
Mercy Watson: Princess in Disguise,Kate DiCamillo/Chris Van Dusen,2007
The Mill on the Floss,George Eliot,1994
Culture Shock! Laos (Culture Shock!),Stephen  Mansfield,2000
The Cambridge Companion to Plotinus,Lloyd P. Gerson,1996
In the Land of the Lawn Weenies and Other Warped and Creepy Tales (Weenies series  #1),David Lubar,2003
Hidden Talents (Talents  #1),David Lubar,2007
Dunk,David Lubar,2004
Carnet de Voyage,Craig Thompson,2004
Dark Horse Deluxe Journal: Craig Thompson's Angels and Demons,Craig Thompson,2003
Good-Bye  Chunky Rice,Craig Thompson,2006
Adieu  Chunky Rice,Craig Thompson,2002
Balanchine: A Biography,Bernard Taper,1996
A Scandalous Life: The Biography of Jane Digby,Mary S. Lovell,2003
The Splendid Outcast: Beryl Markham's African Stories,Beryl Markham/Mary S. Lovell,1987
Eyes of Prey (Lucas Davenport  #3),John Sandford,2007
Sharpe's Prey (Sharpe  #5),Bernard Cornwell,2012
Broken Prey (Lucas Davenport  #16),John Sandford,2006
Rules of Prey (Lucas Davenport  #1),John Sandford,2005
Certain Prey (Lucas Davenport  #10),John Sandford,2004
Winter Prey (Lucas Davenport  #5),John Sandford,1994
Destiny's Daughters,Gwynne Forster/Donna Hill/Parry A. Brown,2006
Fragments,Jean Baudrillard/Emily Agar,2007
The Consumer Society: Myths and Structures,Jean Baudrillard/Chris     Turner/George Ritzer,1998
The Vital Illusion,Jean Baudrillard/Julia Witwer,2000
Wicked Ties (Wicked Lovers  #1),Shayla Black,2007
On a Wicked Dawn (Cynster  #9),Stephanie Laurens,2002
The Wicked (Vampire Huntress  #8),L.A. Banks,2000
Wicked Sacrifice (Bound Hearts  #4-5),Lora Leigh,2006
My Wicked Pirate,Rona Sharon,2006
Wicked Dreams,Kingdome 19,2006
If I Have a Wicked Stepmother  Where's My Prince?,Melissa Kantor,2005
A Couple of April Fools (The Hamlet Chronicles #6),Gregory Maguire/Elaine Clayton,2005
The Good Liar,Gregory Maguire,2002
Seven Spiders Spinning (The Hamlet Chronicles  #1),Gregory Maguire/Dirk Zimmer,1995
Three Rotten Eggs (The Hamlet Chronicles  #5),Gregory Maguire/Elaine Clayton,2005
On the Night You Were Born,Nancy Tillman,2006
The Night at the Museum,Milan Trenc,2006
The Heart Is a Lonely Hunter,Carson McCullers,2000
The Heart Is a Lonely Hunter,Carson McCullers/Kasia Boddy,2000
The Prime of Miss Jean Brodie / The Girls of Slender Means / The Driver's Seat / The Only Problem,Muriel Spark,2004
The Prime of Miss Jean Brodie / The Girls of Slender Means / The Driver's Seat / The Only Problem,Muriel Spark,2004
The Pat Hobby Stories,F. Scott Fitzgerald/Arnold Gingrich,1995
The Pursuit of the Well-Beloved & The Well-Beloved,Thomas Hardy/Patricia Ingham,1997
Playing in the Dark: Whiteness and the Literary Imagination,Toni Morrison,1992
The Big Box,Toni Morrison/Slade Morrison,2002
Their Eyes Were Watching God,Zora Neale Hurston,2006
Grasping God's Word: A Hands-On Approach to Reading  Interpreting  and Applying the Bible,J. Scott Duvall/J. Daniel Hays,2005
The Short Stories of Ernest Hemingway,Ernest Hemingway,1987
Little Big Book for God's Children,Alice Wong/Lena Tabori,2001
Little Children,Tom Perrotta,2005
Dale Loves Sophie to Death,Robb Forman Dew,2001
The Secret Life of Bees,Sue Monk Kidd,2003
Hokkaido Highway Blues: Hitchhiking Japan,Will Ferguson,2003
The Martian Chronicles,Ray Bradbury/Ian  Miller,2006
You Know You Love Me (Gossip Girl  #2),Cecily von Ziegesar,2002
Classroom Interactions as Cross-Cultural Encounters: Native Speakers in EFL Lessons,Jasmine C.M. Luk/Angel M.Y. Lin,2006
Them: Adventures with Extremists,Jon Ronson,2002
Why I Hate Canadians,Will Ferguson,2007
Happiness,Will Ferguson,2003
Discovering God's Will,Sinclair B. Ferguson,1982
The Truth of the Matter,Robb Forman Dew,2006
Spinoza: A Life,Steven Nadler,2001
Organizational Architecture: Designs for Changing Organizations,David A. Nadler/Robert B. Shaw/Marc S. Gerstein,1992
Henry V,William Shakespeare/Barbara A. Mowat/Paul Werstine/Michael Neill,2004
Erotism: Death and Sensuality,Georges Bataille/Mary Dalwood,2001
The Weimar Republic: The Crisis of Classical Modernity,Detlev J.K. Peukert/Richard Deveson,1993
Adam and Eve and Pinch Me,Ruth Rendell,2003
A Pinch of Snuff (Dalziel & Pascoe  #5),Reginald Hill,1990
Egyptian Myth: A Very Short Introduction,Geraldine Pinch,2004
A Pinch of Poison (Hemlock Falls Mysteries  #3),Claudia Bishop,1995
Persuasion,Jane Austen,1999
Beyond Seduction (Beyond Duet  #2),Emma Holly,2002
Sense and Sensibility,Jane Austen/Claire Lamont/James Kinsley,2004
Sense and Sensibility,Jane Austen/Claire Lamont/Ros Ballaster,1996
Sense and Sensibility,Jane Austen/Laura Engel,2004
Sense and Sensibility,Jane Austen/Laura Engel,2003
One Flew Over the Cuckoo's Nest (SparkNotes Literature Guide),SparkNotes/Ken Kesey,2002
A Different Mirror: A History of Multicultural America,Ronald Takaki,1994
Trapped in the Mirror: Adult Children of Narcissists in Their Struggle for Self,Elan Golomb,1995
The Buddha in Your Mirror: Practical Buddhism and the Search for Self,Woody Hochswender/Greg Martin/Ted Morino,2001
A Distant Mirror: The Calamitous 14th Century,Barbara W. Tuchman,1987
They Do It With Mirrors,Agatha Christie/Rosemary Leach,2002
The Lemon Table,Julian Barnes,2005
The Criminal Mastermind Collection  Bks 1-3 (Artemis Fowl  #1-3),Eoin Colfer,2005
The Eternity Code (Artemis Fowl  #3),Eoin Colfer,2003
El cubo B (Artemis Fowl  #3),Eoin Colfer/Ana Alcaina,2005
The Eternity Code (Artemis Fowl  #3),Eoin Colfer,2003
Forget Me Not: Photography and Remembrance,Geoffrey Batchen,2006
Monsoon Summer,Mitali Perkins,2006
Warlock (Ancient Egypt  #3),Wilbur Smith,2002
Sea of Thunder: Four Commanders and the Last Great Naval Campaign 1941-1945,Evan Thomas,2006
Gift from the Sea,Anne Morrow Lindbergh,1991
Wide Sargasso Sea: A Reader's Guide to Essential Criticism,Carl Plasa,2002
The Good Housekeeping Illustrated Cookbook,Good Housekeeping/Zoe Coulson,1980
Evelina,Frances Burney/Edward A. Bloom,2002
Dancing On Air,Frances Oliver,2004
Holding On to the Air,Suzanne Farrell/Toni Bentley,2002
The Turtle (The Lighthouse Family  #4),Cynthia Rylant/Preston McDaniels,2006
The Body in the Lighthouse,Katherine Hall Page,2004
American Tragedy: Kennedy  Johnson  and the Origins of the Vietnam War,David E. Kaiser,2002
The Sun Also Rises,Ernest Hemingway,1984
The Call of the Wild,Jack London/Wendell Minor,1999
The Call of the Wild,Jack London/Gary Paulsen,2003
The Call of the Wild and Three Other Klondike Stories,Jack London/Roger Dressler,2001
The Call of the Wild and Selected Stories: 100th Anniversary Ed.,Jack London/Alex Kershaw,1998
Fahrenheit 451,Ray Bradbury/Alfredo Crespo,2004
The Lion  the Witch and the Wardrobe (Chronicles of Narnia  #1),Hiawyn Oram/C.S. Lewis/Tudor Humphries,2004
The Lion  the Witch and the Wardrobe (Chronicles of Narnia #2),C.S. Lewis/Pauline Baynes,2005
The Lion  the Witch and the Wardrobe (Narnia),C.S. Lewis/Pauline Baynes,2005
New Moon (Moon #6),Rebecca York,2007
Health: The Basics (Donatelle Series),Rebecca J. Donatelle,2006
Cliffsnotes on Eliot's Middlemarch,Brian Johnston/George Eliot/CliffsNotes,1967
Alice's Adventures in Wonderland,Lewis Carroll/Richard  Kelly,2000
Anne of the Island and Tales of Avonlea,L.M. Montgomery,1991
A Christmas Carol and The Night Before Christmas,Charles Dickens/Clement C. Moore/Arthur Rackham,2006
In Search of Dracula: The History of Dracula and Vampires,Raymond T. McNally/Radu Florescu,1994
The Annotated Charlotte's Web,E.B. White/Garth Williams/Peter F. Neumeyer,2006
Just as Long as We're Together,Judy Blume,2001
Wifey / Smart Women,Judy Blume,2001
Forever...,Judy Blume,2002
Fudge-a-Mania (Fudge  #4),Judy Blume,2004
Tales of a Fourth Grade Nothing (Fudge  #1),Judy Blume,2004
Forever . . .,Judy Blume,2005
Wifey,Judy Blume,2005
Everything I Needed to Know about Being a Girl I Learned from Judy Blume,Jennifer O'Connell/Meg Cabot/Megan McCafferty/Melissa Senate/Diana Peterfreund/Stephanie Lessing/Laura Ruby/Erica Orloff/Stacey Ballis/Julie Kenner/Kristin Harmel/Jennifer Coburn/Elise Juska/Kyra Davis/Beth Kendrick/Berta Platas/Lynda Curnyn/Kayla Perrin/Cara Lockwood/Alison Pace/Megan Crane/Lara Deloza/Laura Caldwell/Shanna Swendson,2007
BFF*: Just As Long As We're Together / Here's to You  Rachel Robinson (*Best Friends Forever),Judy Blume,2007
Yosemite: Its Discovery  Its Wonder and Its People,Margaret Sanborn,1989
A Man of the People,Chinua Achebe,2016
Collected Poems,Chinua Achebe,2009
Arrow of God (The African Trilogy  #3),Chinua Achebe,1989
Anatomy of a Boyfriend (Anatomy  #1),Daria Snadowsky,2007
Lithium for Medea,Kate Braverman/Rick Moody,2002
Die Leiden des Jungen Werther,Johann Wolfgang von Goethe/R. Paulin,1998
The Odyssey,Homer/George Herbert Palmer,1998
Caesar's Commentaries: On the Gallic War & On the Civil War,Gaius Julius Caesar/James H. Ford/W.A. McDevitte,2005
The Conquest of Gaul,Gaius Julius Caesar/F.P. Long/Cheryl Walker,2005
The Assassination of Julius Caesar: A People's History of Ancient Rome,Michael Parenti,2004
Letters from the Earth: Uncensored Writings,Mark Twain/Bernard DeVoto/Henry Nash Smith,2004
Mark Twain: Selected Works,Mark Twain,1990
The Blazing Center Study Guide: The Soul-Satisfying Supremacy of God in All Things,John Piper,2006
The God of Small Things,Arundhati Roy,1997
Balzac und die kleine chinesische Schneiderin,Dai Sijie,2003
The Wit &  Wisdom of Winston Churchill,James C. Humes/Richard M. Nixon,2007
Winston Churchill,John Keegan,2002
The Illustrated Garden Book: A New Anthology,Robin Lane  Fox/Vita Sackville-West/Freda Titford/Ken Kirkwood,1986
The Long Hard Road Out of Hell,Marilyn Manson/Neil Strauss,1999
Dissecting Marilyn Manson,Gavin Baddeley,2007
Marilyn Manson,Kurt Reighley,1998
Marilyn Manson: The Lonely Watchman,Richard D. Nelson,2006
Philosophical Papers: Volume 1  Human Agency and Language,Charles Taylor,1985
Sources of the Self: The Making of the Modern Identity,Charles Taylor,1992
The Ethics of Authenticity,Charles Taylor,1992
Charles Taylor,Ruth  Abbey,2004
Built To Last: Building America's Amazing Bridges  Dams  Tunnels  and Skyscrapers (Built to Last),George Sullivan,2005
The Art of the Start: The Time-Tested  Battle-Hardened Guide for Anyone Starting Anything,Guy Kawasaki,2004
Mandala Sand Art Kit,Walter Foster Creative Team,2004
The Death Shift: The True Story of Nurse Genene and the Texas Baby Murders,Peter Elkind,1990
Turn of the Cards,Georgina Grey,1979
Dr. Seuss (First Biographies),Cheryl Carlson,2005
Go Jump in the Pool! (Macdonald Hall  #2),Gordon Korman,1991
Shipwreck (Island I),Gordon Korman/Holter Graham,2007
The Pusher (87th Precinct  #3),Ed McBain,2003
Eight Black Horses (87th Precinct  #38),Ed McBain/Mark T. Sullivan,2003
Fiddlers (87th Precinct  #55),Ed McBain/Otto Penzler,2006
The Last Dance (87th Precinct  #50),Ed McBain,2000
The Listener's Bible: NIV,Anonymous/Max McLean,2001
Information Technology for Management: Transforming Organizations in the Digital Economy,Efraim Turban/Dorothy Leidner/James C. Wetherbe/Ephraim McLean/Christy Cheung/Daniel Tse/Maggie Lew,2005
A Search for What Makes Sense: Finding Faith,Brian D. McLaren/Steve Chalke,2007
Police Brutality: An Anthology,Jill Nelson/Robin D.G. Kelley/Richard Austin/Flores Alexander Forbes/Ron Daniels/Frank Moss/Derrick A. Bell/Claude Andrew Clegg III/Katheryn K. Russell/Patricia J. Williams/Stanley Crouch/Ishmael Reed/Arthur Doye,2001
Reluctant Burglar (To Catch a Thief #1),Jill Elizabeth Nelson,2006
Q: The Autobiography of Quincy Jones,Quincy Jones,2002
Mansion On The Hill: Dylan Young Geffen Springsteen and the Head-on-Collision of Rock and Commerce,Fred Goodman,2003
Lady on the Hill: How Biltmore Estate Became an American Icon,Howard E. Covington Jr.,2006
Hit Men: Power Brokers and Fast Money Inside the Music Business,Fredric Dannen/Erroll McDonald,1991
Savannah Blues (Weezie and Bebe Mysteries  #1),Mary Kay Andrews,2012
Whoreson,Donald Goines,2000
Crime Partners,Donald Goines,2000
Jonah's Gourd Vine,Zora Neale Hurston,1990
The Complete Stories,Zora Neale Hurston/Henry Louis Gates Jr./Sieglinde Lemke,1996
Zora Neale Hurston: A Literary Biography,Robert E. Hemenway/Alice Walker,1980
Zora Neale Hurston: Critical Perspectives Past And Present (Amistad Literary Series),Henry Louis Gates Jr./Kwame Anthony Appiah,2000
The Tarot Cafe  #1,Sang-Sun Park,2017
Photography's Other Histories,Christopher Pinney/Nicholas Peterson,2003
Photos of the Gods: The Printed Image and Political Struggle in India,Christopher Pinney,2004
Antitrust Law,Richard A. Posner,2001
Case Closed: Lee Harvey Oswald and the Assassination of JFK,Gerald Posner,2003
Sex and Reason,Richard A. Posner,1992
Law and Literature,Richard A. Posner,1998
Orlando: A Biography: Film Screenplay,Sally Potter/Virginia Woolf,2013
Orlando Furioso: Part Two,Ludovico Ariosto/Barbara Reynolds,1977
Orlando Furioso,Ludovico Ariosto/Guido Waldman,1999
A People's Tragedy: The Russian Revolution: 1891-1924,Orlando Figes,1998
Alas  Babylon,Pat Frank,2005
The South Beach Diet: The Delicious  Doctor-Designed  Foolproof Plan for Fast and Healthy Weight Loss,Arthur Agatston,2003
On the Beach,Nevil Shute,2002
The Book of Merlyn: The Unpublished Conclusion to The Once & Future King,T.H. White,1977
The Art of Happiness,Dalai Lama XIV/Howard C. Cutler,1998
The Art of Happiness at Work,Dalai Lama XIV/Howard C. Cutler,2005
Zen and the Art of Happiness,Chris Prentiss,2006
Lovingkindness: The Revolutionary Art of Happiness,Sharon Salzberg/Jon Kabat-Zinn,2004
Kaplan & Sadock's Synopsis of Psychiatry: Behavioral Sciences/Clinical Psychiatry,Benjamin James Sadock/Virginia Alcott Sadock,2002
How to Go to College Almost for Free  Updated,Ben R. Kaplan,2001
Let's Go Australia on a Budget,Let's Go Inc.,2006
National Geographic Traveler: Australia,Roff Smith,1999
Moll Flanders,Daniel Defoe/Mark Schorer/Georgina Sutton,1993
Moll Flanders,Daniel Defoe/Virginia Woolf,2002
The Leatherstocking Tales  Vol. 2: The Pathfinder / The Deerslayer,James Fenimore Cooper/Blake Nevius,1985
The Last of the Mohicans (The Leatherstocking Tales #2),James Fenimore Cooper,1982
A River Runs Through It,Norman Maclean/Barry Moser,1989
Empires of the Monsoon: A History of the Indian Ocean and Its Invaders,Richard Seymour Hall,1998
The Next Whole Earth Catalog: Access to Tools,Stewart Brand,1981
Whole Earth Software Catalog,Stewart Brand,1984
Fooled by Randomness: The Hidden Role of Chance in Life and in the Markets,Nassim Nicholas Taleb,2005
El Borbah,Charles Burns,2006
Big Baby,Charles Burns,2007
Black Hole,Charles Burns,2005
Black Hole  tome 3: Visions,Charles Burns,2001
09-Nov,Noam Chomsky/Greg Ruggiero/Marili Margomenou/Miguel Mora/Natalie Levisalles/Il Manifesto/Hartford Courant/David Barsamian/Radio B92/Elise Fried/Peter Kreysler/Gionarle del Popolo/Michael Albert,2001
Secrets  Lies and Democracy,Noam Chomsky/David Barsamian,2002
Syntactic Structures,Noam Chomsky/David W. Lightfoot,2012
The Umbrella of US Power: The Universal Declaration of Human Rights & the Contradictions of US Policy,Noam Chomsky/Greg Ruggiero,2002
The Common Good,Noam Chomsky/David Barsamian/Arthur Naiman,2002
The Curious Sofa,Edward Gorey,1997
Strings  Conformal Fields  and M-Theory (Graduate Texts in Contemporary Physics),Michio Kaku,1999
Introduction to Superstrings and M-Theory,Michio Kaku/Joseph L. Birman/H. Eugene Stanley/J.W. Lynn/M.P. Silverman/M. Voloshin,1999
To Win a Nuclear War: The Pentagon's Secret War Plans,Michio Kaku/Daniel Axelrod,1999
Company,Max Barry,2007
Fermat's Enigma: The Epic Quest to Solve the World's Greatest Mathematical Problem,Simon Singh,1998
The Science Book,Peter Tallack/Simon Singh,2006
Kristy's Great Idea,Raina Telgemeier/Ann M. Martin,2006
The Actor in You: Sixteen Simple Steps to Understanding the Art of Acting,Robert Benedetti,2002
The Actor in You: Sixteen Simple Steps to Understanding the Art of Acting,Robert Benedetti,2005
The Cat Who Played Post Office (Cat Who...  #6),Lilian Jackson Braun,1996
Just Above My Head,James Baldwin,2000
Nobody Knows My Name,James Baldwin,1992
Tell Me How Long the Train's Been Gone,James Baldwin,1998
If Beale Street Could Talk,James Baldwin,2006
Tell My Horse: Voodoo and Life in Haiti and Jamaica,Zora Neale Hurston,1990
Wrapped in Rainbows: The Life of Zora Neale Hurston,Valerie Boyd,2004
Going to Meet the Man,James Baldwin,1995
The Amen Corner,James Baldwin,1998
Blues for Mister Charlie,James Baldwin,1995
Every Tongue Got to Confess: Negro Folk-tales from the Gulf States,Zora Neale Hurston/Carla Kaplan/John Edgar Wideman,2002
Factotum,Charles Bukowski,2006
Women,Charles Bukowski,2014
Ham on Rye,Charles Bukowski,2014
Tales of Ordinary Madness,Charles Bukowski,2001
You Get So Alone at Times That it Just Makes Sense,Charles Bukowski,1986
Tiempo De Matar,John Grisham,2003
The Wakefields of Sweet Valley (Sweet Valley High Magna Editions #1),Francine Pascal/Kate William,1993
The Wedding (Sweet Valley High  #98),Francine Pascal/Kate William,1994
Alone in the Crowd (Sweet Valley High  #28),Francine Pascal/Kate William,1986
Taking Sides (Sweet Valley High  #31),Francine Pascal/Kate William,1986
The Wakefield Legacy: The Untold Story (Sweet Valley High Magna Editions #2),Francine Pascal/Kate William,1992
Love at First Bite (Dark-Hunter #6.5; Wild Wulfs of London #2.5; Companion #3.5),Sherrilyn Kenyon/L.A. Banks/Susan Squires/Ronda Thompson,2006
Spunk & Bite: A Writer's Guide to Punchier  More Engaging Language & Style,Arthur Plotnik,2005
Cookies: Bite-Size Life Lessons,Amy Krouse Rosenthal/Jane Dyer,2006
Bite Me If You Can (Argeneau #6),Lynsay Sands,2007
Aftershock  (Sweet Valley High Super Edition  #12),Francine Pascal/Kate William,1998
Sweet 18 (SVH Senior Year  #48),Francine Pascal/Kate William,2003
The New Jessica (Sweet Valley High  #32),Francine Pascal/Kate William,1986
Double Love (Sweet Valley High  #1),Francine Pascal/Kate William,1984
Happily Ever After (Sweet Valley High  #134),Francine Pascal/Kate William,1997
Forbidden Love (Sweet Valley High #34),Francine Pascal/Kate William,1987
Control Freak (SVH Senior Year  #35),Francine Pascal,2001
Mosquito Bite,Alexandra Siy/Dennis Kunkel,2006
Love Bites (Argeneau #2),Lynsay Sands,2004
Nigella Bites: From Family Meals to Elegant Dinners--Easy  Delectable Recipes for Any Occasion,Nigella Lawson/Francesca Yorke,2002
The Pursuit of History,John Tosh/Sean Lang,2006
Vegas Bites: A Werewolf Romance Anthology,L.A. Banks/J.M. Jeffries/Seressie Glass/Natalie Dunbar,2006
A Bite to Remember (Argeneau #5),Lynsay Sands,2006
Boys that Bite (Blood Coven Vampire  #1),Mari Mancusi,2006
A Quick Bite (Argeneau #1),Lynsay Sands,2020
Bite Club (Bite Club  #1),Howard Chaykin/David Tischman/David Hahn,2005
Last Bite,Nancy Verde Barr,2006
Bite Me!: An Unofficial Guide to the World of Buffy the Vampire Slayer,Nikki Stafford,2002
Small Bites  Big Nights: Seductive Little Plates for Intimate Occasions and Lavish Parties,Govind Armstrong/Lisa Romerein/Tyler Florence,2007
Plants Bite Back! (DK Readers),Richard Platt,1999
Last Wish (Sweet Valley High),Francine Pascal,1999
Starting Over (Sweet Valley High  #33),Francine Pascal/Kate William,1986
Dear Sister (Sweet Valley High  #7),Francine Pascal/Kate William,1984
Don't Wait for Your Ship to Come In... Swim Out to Meet It!: Bite-Sized Inspirations to Help You Achieve Your Dreams,John Mason,1994
Magic Bites (Kate Daniels  #1),Ilona Andrews,2007
The Secret Garden,Frances Hodgson Burnett/Graham Rust,1999
The Secret Garden,Frances Hodgson Burnett/Scott McKowen,2004
The Secret Garden Coloring Book,Brian Doherty/Frances Hodgson Burnett/Thea Kliros,2014
A Little Princess,Frances Hodgson Burnett/Scott McKowen,2004
A Little Princess,Tania Zamorsky/Frances Hodgson Burnett/Lucy Corvino/Arthur Pober,2005
The Little Princesses,Marion Crawford/Jennie Bond,2003
Laura Ingalls Wilder Country: The People and places in Laura Ingalls Wilder's life and books,William   Anderson/Leslie A.  Kelly,1995
The Collected Works of C.S. Lewis,C.S. Lewis/Michael Hauge,1996
Pedro Paramo / El Llano En Llamas,Juan Rulfo,2002
Peter Pan in Kensington Gardens / Peter and Wendy,J.M. Barrie/Peter Hollindale,1999
Walt Disney's Peter Pan (A Little Golden Book),Walt Disney Company/Al Dempster,2007
Peter Pan And Wendy,J.M. Barrie/Ken Geist,2004
Peter Pan,J.M. Barrie/Tim Curry,2006
Adventures of Huckleberry Finn,Mark Twain,1977
Alice in Wonderland / Hunting of the Snark,Lewis Carroll/Donald J. Gray,1992
Holes,Louis Sachar,2003
Rabbit Hole,David Lindsay-Abaire,2006
A Magic Crystal? (Marvin Redpost),Louis Sachar,2005
Holes (Holes  #1),Louis Sachar,2000
Super Fast Out of Control,Louis Sachar,2005
The Anthology at the End of the Universe: Leading Science Fiction Authors on Douglas Adams' The Hitchhiker's Guide to the Galaxy,Glenn Yeffeth/Don DeBrandt/Cory Doctorow/Bruce Bethke/Adam Roberts/Lawrence Watt-Evans/Selina Rosen/Mark W. Tiedemann/Jacqueline Carey/Susan Sizemore/Vox Day/Stephen Baxter/A.M. Dellamonica/Marguerite Krause/John Shirley/Adam-Troy Castro/Amy Berner/Maria  Alexander/Marie-Catherine Caillava/Mike Byrne,2005
The Feminine Mystique,Betty Friedan/Anna Quindlen,2001
"Betty Friedan and the Making of ""The Feminine Mystique"": The American Left  the Cold War  and Modern Feminism",Daniel Horowitz,2000
James Herriot's Treasury for Children: Warm and Joyful Tales by the Author of All Creatures Great and Small,James Herriot/Ruth Brown/Peter Barrett,1992
James Herriot's Dog Stories,James Herriot/Victor G. Ambrus,2006
The Real James Herriot: A Memoir of My Father,Jim Wight,2001
The Lord God Made Them All,James Herriot,1998
Who Was Mark Twain?,April Jones Prince/Nancy Harrison/John   O'Brien,2004
Roughing It,Mark Twain/Henry B. Wonham,2003
The Complete Essays of Mark Twain,Mark Twain/Charles Neider,2000
Death of a Salesman,Arthur  Miller,1949
The Portable Arthur Miller,Arthur  Miller/Harold Clurman/Christopher Bigsby,2003
Collected Plays 1944-1961,Arthur  Miller/Tony Kushner,2006
Incident at Vichy,Arthur  Miller,1985
Discovering Great Artists: Hands-On Art for Children in the Styles of the Great Masters,MaryAnn F. Kohl/Kim Solga/Rebecca Van Slyke,1997
The Portable Thomas Jefferson,Thomas Jefferson/Merrill D. Peterson,1977
Autobiography of Thomas Jefferson,Thomas Jefferson,2005
The Burning Plain and Other Stories,Juan Rulfo/Kermit Oliver/George D. Schade,1971
Laughter and Tears: A Family's Journey to Understanding the Autism Spectrum,Ann Hewetson,2005
The Irish Anatomist: A Study of Flann O'Brien,Keith Donohue,2003
Quito 1599: City and Colony in Transition,Kris Lane/Lyman L. Johnson,2002
1599: A Year in the Life of William Shakespeare,James Shapiro,2005
Stranger from the Past,Penny Jordan,1993
The Olive Farm: A Memoir of Life  Love  and Olive Oil in the South of France,Carol Drinkwater,2002
Confederates in the Attic: Dispatches from the Unfinished Civil War,Tony Horwitz,1999
Convergence Culture: Where Old and New Media Collide,Henry Jenkins,2006
The Sling and the Stone: On War in the 21st Century,Thomas X. Hammes,2006
Mistletoe,Hailey Abbott/Melissa de la Cruz/Aimee Friedman/Nina Malkin,2006
The Guide to Hollywood and Beverly Hills,Charles Lockwood,1984
Follow Your Heart's Vegetarian Soup Cookbook,Janice Cook Migliaccio,1983
Your Best Friend's Boyfriend (Follow Your Heart  #1),J.E. Bright,2006
Follow Your Heart,Susanna Tamaro/John T. Cullen,1996
Naughty Little Secret,Shayla Black/Shelley Bradley,2006
No Accident (Little Secrets  #2),Emily Blake,2006
Dirty Little Secrets (Marisela Morales/Dirty #1),Julie Leto,2005
Dirty Little Secrets,Joy King,2006
Three Little Secrets (MacLachlan Family  #4),Liz Carlyle,2006
Lori's Little Secret (Bravo Family  #15) (Bravo Family Ties Miniseries  #3),Christine Rimmer,2005
The Day My Butt Went Psycho,Andy Griffiths/Miles Thompson,2003
Just Disgusting!,Andy Griffiths/Terry Denton,2002
Thorn in Her Side (The Princess School  #7),Jane B. Mason/Sarah Hines Stephens,2006
The Princess of the Chalet School,Elinor M. Brent-Dyer,2000
The Princess Diaries (The Princess Diaries  #1),Meg Cabot,2001
Let Down Your Hair,Jane B. Mason/Sarah Hines Stephens,2004
Awakening (Chasing Yesterday  #1),Robin Wasserman,2007
Betrayal (Chasing Yesterday  #2),Robin Wasserman,2007
Fun Home: A Family Tragicomic,Alison Bechdel,2006
Second Home: Finding Your Place in the Fun (Better Homes and Gardens),Denny Caringer/Better Homes and Gardens,2000
Six Frigates: The Epic History of the Founding of the U. S. Navy,Ian W. Toll,2006
Power  Sex  Suicide: Mitochondria and the Meaning of Life,Nick Lane,2006
1491: New Revelations of the Americas Before Columbus,Charles C. Mann,2006
Saint Ignatius Loyola: The Pilgrim Years 1491-1538,James Brodrick,1998
Deep Storm (Jeremy Logan  #1),Lincoln Child,2007
Death Match,Lincoln Child,2006
The Wheel of Darkness (Pendergast  #8),Douglas Preston/Lincoln Child,2007
Reliquary (Pendergast  #2),Douglas Preston/Lincoln Child,2005
The Cabinet of Curiosities (Pendergast  #3),Douglas Preston/Lincoln Child,2003
Still Life With Crows (Pendergast  #4),Douglas Preston/Lincoln Child,2004
Dancing on My Grave,Gelsey Kirkland/Greg Lawrence,1987
Dancing on His Grave: A True Story of Survival and Triumph,Barbara Richard,2006
I Don't Know How She Does It (Kate Reddy  #1),Allison Pearson,2003
I Don't Know How She Does It (Kate Reddy  #1),Allison Pearson,2003
Perfect Girls  Starving Daughters: The Frightening New Normalcy of Hating Your Body,Courtney E. Martin,2007
The 21 Success Secrets of Self-Made Millionaires: How to Achieve Financial Independence Faster and Easier Than You Ever Thought Possible,Brian Tracy,2000
The Cake Book,Tish Boyle/John Uher,2006
Grand Finales: A Modernist View of Plated Desserts,Tish Boyle/Timothy Moriarty,1997
The Making of the Fittest: DNA and the Ultimate Forensic Record of Evolution,Sean B. Carroll/Jamie W. Carroll/Leanne M. Olds,2006
The Bride Finder (St. Leger  #1),Susan Carroll,1999
The Courtesan (The Dark Queen Saga  #2),Susan Carroll,2005
Giovanni and Lusanna: Love and Marriage in Renaissance Florence,Gene A. Brucker,2004
The Collected Poetry  1968-1998,Nikki Giovanni/Virginia C. Fowler,2007
Mozart's Don Giovanni (the Dover Opera Libretto Series),Wolfgang Amadeus Mozart/Lorenzo Da Ponte/Ellen H. Bleiler,1985
Love Poems,Nikki Giovanni,1997
Rosa,Nikki Giovanni/Bryan Collier,2005
The covert war against rock: what you don't know about the deaths of Jim Morrison  Tupac Shakur  Michael Hutchence  Brian Jones  Jimi Hendrix  Phil Ochs  Bob Marley  Peter Tosh  John Lennon  The Notorious B.I.G,Alex Constantine,2000
Gale Gand's Short + Sweet : Quick Desserts with Eight Ingredients or Less,Gale Gand/Julia Moskin/Tim Turner,2004
What Angels Fear (Sebastian St. Cyr  #1),C.S. Harris,2006
Breaking Free from Compulsive Eating,Geneen Roth,1993
When Food Is Love: Exploring the Relationship Between Eating and Intimacy,Geneen Roth,1992
You're Born an Original  Don't Die a Copy!,John Mason,1993
Orin Aoraiosaa: Songs for Selected Heads,John    Mason,1997
Guide to Stress Reduction,L. John Mason,2001
Getting a Grip on the Basics: Building a Firm Foundation for the Victorious Christian Life,Beth A. Jones,2006
Freedom Riders: John Lewis and Jim Zwerg on the Front Lines of the Civil Rights Movement,Ann Bausum,2005
The Milagro Beanfield War,John     Nichols,2000
The Magic Journey,John     Nichols,2000
Captain Slaughterboard Drops Anchor,Mervyn Peake,2001
Hide-and-Seek with Angels: The Life of J.M. Barrie,Lisa Chaney,2006
The Hunted (Vampire Huntress  #3),L.A. Banks,2005
The Bitten (Vampire Huntress  #4),L.A. Banks,2005
The Forsaken (Vampire Huntress  #7),L.A. Banks,2006
Minion (Vampire Huntress  #1),L.A. Banks,2004
The Awakening (Vampire Huntress  #2),L.A. Banks,2004
The Forbidden (Vampire Huntress  #5),L.A. Banks,2006
The Damned (Vampire Huntress  #6),L.A. Banks,2006
The Damned (Vampire Huntress  #6),L.A. Banks,2007
Brand New Justice: How Branding Places and Products Can Help the Developing World,Simon Anholt,2005
Katie's Big Move (Junior Gymnasts  #2),Teddy Slater/Wayne Alfano,1996
Amanda's Unlucky Day (Junior Gymnasts  #6),Teddy Slater/Wayne Alfano,1997
Beat That! Cookbook,Ann Hodgman,1999
Stake That (Blood Coven Vampire  #2),Mari Mancusi,2006
Sk8er Boy (First Kiss Club #1),Mari Mancusi,2005
Bride & Groom (A Dog Lover's Mystery  #16),Susan Conant/Maxwell Award,2005
Stud Rites (A Dog Lover's Mystery #9),Susan Conant,2005
The Dogfather (A Dog Lover's Mystery  #15),Susan Conant,2004
Steamed (A Gourmet Girl Mystery  #1),Jessica Conant-Park/Susan Conant,2007
Paws Before Dying (A Dog Lover's Mystery  #4),Susan Conant,1960
A New Leash on Death (A Dog Lover's Mystery  #1),Susan Conant,1994
Scratch the Surface (A Cat Lover's Mystery #1),Susan Conant,2006
Corvette,Jerry Burton,2006
Lucifer's Shadow,David Hewson,2005
The Key,Lynsay Sands,2003
The Deed (Deed  #1),Lynsay Sands,2004
The Chase (Deed  #3),Lynsay Sands,2004
Bliss,Lynsay Sands,2001
The Perfect Wife,Lynsay Sands,2005
Sweet Revenge,Lynsay Sands,2004
The Reluctant Reformer,Lynsay Sands,2002
Love Is Blind,Lynsay Sands,2006
Standard Catalog of Smith & Wesson,Jim Supica/Richard Nahas,2007
Korea's Place in the Sun: A Modern History,Bruce Cumings,2005
Mighty Love,Howard Chaykin,2005
Challengers of the Unknown: Stolen Moments  Borrowed Time,Howard Chaykin/Michelle Madsen,2006
Black Kiss,Howard Chaykin,2000
Son of Superman,Howard Chaykin/David Tischman/J.H. Williams III/Mick Gray/Lee Loughridge,2000
Castle Diary: The Journal of Tobias Burgess,Richard Platt/Chris Riddell,2003
Disaster!: Catastrophes That Shook the World,Richard Bonson/Richard Platt,1997
Stephen Biesty's Incredible Explosions,Stephen Biesty/Richard Platt,1996
The Burglar Who Thought He Was Bogart (Bernie Rhodenbarr  #7),Lawrence Block,2006
Hit Parade (John Keller  #3),Lawrence Block,2006
The Girl with the Long Green Heart,Lawrence Block,2005
The Burglar Who Painted Like Mondrian (Bernie Rhodenbarr  #5),Lawrence Block,2005
The Burglar Who Liked to Quote Kipling (Bernie Rhodenbarr  #3),Lawrence Block,2005
Out on the Cutting Edge (Matthew Scudder  #7),Lawrence Block,2000
Writing the Novel: From Plot to Print,Lawrence Block,2002
The Burglar Who Traded Ted Williams (Bernie Rhodenbarr  #6),Lawrence Block,2005
Gilda Joyce: Psychic Investigator (Gilda Joyce  #1),Jennifer Allison,2006
Boeing Versus Airbus: The Inside Story of the Greatest International Competition in Business,John Newhouse,2007
Fabulous Small Jews,Joseph Epstein,2004
Feast: Food to Celebrate Life,Nigella Lawson,2004
How to Be a Domestic Goddess: Baking and the Art of Comfort Cooking,Nigella Lawson/Petrina Tinslay,2001
How to Be a Domestic Goddess: Baking and the Art of Comfort Cooking,Nigella Lawson,2005
Forever Summer,Nigella Lawson,2005
programming.java: An Introduction to Programming Using Java: An Introduction to Programming Using Java,Rick Decker/Stuart Hirshfield,1999
The American Campaign: U.S. Presidential Campaigns and the National Vote,James E. Campbell,2000
The Anglo-Saxons,James Campbell/Eric John/Patrick Wormald,1991
The Final Frontiersman: Heimo Korth and His Family  Alone in Alaska's Arctic Wilderness,James   Campbell,2005
The Untamed One (Wild Wulfs of London  #2),Ronda Thompson,2006
The Cursed One (Wild Wulfs of London  #3),Ronda Thompson,2006
The Dark One (Wild Wulfs of London  #1),Ronda Thompson,2005
Call of the Moon,Ronda Thompson,2009
Bad (Fearless  #13),Francine Pascal,2002
Fear (Fearless  #23),Francine Pascal,2002
Twisted (Fearless  #4),Francine Pascal,2002
Run (Fearless  #3),Francine Pascal,2000
Killer (Fearless  #12),Francine Pascal,2000
Alone (Fearless  #22),Francine Pascal,2002
Tears (Fearless  #15),Francine Pascal,2001
The Shawshank Redemption,Mark Kermode/Rob White,2003
The Shawshank Redemption: The Shooting Script,Frank Darabont/Stephen King,2004
Different Seasons,Stephen King,1995
The Real Frank Zappa Book,Frank Zappa/Peter Occhiogrosso,1990
Homegrown Democrat: A Few Plain Thoughts from the Heart of America,Garrison Keillor,2006
Good Poems,Garrison Keillor,2003
Managers Not MBAs: A Hard Look at the Soft Practice of Managing and Management Development,Henry Mintzberg,2005
Hell No  We Won't Go! Resisting the Draft During the Vietnam War,Sherry Gershon Gottlieb,1991
Marsha Is Only a Flower (Marsha  #2),Barbara Bottner,2000
Almond Cookies & Dragon Well Tea,Cynthia Chin-Lee/Youshan Tang,1993
The Empire of Ice Cream,Jeffrey Ford/Jonathan Carroll,2006
The Fantasy Writer's Assistant and Other Stories,Jeffrey Ford,2002
Memoranda,Jeffrey Ford/Jacques Guiod,2002
The Mystical Poems of Rumi 1: First Selection  Poems 1-200,Rumi/A.J. Arberry,1974
Ruby Gloom's Guide to Friendship,Matt Riser/Martin Hsu,2005
Slouching Toward Nirvana,Charles Bukowski/John   Martin,2006
Mockingbird Wish Me Luck,Charles Bukowski,2002
Seventeen and In-Between,Barthe DeClements,1993
How Do You Lose Those Ninth-grade Blues?,Barthe DeClements,1993
The Man Who Smiled (Kurt Wallander #4),Henning Mankell/Laurie Thompson,2006
Before the Frost (Linda Wallander #1),Henning Mankell/Ebba Segerberg,2006
The Dogs of Riga (Kurt Wallander  #2),Henning Mankell/Laurie Thompson,2004
Sidetracked (Kurt Wallander  #5),Henning Mankell/Steven T. Murray,2003
The Return of the Dancing Master,Henning Mankell/Laurie Thompson,2005
One Step Behind  (Kurt Wallander  #7),Henning Mankell/Ebba Segerberg,2003
The White Lioness (Kurt Wallander  #3),Henning Mankell/Laurie Thompson,2003
Black Like Us: A Century of Lesbian  Gay  and Bisexual African American Fiction,Devon W. Carbado/Evelyn C. White/Dwight A. McBride/Donald Weise,2002
Dogged Pursuit (Jack and Jamie #5),Lee Charles Kelley,2006
To Collar a Killer (Jack and Jamie #3),Lee Charles Kelley,2004
A Nose for Murder (Jack and Jamie #1),Lee Charles Kelley,2003
Murder Unleashed (Jack and Jamie #2),Lee Charles Kelley,2004
His Princess Devotional: A Royal Encounter With Your King,Sheri Rose Shepherd,2007
How to Be Happy All the Time,Paramahansa Yogananda,2006
Illuminata: A Return to Prayer,Marianne Williamson,1995
Ten Kids  No Pets,Ann M. Martin,1989
Encyclopedia of an Ordinary Life,Amy Krouse Rosenthal,2005
The OK Book,Amy Krouse Rosenthal/Tom Lichtenheld,2007
Grey Eminence,Aldous Huxley,2005
Arms and Armor: A Pictorial Archive from Nineteenth-Century Sources,Carol Belanger Grafton,1995
Bittersweet: Recipes and Tales from a Life in Chocolate,Alice Medrich/Deborah Jones,2003
Chocolate and the Art of Low-Fat Desserts,Alice Medrich,1994
A Year in Chocolate: Four Seasons of Unforgettable Desserts,Alice Medrich,2001
Cocolat: Extraordinary Chocolate Desserts,Alice Medrich/Patricia Brabant,1990
The Bread Baker's Apprentice: Mastering the Art of Extraordinary Bread,Peter Reinhart/Ron Manville,2001
Beach Blanket Bad Boys,Linda Lael Miller/Alison Kent/Lucy Monroe/Jill Shalvis/Susanna Carr/Morgan Leigh,2005
Epileptic,David B.,2005
The Beauty Myth,Naomi Wolf,2002
How to Read Literature Like a Professor,Thomas C. Foster,2014
Reading Like a Writer: A Guide for People Who Love Books and for Those Who Want to Write Them,Francine Prose,2007
After,Francine Prose,2004
Blue Angel,Francine Prose,2006
Household Saints,Francine Prose,2003
The Carl Hiaasen Collection: Lucky You and Sick Puppy,Carl Hiaasen/Edward Asner,2006
He Came to Set the Captives Free,Rebecca  Brown,1992
A Long Way from Chicago (A Long Way from Chicago  #1),Richard Peck,2004
A Long Way from Chicago (Saddleback's Focus on Reading Study Guides),Lisa S.  French,2006
The Dreadful Future of Blossom Culp (Blossom Culp  #3),Richard Peck,2001
A Year Down Yonder (A Long Way from Chicago  #2),Richard Peck,2002
Matilda,Roald Dahl/Quentin Blake,1998
Matilda Bone,Karen Cushman/Trina Schart Hyman,2002
The Full Matilda,David Haynes,2004
Tuscan Countess: The Life and Extraordinary Times of Matilda of Canossa,Michele K. Spike,2004
Hannibal,Theodore Ayrault Dodge/Ian M. Cuthbertson,2005
Hannibal's Children,John Maddox Roberts,2003
Hannibal Crosses the Alps: The Invasion of Italy & the Second Punic War,John Prevas,2001
Hannibal: Enemy Of Rome,Leonard Cottrell,1992
Goodman & Gilman's the Pharmacological Basis of Therapeutics,Laurence L. Brunton/John S. Lazo/Keith  L. Parker,2005
Young Goodman Brown and Other Short Stories,Nathaniel Hawthorne,1992
A Patchwork Planet,Anne Tyler,2001
A Slipping-Down Life,Anne Tyler,2004
"The Hound of the Baskervilles: Another Adventure of Sherlock Holmes  with ""the Adventure of the Speckled Band""",Arthur Conan Doyle/Francis O'Gorman,2006
The Hound of the Baskervilles,Patrick Nobes/Arthur Conan Doyle/Jennifer Bassett/Tricia Hedge,2000
The Alienist (Dr. Laszlo Kreizler  #1),Caleb Carr,2006
My Movie Business,John Irving,2000
A Son of the Circus,Irving John,1994
John Hammond on Record: An Autobiography,John   Hammond/Irving Townsend,1981
Always Remember Me: How One Family Survived World War II,Marisabina Russo,2005
Monkeys,Susan Minot,2000
Evening,Susan Minot,1999
Three Genres: Writing Fiction/Literary Nonfiction  Poetry  and Drama,Stephen Minot,2006
The Tiny One,Eliza Minot,2000
Thunderstruck,Erik Larson,2006
The Naked Consumer: How Our Private Lives Become Public Commodities,Erik  Larson,1994
Artful Paper Dolls: New Ways to Play with a Traditional Form,Terry  Taylor,2006
The Meanest Doll in the World (Doll People  #2),Ann M. Martin/Laura Godwin/Brian Selznick,2005
Sacred Games (Sacred Games),Vikram Chandra,2007
Riding the Bus with My Sister: A True Life Journey,Rachel Simon,2003
Blink: The Power of Thinking Without Thinking,Malcolm Gladwell,2007
Beatrice's Goat,Page McBrier/Lori Lohstoeter/Hillary Rodham Clinton,2004
Leonardo's Swans,Karen Essex,2007
The Notebooks of Leonardo da Vinci,Leonardo da Vinci/Irma A. Richter,1999
Leonardo on Painting: An Anthology of Writings by Leonardo da Vinci; With a Selection of Documents Relating to his Career as an Artist,Leonardo da Vinci/Martin Kemp,2001
Bone In The Throat,Anthony Bourdain,2002
Gone Bamboo,Anthony Bourdain,2002
The Family That Couldn't Sleep: A Medical Mystery,D.T. Max,2007
Dear Genius: The Letters of Ursula Nordstrom,Ursula Nordstrom/Leonard S. Marcus/Maurice Sendak,2000
Dear Genius...: A Memoir of My Life with Truman Capote,Jack Dunphy,1987
Only Revolutions,Mark Z. Danielewski,2006
The Whalestoe Letters,Mark Z. Danielewski,2000
La Maison des feuilles,Mark Z. Danielewski/Christophe Claro,2002
The Thief (The Queen's Thief  #1),Megan Whalen Turner,1998
Instead of Three Wishes,Megan Whalen Turner,2006
The Queen of Attolia (The Queen's Thief  #2),Megan Whalen Turner,2006
The King of Attolia (The Queen's Thief  #3),Megan Whalen Turner,2006
Firebirds: An Anthology of Original Fantasy and Science Fiction,Sharyn November/Lloyd Alexander/Emma Bull/Charles Vess/Michael Cadnum/Kara Dalkey/Nancy Farmer/Nina Kiriki Hoffman/Diana Wynne Jones/Patricia A. McKillip/Garth Nix/Meredith Ann Pierce/Delia Sherman/Sherwood Smith/Nancy Springer/Megan Whalen Turner/Elizabeth Wein/Laurel Winter,2005
Herzog on Herzog,Paul Cronin,2003
Vesco,Arthur Herzog III,2003
Encore Provence: New Adventures in the South of France,Peter Mayle,2000
Confessions of a French Baker: Breadmaking Secrets  Tips  and Recipes,Peter Mayle/Gerard Auzet,2005
A Year in Provence,Peter Mayle,1991
How to Breathe Underwater,Julie Orringer,2005
The Crimson Petal and the White,Michel Faber,2003
Maggie: A Girl of the Streets and Other Short Fiction,Stephen Crane/Jayne Anne Phillips,2006
Maggie: A Girl of the Streets and Other Tales of New York,Stephen Crane/Larzer Ziff/Theo Davis,2001
Kushiel's Scion (Imriel's Trilogy  #1),Jacqueline Carey,2006
Theft: A Love Story,Peter Carey,2006
Kushiel's Justice (Imriel's Trilogy  #2),Jacqueline Carey,2007
Dirty Jokes and Beer: Stories of the Unrefined,Drew Carey,2000
Godslayer (The Sundering  #2),Jacqueline Carey,2006
Angels: Celestial Spirits in Legend & Art,Jacqueline Carey,1997
World Atlas of Great Apes and their Conservation,Julian Caldecott/Lera Miles,2005
The Great Ape Project: Equality Beyond Humanity,Paola Cavalieri/Peter Singer,1994
Walking With the Great Apes: Jane Goodall  Dian Fossey  Birute Galdikas,Sy Montgomery,1991
The Nature of Play: Great Apes and Humans,Anthony D. Pellegrini/Peter K. Smith,2004
Alvin Journeyman (Tales of Alvin Maker  #4),Orson Scott Card,2005
Star Trek Voyager Companion,Paul Ruditis,2003
Dodge Caravan/Plymouth Voyager/Chrysler Town & Country 96-02 (Haynes Manuals),L. Alan LeDoux,2002
Evolution (Star Trek Voyager: String Theory  #3),Heather Jarman,2006
Masterpieces: The Best Science Fiction of the Twentieth Century,Orson Scott Card/Isaac Asimov/William Gibson/Michael Swanwick/Theodore Sturgeon/Larry Niven/Robert Silverberg/Harry Turtledove/James Blish/George R.R. Martin/James Patrick Kelly/Karen Joy Fowler/Arthur C. Clarke/Lloyd Biggle Jr./Terry Bisson/Poul Anderson/John Kessel/R.A. Lafferty/C.J. Cherryh/Lisa Goldstein/Edmond Hamilton/Robert A. Heinlein/Ursula K. Le Guin/Ray Bradbury/Frederik Pohl/Harlan Ellison/George Alec Effinger/Brian W. Aldiss,2004
Earthborn (Homecoming Saga #5),Orson Scott Card,1995
First Meetings: In the Enderverse,Orson Scott Card,2013
Wyrms,Orson Scott Card,2003
The Abyss,Orson Scott Card/James Francis Cameron,1989
Shadow Puppets (Shadow Series  #3),Orson Scott Card,2002
Pastwatch: The Redemption of Christopher Columbus,Orson Scott Card,2016
This Is the Way the World Ends,James K. Morrow,1995
Galapagos: World's End,William Beebe,1988
The Well At The World's End: Volume I,William Morris/Lin Carter,2000
The Well at the World's End: Volume II,William Morris,2000
Lost Boys,Orson Scott Card,1994
The Worthing Saga (Worthing  #1-3),Orson Scott Card,1992
The Rocky Road to Romance (Elsie Hawkins #4),Janet Evanovich,2011
Love Overboard,Janet Evanovich,2005
Back to the Bedroom (Elsie Hawkins #1),Janet Evanovich,2014
More Plums in One (Stephanie Plum  #4-6),Janet Evanovich,2007
Full Blast (Full #4),Janet Evanovich/Charlotte Hughes,2004
Metro Girl (Alex Barnaby  #1),Janet Evanovich,2005
To the Nines (Stephanie Plum  #9),Janet Evanovich,2004
Full Speed (Full  #3),Janet Evanovich/Charlotte Hughes,2003
Love Overboard,Janet Evanovich/C.J. Critt,2005
The Rocky Road to Romance (Elsie Hawkins  #4),Janet Evanovich/C.J. Critt,2004
Two for the Dough (Stephanie Plum  #2),Janet Evanovich,2007
The Full Box (Full  #1-4),Janet Evanovich/Charlotte Hughes,2016
Hard Eight (Stephanie Plum  #8),Janet Evanovich,2003
Hot Six (Stephanie Plum  #6),Janet Evanovich,2001
Metro Girl (Alex Barnaby  #1),Janet Evanovich/C.J. Critt,2006
Martian Time-Slip,Philip K. Dick,1999
The Martians (Mars Trilogy  #3.5),Kim Stanley Robinson,2000
Pirates of Venus (Venus  #1),Edgar Rice Burroughs/Thomas Floyd/F. Paul Wilson/Phillip R. Burger,2001
Swords of Mars (Barsoom  #8),Edgar Rice Burroughs,1979
The Chessmen of Mars (Barsoom #5),Edgar Rice Burroughs/John Bolen,2005
The Warlord of Mars (Barsoom  #3),Edgar Rice Burroughs/John Bolen,2001
Synthetic Men of Mars (Barsoom  #9),Edgar Rice Burroughs,1980
The Master Mind of Mars (Barsoom #6),Edgar Rice Burroughs,1979
A Fighting Man of Mars (Barsoom  #7),Edgar Rice Burroughs,1984
Thuvia  Maid of Mars (Barsoom  #4),Edgar Rice Burroughs,1986
John Carter of Mars (Barsoom #11),Edgar Rice Burroughs,1985
A Princess of Mars (Barsoom  #1),Edgar Rice Burroughs/John Seelye,2007
Escape on Venus (Venus  #4),Edgar Rice Burroughs,1991
Tarzan of the Apes: Tarzan of the Apes/The Son of Tarzan/Tarzan at the Earth's Core/Tarzan Triumphant,Edgar Rice Burroughs/Esteban Maroto/J. Allen St. John/Studley Burroughs,1988
Tarzan of the Apes (Tarzan  #1),Edgar Rice Burroughs,2003
The Five People You Meet in Heaven,Mitch Albom,2005
Murder in the Bastille (Aimee Leduc Investigations  #4),Cara Black,2004
The Thirteenth Tale,Diane Setterfield,2006
Market Forces,Richard K. Morgan,2005
Black Widow: The Things They Say About Her,Richard K. Morgan/Bill Sienkiewicz/Sean Phillips,2006
Black Widow: Homecoming,Richard K. Morgan/Bill Sienkiewicz/Goran Parlov,2005
Ragtime,E.L. Doctorow,1977
Ragtime in Simla (Joe Sandilands  #2),Barbara Cleverly,2006
Thank You for Smoking,Christopher Buckley,2006
The Crossing,Cormac McCarthy,1996
Cities of the Plain (The Border Trilogy  #3),Cormac McCarthy,1999
The Agony and the Ecstasy: A Biographical Novel of Michelangelo,Irving Stone,2004
The Agony and the Ecstasy,Irving Stone,1991
Harvest,Tess Gerritsen,1997
The O. Henry Prize Stories 2003,Laura Furman/David Guterson/Diane Johnson/Jennifer Egan,2003
The Valley of Vision: A Collection of Puritan Prayers and Devotions,Arthur Bennett,1975
Valley Of Silence (Circle Trilogy  #3),Nora Roberts,2006
Revolution in The Valley: The Insanely Great Story of How the Mac Was Made,Andy Hertzfeld/Steve Wozniak,2004
The Valley of Horses (Earth's Children  #2),Jean M. Auel,2002
How Green Was My Valley,Richard Llewellyn,2001
Once A Warrior King: Memories of an Officer in Vietnam,David Donovan,1986
Once a Warrior (Warriors  #1),Karyn Monk,1997
Time and Again (Time  #1),Jack Finney,2012
Time and Again (Time Travel #1-2),Nora Roberts,2006
Time and Again: Time Was / Times Change,Nora Roberts,2001
Meeting Jesus Again for the First Time: The Historical Jesus and the Heart of Contemporary Faith,Marcus J. Borg,2015
Reading the Bible Again for the First Time: Taking the Bible Seriously but Not Literally,Marcus J. Borg,2015
The Complete Idiot's Guide to Business Plans,Gwen Moran,2005
PHP and MySQL Web Development (Developer's Library),Luke Welling/Laura Thomson,2004
Beginning PHP and MySQL 5: From Novice to Professional,W. Jason Gilmore,2005
PHP & MySQL For Dummies,Janet Valade,2006
PHP and MySQL for Dummies,Janet Valade,2004
Graphic Design Now,Charlotte Fiell/Peter Fiell,2005
Michael Moore's Fahrenheit 9/11: How One Film Divided a Nation,Robert Brent Toplin,2006
My Dirty Thirties: Romantic Hedonism,Kelly  Carr,2004
The Life and Opinions of Tristram Shandy  Gentleman,Laurence Sterne/Robert Folkenflik,2004
The United States of Europe: The New Superpower and the End of American Supremacy,T.R. Reid,2005
Europe on a Shoestring,Sarah Johnstone/Aaron Anderson/Sarah  Andrews/Lonely Planet,2007
Europe and the People Without History,Eric R. Wolf,1982
A History of Modern Europe  Volume 2: From the French Revolution to the Present,John M. Merriman,2004
How Europe Underdeveloped Africa,Walter Rodney/Vincent Harding,1981
Europe: A History,Norman Davies,1998
The Basketball Diaries,Jim Carroll,1995
The Basketball Diaries and the Book of Nods,Jim Carroll,1987
The 10 Commandments of Parenting: The Do's and Don'ts for Raising Great Kids,Ed  Young,2005
Unsung Heroes Of Rock 'n' Roll: The Birth Of Rock In The Wild Years Before Elvis,Nick Tosches,1999
In the Hand of Dante,Nick Tosches,2003
Ray Bradbury's Fahrenheit 451,Harold Bloom,2001
Schott's Original Miscellany,Ben Schott/Collin Deckerman,2003
Mind Over Money: How to Match Your Emotional Style to a Winning Financial Strategy,John W. Schott/Jean S. Arbeiter,1998
Blowback (Scot Harvath  #4),Brad Thor,2006
The Sorrows of Empire: Militarism  Secrecy  and the End of the Republic,Chalmers Johnson/Shara Kay,2005
Voyage of the Turtle: In Pursuit of the Earth's Last Dinosaur,Carl Safina,2006
Thirteen Moons on Turtle's Back,Joseph Bruchac/Jonathan London/Thomas Locker,1997
One Tiny Turtle,Nicola Davies/Jane Chapman,2005
Turtle Island,Gary Snyder/Michael Corr,1974
Turtles  Termites  and Traffic Jams: Explorations in Massively Parallel Microworlds,Mitchel Resnick,1997
Turtle Moon,Alice Hoffman,2002
Aquatic Turtles: Sliders  Cooters  Painted  and Map Turtles,Richard D. Bartlett/Patricia P. Bartlett,2003
Turtles & Tortoises for Dummies,Liz Palika,2001
The Turtle and the Monkey,Paul Galdone/Joanna Galdone,1990
Turtle Diary,Russell Hoban,2000
Lessons from Turtle Island: Native Curriculum in Early Childhood Classrooms,Guy W. Jones/Sally Moomaw,2002
Inside Himalaya,Basil Pao/Michael Palin,2005
Youth in Revolt: The Journals of Nick Twisp : Volumes I  II  III/Youth in Revolt/Youth in Bondage/Youth in Exile,C.D. Payne,1993
The Demon Princes  Volume One: The Star King  The Killing Machine  The Palace of Love,Jack Vance,1997
Lurulu,Jack Vance,2007
Lyonesse: Suldrun's Garden (Lyonesse  #1),Jack Vance,1983
Jack Vance: Critical Appreciations and a Bibliography,A.E. Cunningham/Harlan Ellison/Charles F. Miller/Terry Dowling/Paul Rhoads/Jack Vance/Tom Shippey/Gene Wolfe/David Langford/Dan Simmons/David Mathew,2000
Galactic Effectuator,Jack Vance,1981
The SFWA Grand Masters 3,Frederik Pohl/Lester del Rey/Damon Knight/A.E. van Vogt/Jack Vance,2001
The Languages of Pao,Jack Vance,2004
The Last Castle,Jack Vance,1986
Madouc (Lyonesse  #3),Jack Vance,1991
Ports of Call,Jack Vance,1999
The Demon Princes  Volume Two: The Face  The Book of Dreams,Jack Vance,1997
The Green Pearl (Lyonesse  #2),Jack Vance,1987
The Last Castle/Nightwings (Tor Double Novel #15),Jack Vance/Robert Silverberg,1989
The Many Worlds of Magnus Ridolph,Jack Vance,1980
Big Dead Place: Inside the Strange and Menacing World of Antarctica,Nicholas Johnson/Eirik Sonneland,2005
Best Science Fiction Stories of Clifford D. Simak,Clifford D. Simak,1972
Theodore Rex,Edmund Morris,2002
Oedipus Tyrannus,Sophocles/Theodore F. Brunner/Luci Berkowitz,1970
The Rise of Theodore Roosevelt,Edmund Morris,2001
The Scientists: A History of Science Told Through the Lives of Its Greatest Inventors,John Gribbin,2004
A History of the Life Sciences,Lois N. Magner/Magner,2002
The Art of Innovation: Lessons in Creativity from IDEO  America's Leading Design Firm,Tom Kelley/Jonathan Littman/Tom Peters,2001
Absolute Trust in the Goodness of the Earth: New Poems,Alice Walker,2004
I Sold My Soul on Ebay: Viewing Faith Through an Atheist's Eyes,Hemant Mehta/Rob Bell,2007
Shadow & Claw (The Book of the New Sun #1-2),Gene Wolfe,1994
Sword & Citadel (The Book of the New Sun #3-4),Gene Wolfe,1994
The Wizard (The Wizard Knight #2),Gene Wolfe,2006
Soldier of Sidon (Latro #3),Gene Wolfe,2006
The Right Stuff,Tom Wolfe,2005
Wild Fire (The Hot Zone  #3),Debra Cowan,2006
The Best American Mystery Stories 2004,Nelson DeMille/Otto Penzler,2004
Day and Night,Better Homes and Gardens,1989
Romanticism,Hugh Honour,1979
No Cherubs for Melanie,James  Hawkins,2002
The Fish Kisser,James  Hawkins,2001
Street of the Five Moons (Vicky Bliss  #2),Elizabeth Peters,2000
Stand on Zanzibar,John Brunner,1999
The Shockwave Rider,John Brunner,1995
Study Guide to Accompany Brunner and Suddarth's Textbook of Medical-Surgical Nursing,Suzanne C. O'Connell Smeltzer/Brenda G. Bare/Mary Jo Boyer,1999
Natural Theology: Comprising Nature & Grace by Professor Dr Emil Brunner & the Reply No! by Dr Karl Barth,Karl Barth/Emil Brunner/Peter Fraenkel,2002
Children of the Thunder / The Tides of Time / The Crucible of Time,John Brunner,1995
The Sheep Look Up,John Brunner/James John Bell/David Brin,2003
Entry to Elsewhen,John Brunner,1975
The Crucible of Time,John Brunner,1984
Polymath (Zarathustra Refugee Planets  #2),John Brunner,1982
Total Eclipse,John Brunner,1984
Manshape,John Brunner,1982
Modern Classics of Science Fiction,Gardner Dozois/Damon Knight/R.A. Lafferty/Samuel R. Delany/Brian W. Aldiss/Gene Wolfe/Joanna Russ/James Tiptree Jr./Ursula K. Le Guin/Edward Bryant/Howard Waldrop/Jack Dann/L. Sprague de Camp/Lucius Shepard/Pat Cadigan/John Kessel/William Gibson/Connie Willis/Michael Swanwick/Bruce Sterling/Theodore Sturgeon/Richard McKenna/Cordwainer Smith/Jack Vance/Edgar Pangborn/Keith Roberts/Roger Zelazny,1993
The Mammoth Book of Golden Age Science Fiction: Ten Classic Stories from the Birth of Modern Science Fiction Writing,Isaac Asimov/Charles G. Waugh,2007
Unearthly Neighbors,Chad Oliver,1984
The Shores of Another Sea (Classics of Modern Science Fiction 3),Chad Oliver/George Zebrowski/Isaac Asimov,1984
Men  Martians and Machines,Eric Frank Russell/George Zebrowski/Isaac Asimov,1984
World of Wonders (The Deptford Trilogy  #3),Robertson Davies/Wayne Johnston,2006
Wonder of the World,David Lindsay-Abaire,2003
Worlds of Wonder: How to Write Science Fiction & Fantasy,David Gerrold,2004
Walking the World in Wonder: A Children's Herbal,Ellen Evert Hopman/Steven Foster,2000
Worlds of Wonder,Terry Pastor/Damon Knight/Philip K. Dick/C.M. Kornbluth/Bob Shaw/Frederik Pohl/Alfred Bester/C.L. Moore/Henry Kuttner/Robert Sheckley/James Blish/Cordwainer Smith/Brian W. Aldiss/Jack Vance,1988
Sixty Days and Counting (Science in the Capital  #3),Kim Stanley Robinson,2007
Fifty Degrees Below (Science in the Capital  #2),Kim Stanley Robinson,2007
The Gold Coast (Three Californias Triptych  #2),Kim Stanley Robinson,1995
Antarctica,Kim Stanley Robinson,1999
The Wild Shore (Three Californias Triptych  #1),Kim Stanley Robinson,1995
Forty Signs of Rain (Science in the Capital #1),Kim Stanley Robinson,2005
Pacific Edge (Three Californias Triptych  #3),Kim Stanley Robinson,1995
The Memory of Whiteness: A Scientific Romance,Kim Stanley Robinson,1996
Secret Identity (Lost  #2),Catherine Hapka,2006
Miracleman  Book Three: Olympus,Alan Moore/John Totleben/Steve Oliff/Joe Caramagna/Michael Kelleher/Peter Milligan/Mike Allred,2015
A Thousand Acres,Jane Smiley,2003
Mother's Milk,Edward St. Aubyn,2006
From a Limestone Ledge: Some Essays and Other Ruminations about Country Life in Texas,John Graves/Glenn Wolff/Bill Wittliff,2004
Possession,A.S. Byatt,1991
The Best American Nonrequired Reading 2004,Dave Eggers/Viggo Mortensen,2004
The Culture of Fear: Why Americans Are Afraid of the Wrong Things,Barry Glassner,2000
Culture of Fear Revisited,Frank Furedi,2006
GraceLand,Chris Abani,2005
Raised on Rock: Growing Up at Graceland,David Stanley/Mark Bego,1931
The White Widow,Jim Lehrer,2000
The Franklin Affair,Jim Lehrer,2006
Short List (One-Eyed Mack  #5),Jim Lehrer,1992
Fine Lines (One-Eyed Mack  #6),Jim Lehrer,1995
Kick the Can (One-Eyed Mack  #1),Jim Lehrer,1997
Strangers from a Different Shore: A History of Asian Americans,Ronald Takaki,1998
La chute,Albert Camus,1999
Syrup,Max Barry,2000
Maple Syrup Cookbook: Over 100 Recipes For Breakfast  Lunch & Dinner,Ken Haedrich,2001
The Red Tent,Anita Diamant,2007
Metaconcert (Intervention  #2),Julian May,1989
Surveillance (Intervention  #1),Julian May,1988
The Adversary (Saga of Pliocene Exile  #4),Julian May,1987
Magnificat (Galactic Milieu Trilogy  #3),Julian May,2011
The Sagittarius Whorl (Rampart Worlds #3),Julian May,2001
Maison Ikkoku  Volume 7 (Maison Ikkoku  #7),Rumiko Takahashi,2004
Maison Ikkoku  Volume 8 (Maison Ikkoku  #8),Rumiko Takahashi,2004
The Echo Maker,Richard Powers,2007
Afterglow: A Last Conversation With Pauline Kael,Francis Davis/Pauline Kael,2003
For Keeps: 30 Years at the Movies,Pauline Kael,1996
Hooked: Film Writings 1985-1988,Pauline Kael,1990
Flirting With Danger (Samantha Jellicoe  #1),Suzanne Enoch,2005
Flirting with Danger,Linda Turner,1989
Flirting With Danger,Kate Walker,1996
As Nature Made Him: The Boy Who Was Raised as a Girl,John Colapinto,2001
The Serial Killers Club,Jeff Povey,2006
The Savage Wars Of Peace: Soldiers' Voices 1945-1989,Charles Allen,1990
Dark Water (Fog Point  #1),Linda Hall,2006
The Outlaws of Sherwood,Robin McKinley,2005
Beauty: A Retelling of the Story of Beauty and the Beast,Robin McKinley,1993
Spindle's End,Robin McKinley,2003
Imaginary Lands,Robin McKinley/James P. Blaylock/Patricia A. McKillip/Robert Westall/Peter Dickinson/Jane Yolen/P.C. Hodgell/Michael de Larrabetti/Joan D. Vinge,1987
Beauty,Robin McKinley,1983
The Hero and the Crown (Damar  #2),Robin McKinley,1985
Hitty  Her First Hundred Years,Rachel Field/Dorothy P. Lathrop,1998
Rachel Field's Hitty: Her First Hundred Years,Rosemary Wells/Susan Jeffers/Rachel Field,1999
Voting Rights Days (Hitty's Travels  #3),Ellen Weiss/Betina Ogden,2002
A Christmas Carol (Great Illustrated Classics),Malvina G. Vogel/Charles Dickens,2005
A Green Desire,Anton Myrer/Alastair Westgarth,2001
The Big War,Anton Myrer,2001
I Heard That Song Before,Mary Higgins Clark,2007
Santa Cruise: A Holiday Mystery at Sea,Mary Higgins Clark/Carol Higgins Clark,2006
No Place Like Home,Mary Higgins Clark,2006
Ghost Ship: A Cape Cod Story,Mary Higgins Clark/Wendell Minor,2007
Deck the Halls,Mary Higgins Clark/Carol Higgins Clark,2001
On the Street Where You Live,Mary Higgins Clark/Karin Dufner,2002
Silent Night: The Remarkable Christmas Truce of 1914,Stanley Weintraub,2001
Nighttime Is My Time,Mary Higgins Clark,2004
Watchfiends and Rack Screams: Works from the Final Period,Antonin Artaud/Bernard Bador/Clayton Eshleman,2004
Inside My Heart: Choosing to Live with Passion and Purpose,Robin McGraw,2006
Lord John and the Brotherhood of the Blade  (Lord John Grey  #2),Diana Gabaldon,2007
How to Stop Worrying and Start Living,Dale Carnegie,1990
Andrew Carnegie and the Rise of Big Business (Library of American Biography Series),Harold C. Livesay,2006
How to Develop Self-Confidence and Influence People by Public Speaking,Dale Carnegie,1990
The Autobiography of Andrew Carnegie and the Gospel of Wealth,Andrew Carnegie/Gordon Hutner,2006
A Fan's Notes,Frederick Exley/Jonathan Yardley,1997
My Soul to Keep (African Immortals  #1),Tananarive Due,1998
Joplin's Ghost,Tananarive Due,2006
The Living Blood (African Immortals  #2),Tananarive Due,2002
The Good House,Tananarive Due,2006
The Prestige,Christopher Priest,2006
The Mammoth Book of Storms  Shipwrecks and Sea Disasters,Richard Russell Lawrence,2004
The Stones of Summer,Dow Mossman,2004
The Summer House,Jean Stone,2000
Peek-a-Boo! (Babyfaces),Roberta Grobel Intrater,1997
The Handmaid's Tale,Margaret Atwood,2006
The BFG: A Set of Plays,Roald Dahl/David Wood,2007
Science Notebooks: Writing about Inquiry,Lori Fulton/Brian Campbell/Linda Gregg,2003
Interviews with John Kenneth Galbraith (Conversations with Public Intellectuals),John Kenneth Galbraith/James Ronald Stanfield/J. Ron Stanfield/Jacqueline Bloom Stanfield,2004
The Economics of Innocent Fraud: Truth for Our Time,John Kenneth Galbraith,2004
Robin Williams Web Design Workshop,Robin P. Williams/John Tollett/Dave Rohr,2001
The Non-Designer's Web Book,Robin P. Williams/John Tollett,2005
Hard Drive: Bill Gates and the Making of the Microsoft Empire,James Wallace/Jim  Erickson,1993
Bill Gates: Computer Legend (Famous Lives),Sara Barton-Wood,2001
Chicken Trek,Stephen Manes,1989
Make Four Million Dollars by Next Thursday!,Stephen Manes/George Ulrich,1996
Slim Down Camp,Stephen Manes,1986
The Boy Who Turned Into a TV Set,Stephen Manes/Michael  Bass,1984
Masters of Enterprise: Giants of American Business from John Jacob Astor and J.P. Morgan to Bill Gates and Oprah Winfrey,H.W. Brands,1999
The Devil in the Junior League,Linda Francis Lee,2006
Prom Anonymous,Blake Nelson,2007
The New Rules of High School,Blake Nelson,2004
Cool Girl,Blake Nelson/Hans Schumacher,2000
They Came from Below,Blake Nelson,2007
User,Blake Nelson,2003
Exile,Blake Nelson/Francine Kass,1997
Girl (Girl  #1),Blake Nelson,1994
My Side of the Mountain (Mountain  #1),Jean Craighead George,2004
The Theban Plays: Oedipus Rex  Oedipus at Colonus & Antigone,Sophocles/George      Young,2006
The Jungle,Upton Sinclair/Earl Lee/Kathleen DeGrave,2003
The Jungle Books,Rudyard Kipling/Alev Lytle Croutier,2005
Human Croquet,Kate Atkinson,1999
Paper Money,Ken Follett,1996
Skeleton Coast (Oregon Files  #4),Clive Cussler/Jack Du Brul,2006
Dragon (Dirk Pitt  #10),Clive Cussler,2006
Dark Watch (Oregon Files  #3),Clive Cussler/Jack Du Brul,2005
Black Wind (Dirk Pitt  #18),Clive Cussler/Dirk Cussler,2006
Cyclops (Dirk Pitt  #8),Clive Cussler,1986
Deep Six (Dirk Pitt  #7),Clive Cussler,2006
Polar Shift (NUMA Files  #6),Clive Cussler/Paul Kemprecos,2005
Vixen 03 (Dirk Pitt  #5),Clive Cussler,2006
The Mediterranean Caper (Dirk Pitt  #2),Clive Cussler,2004
The Navigator (NUMA Files  #7),Clive Cussler/Paul Kemprecos,2007
Golden Buddha (Oregon Files  #1),Clive Cussler/Craig Dirgo,2005
Shock Wave (Dirk Pitt  #13),Clive Cussler,1996
Raise the Titanic! (Dirk Pitt  #4),Clive Cussler,2004
Atlantis Found (Dirk Pitt  #15),Clive Cussler,2004
Muerte Blanca,Clive Cussler/Paul Kemprecos,2005
Iceberg (Dirk Pitt  #3),Clive Cussler,2004
Fire Ice (NUMA Files  #3),Clive Cussler/Paul Kemprecos,2002
Lost City (NUMA Files  #5),Clive Cussler/Paul Kemprecos,2005
The Sea Hunters II (The Sea Hunters  #2),Clive Cussler/Craig Dirgo,2003
The Sea Hunters (The Sea Hunters #1),Clive Cussler/Craig Dirgo,2003
La Ciudad Perdida (NUMA Files  #5),Clive Cussler/Paul Kemprecos,2006
Sahara (Dirk Pitt  #11),Clive Cussler,2005
Clive Cussler and Dirk Pitt Revealed,Clive Cussler/Craig Dirgo,1998
Cliffs Notes on Billy Budd & Typee,Mary Ellen Snodgrass,2003
Billy Budd  Sailor,Herman Melville,1995
Billy Budd  Sailor,Herman Melville,1999
Billy Budd  Sailor and Other Uncompleted Writings: The Writings of Herman Melville  Volume 13,Herman Melville/Hershel Parker/G. Thomas Tanselle/Harrison Hayford/Robert Sandberg/Alma MacDougall Reising,2017
Billy Budd  marin,Herman Melville,1987
The Elections of 2004,Michael Nelson,2005
Love Sick: A Smoldering Look at Love  Lust  and Marriage,Michael J. Nelson/Charles S. Anderson Design Company/Pop Ink,2005
Goth-Icky: A Macabre Menagerie of Morbid Monstrosities,Michael J. Nelson/Charles S. Anderson Design Company/Pop Ink,2005
Fluffy Humpy Poopy Puppy: A Ruff  Dog-Eared Look at Man's Best Friend,Michael J. Nelson/Pop Ink/Charles S. Anderson Design Company,2006
Mike Nelson's Death Rat!,Michael J. Nelson,2003
Joel on Software,Joel Spolsky,2004
Hackers & Painters: Big Ideas from the Computer Age,Paul Graham/Allen Noren/Matt Hutchinson,2004
I  Robot (Robot  #0.1),Isaac Asimov,2004
I  Robot: The Illustrated Screenplay,Harlan Ellison,2004
The Robots of Dawn (Robot #3),Isaac Asimov,1994
I. Asimov,Isaac Asimov,1995
Asimov's New Guide to Science,Isaac Asimov,1993
Pebble in the Sky (Galactic Empire #3),Isaac Asimov,1991
The Gods Themselves,Isaac Asimov,2000
The Stars  Like Dust (Galactic Empire  #1),Isaac Asimov,1991
The Currents of Space (Galactic Empire  #2),Isaac Asimov,1952
Gold: The Final Science Fiction Collection,Isaac Asimov/Orson Scott Card,2003
Asimov's Guide to the Bible: The Old Testament,Isaac Asimov,1971
100 Great Fantasy Short Short Stories,Isaac Asimov/Terry Carr/Martin H. Greenberg/Janet  Fox,1985
Rock Star Superstar,Blake Nelson,2006
Writings and Selected Narratives of the Exploration and Settlement of Virginia,John  Smith,2007
John  Paul  George & Ben,Lane Smith,2006
Evolution and the Theory of Games,John Maynard Smith,1982
American Genesis: Captain John Smith and the Founding of Virginia,Alden T. Vaughan,2019
Twilight (Twilight  #1),Stephenie Meyer,2006
Sense and Sensibility,Jane Austen,2004
Uncle Shelby's ABZ Book,Shel Silverstein,1985
Who Wants a Cheap Rhinoceros?,Shel Silverstein,2002
Fantastic Beasts and Where to Find Them (Hogwarts Library),Newt Scamander/J.K. Rowling,2001
J.K. Rowling - A Biography,Sean Smith,2003
Das Zauberer-Handbuch - Die Magische Welt der Joanne K. Rowling von A bis Z,Allan Zola Kronzek,2001
Harry Potter und die Kammer des Schreckens (Harry Potter  #2),J.K. Rowling,2000
Harry Potter und der Gefangene von Askaban (Harry Potter  #3),J.K. Rowling/Rufus Beck,2002
Harry Potter und der Gefangene von Askaban (Harry Potter  #3),J.K. Rowling,2001
There are No Children Here: The Story of Two Boys Growing Up in the Other America,Alex Kotlowitz,1992
Infants  Children  and Adolescents (MyDevelopmentLab Series),Laura E. Berk,2004
Spring Music,Elvi Rhodes,1999
Scarlet Feather,Maeve Binchy,2002
The Lilac Bus,Maeve Binchy,2007
Light a Penny Candle,Maeve Binchy,2006
Evening Class,Maeve Binchy,2005
Les Saveurs de la vie,Maeve Binchy,2003
Kiss,Jill Mansell,2000
Solo,Jill Mansell,2002
Two's Company,Jill Mansell,2003
Open House,Jill Mansell,2003
The Dream Kingdom (The Morland Dynasty  #26),Cynthia Harrod-Eagles,2004
Falling for You,Jill Mansell,2004
Millie's Fling,Jill Mansell,2001
Sheer Mischief,Jill Mansell,2001
Head Over Heels,Jill Mansell,1999
Mixed Doubles,Jill Mansell,1998
Seven Sunny Days,Chris Manby,2005
Girl Meets Ape,Chris Manby,2004
Girls' Night In,Jessica Adams/Chris Manby/Fiona Walker,2000
Tales from Shakespeare,Charles Lamb/Mary Lamb/Arthur Rackham,2007
Shakespeare's Sonnets,William Shakespeare/Katherine Duncan-Jones,1997
Love Poems and Sonnets,William Shakespeare,1957
Shakespeare A to Z: The Essential Reference to His Plays  His Poems  His Life and Times  and More,Charles Boyce/David Allen White,1991
The Sonnets,William Shakespeare/Stephen Orgel/John Hollander,2001
Shakespeare's Secret,Elise Broach,2005
The Complete Sonnets and Poems,William Shakespeare/Colin Burrow,2002
The Arden Shakespeare Complete Works,William Shakespeare/Richard Proudfoot/Ann Thompson/David Scott Kastan/Harold Jenkins,2001
Reduced Shakespeare: The Attention-impaired Readers Guide to the World's Best Playwright,Reed Martin/Austin Tichenor,2006
The Cat Who Knew Shakespeare (Cat Who...  #7),Lilian Jackson Braun,1996
The Shakespeare Stealer (Shakespeare Stealer  #1),Gary L. Blackwood,2000
Richard III,William Shakespeare/Barbara A. Mowat/Paul Werstine,2004
King Henry VI  Part 3,William Shakespeare/John D. Cox/Eric Rasmussen,2001
The Age Of Shakespeare,Frank Kermode,2005
Ukraine,Sarah Johnstone,2005
Jimi Hendrix: The Complete Guide to His Music  (Complete Guide to the Music of...),Peter Doggett,2004
Outside the Dog Museum (Answered Prayers  #4),Jonathan Carroll,2005
Glass Soup  (Vincent Ettrich  #2),Jonathan Carroll,2006
The Land of Laughs,Jonathan Carroll,2001
Sleeping in Flame (Answered Prayers  #2),Jonathan Carroll/Dave McKean,2004
Bones of the Moon (Answered Prayers  #1),Jonathan Carroll,2002
Kissing the Beehive (Crane's View  #1),Jonathan Carroll,2000
Baby Proof,Emily Giffin,2006
Something Blue (Darcy & Rachel  #2),Emily Giffin,2006
Something Borrowed (Darcy & Rachel  #1),Emily Giffin,2004
P.S. Longer Letter Later (Elizabeth and Tara*Starr  #1),Paula Danziger/Ann M. Martin,1999
P.S. Your Cat Is Dead,James Kirkwood Jr.,2003
P.S. I Love You Three!,Lynda Milligan/Nancy J. Smith,2002
The Christmas Shoes (Christmas Hope #1),Donna VanLiere,2001
Burning The Map,Laura Caldwell,2002
iMovie 4 & iDVD: The Missing Manual: The Missing Manual,David Pogue,2004
The Icarus Agenda,Robert Ludlum,2004
Stylepedia: A Guide to Graphic Design Mannerisms  Quirks  and Conceits,Steven Heller/Louise Fili,2006
I Can Fly,Ruth Krauss/Mary Blair,2003
A Whole Lotta Love,Donna Hill/Francis Ray/Brenda Jackson/Monica Jackson,2004
The Best of Pippi Longstocking (Pippi Longstocking  #1-3),Astrid Lindgren/Tony Ross,2003
Astrid Lindgren: Storyteller to the World,Johanna Hurwitz/Michael Dooling,1991
Astrid Lindgren,Eva-Maria Metcalf,1994
The Moffats (The Moffats  #1),Eleanor Estes/Louis Slobodkin,2001
Arthur and the Lost Kingdoms,Alistair Moffat,1999
God's Generals Why They Succeeded and Why Some Fail,Roberts Liardon,2000
The Alley (The Alley  #1),Eleanor Estes/Edward Ardizzone,2003
Pinky Pye (The Pyes  #2),Eleanor Estes/Edward Ardizzone,2000
The Witch Family,Eleanor Estes/Edward Ardizzone,2000
The Hundred Dresses,Eleanor Estes/Louis Slobodkin,2004
Theater Shoes,Noel Streatfeild/Diane Goode,1999
Gemma Alone (Gemma  #3),Noel Streatfeild,1987
When the Siren Wailed,Noel Streatfeild/Judith Gwyn Brown,1977
The Caine Mutiny Court-Martial,Herman Wouk,1954
Band of Brothers: E Company  506th Regiment  101st Airborne from Normandy to Hitler's Eagle's Nest,Stephen E. Ambrose,2002
Midnight Riders: The Story of the Allman Brothers Band,Scott  Freeman,1996
Babar's World Tour,Laurent de Brunhoff,2005
The Easter Rabbit's Parade,Lois Lenski,2004
The Little Fire Engine,Lois Lenski,2000
Right Stuff  Wrong Sex: America's First Women in Space Program,Margaret A. Weitekamp,2005
The Right Stuff (To Protect and Defend #3),Merline Lovelace,2004
For Whom the Bell Tolls,Ernest Hemingway,1940
Cliffs Notes on Hemingway's The Sun Also Rises,Gary K. Carey,1964
Dune (Dune #1),Frank Herbert/Domingo Santos,2003
God Emperor of Dune (Dune Chronicles #4),Frank Herbert,2003
Sandworms of Dune (Dune Chronicles #8),Brian Herbert/Kevin J. Anderson,2007
In Harm's Way: The Sinking of the USS Indianapolis and the Extraordinary Story of Its Survivors,Doug Stanton,2003
Harm's Way,Elizabeth Stewart,2005
Harm's Way: Lust & Madness & Murder & Mayhem,Joel-Peter Witkin/Stanley B. Burns,1994
I Like Winter (Seasons  #3),Lois Lenski/Heidi Kilgras,2000
Strawberry Girl,Lois Lenski,2005
Betsy-Tacy and Tib (Betsy-Tacy  #2),Maud Hart Lovelace/Lois Lenski,1994
After Collapse: The Regeneration of Complex Societies,Glenn M. Schwartz,2006
Seize The Fire,Elda Minger,1985
We Were Soldiers Once... and Young: Ia Drang - The Battle that Changed the War in Vietnam,Harold G. Moore/Joseph L. Galloway,2004
We Were Soldiers Once ... and Young (Ia Drang - the Battle That Changed the War in Vietnam),Harold G. Moore/Joseph L. Galloway,2002
We were Soldiers Once... and young,Harold G. Moore/Joseph L. Galloway,2002
Eisenhower: Soldier and President,Stephen E. Ambrose,1991
Dwight D. Eisenhower (The American Presidents  #34),Tom Wicker/Arthur M. Schlesinger Jr.,2002
Crusade in Europe,Dwight D. Eisenhower,1997
Total Cold War: Eisenhower's Secret Propaganda Battle at Home and Abroad,Kenneth Osgood,2006
So Far from God: The U.S. War With Mexico  1846-1848,John S.D. Eisenhower,2000
Yanks: The Epic Story of the American Army in World War I,John S.D. Eisenhower/Joanne Thompson Eisenhower,2002
Eisenhower  Volume #2: The President,Stephen E. Ambrose,1985
The Autobiography of Martin Luther King  Jr.,Martin Luther King Jr./Clayborne Carson,2001
Bull Halsey,E.B. Potter,2003
The Water Babies,Charles Kingsley/W. Heath Robinson,1994
Water  Water Everywhere: A Splash & Giggle Bath Book (Baby Einstein),Julie Aigner-Clark/Nadeem Zaidi,2003
Shoot the Piano Player,David Goodis,1990
CliffsNotes on Shakespeare's Twelfth Night,James Lamar Roberts/CliffsNotes/William Shakespeare,1960
Twelfth Night: Or What You Will,William Shakespeare/Elizabeth Story Donno/Penny Gay,2004
How to Spell Like a Champ,Barrie Trinkle/Paige Kimble/Carolyn  Andrews,2006
Black Like Me,John Howard Griffin,2003
Men Are Like Waffles  Women Are Like Spaghetti,Bill Farrel/Pam Farrel,2001
As You Like It,William Shakespeare/Arkangel Cast/Victoria Hamilton/Niamh Cusack/Stephen Mangan,2005
As You Like It,William Shakespeare,2011
As You Like It,William Shakespeare/Juliet Dusinberre,2006
As You Like It (No Fear Shakespeare),William Shakespeare/SparkNotes/John Crowther,2004
War of the Rats,David L. Robbins,2000
Nimitz Class (Admiral Arnold Morgan  #1),Patrick Robinson,2004
Nimitz Class (Admiral Arnold Morgan  #1),Patrick Robinson,1998
Having a Mary Heart in a Martha World: Finding Intimacy with God in the Busyness of Life,Joanna Weaver,2000
Thirst,Mary Oliver,2006
The Gilded Web (Web  #1),Mary Balogh,2006
Resurrection,Leo Tolstoy/Louise Maude/Aylmer Maude,2000
Cold Mountain,Charles Frazier,1997
Red Road From Stalingrad: Recollections of a Soviet Infantryman,Mansur Abdulin/Artem Drabkin,2005
The Fall of Berlin 1945,Antony Beevor,2003
Paris: After the Liberation 1944-1949,Antony Beevor/Artemis Cooper,2004
Demon Angel (The Guardians  #1),Meljean Brook,2008
Mariel Hemingway's Healthy Living from the Inside Out: Every Woman's Guide to Real Beauty  Renewed Energy  and a Radiant Life,Mariel Hemingway,2006
Hemingway vs. Fitzgerald,Scott Donaldson,2001
The Haj,Leon Uris,1985
Mila 18,Leon Uris,1983
A God in Ruins,Leon Uris,2000
Battle Cry,Leon Uris,2005
The Angry Hills,Leon Uris,1984
Exodus,Leon Uris,1986
Oh  Play That Thing,Roddy Doyle,2005
The Van (The Barrytown Trilogy  #3),Roddy Doyle,1997
Fish & Chips (The Barrytown Trilogie  #3),Roddy Doyle/Renate Orth-Guttmann,2002
The Giggler Treatment,Roddy Doyle/Brian Ajhar,2001
A Star Called Henry,Roddy Doyle,2000
The Van,Roddy Doyle,1991
Rover rettet Weihnachten.,Roddy Doyle/Brian Ajhar,2002
The Snapper,Roddy Doyle,2002
Yeats Is Dead,Roddy Doyle/Frank McCourt/Conor McPherson/Gene Kerrigan/Gina Moxley/Marian Keyes/Pauline McLynn/Tom Humphries/Joseph O'Connor/Anthony Cronin/Owen O'Neill/Hugo Hamilton/Charlie O'Neill/Gerard Stembridge/Donal O'Kelly,2002
The Fantastic Vampire: Studies in the Children of the Night: Selected Essays from the Eighteenth International Conference on the Fantastic in the Arts,James Craig Holte,2002
A Dracula Handbook,Elizabeth Russell Miller,2005
Real Estate Loopholes: Secrets of Successful Real Estate Investing,Diane  Kennedy/Garrett Sutton/Robert T. Kiyosaki,2003
Hope is the Thing with Feathers: A Personal Chronicle of Vanished Birds,Christopher Cokinos,2001
Goodbye Forever (Sweet Dreams  #72),Barbara Conklin,1984
Winter Dreams (Sweet Dreams  #141),Barbara Conklin,1988
First  Last and Always (Sweet Dreams  #96),Barbara Conklin,1985
P.S. I Love You (Sealed with a Kiss #4),Valerie Parv,1995
PS I Love You Baby Collection,Lynda Milligan/Nancy J. Smith,1990
Tales from Margaritaville,Jimmy Buffett,1989
A Pirate Looks at Fifty,Jimmy Buffett/Leona Nevler,1999
The Parrot-Head Companion: An Insider's Guide to Jimmy Buffett,Thomas Ryan,1998
The Dog Who Loved Too Much: Tales  Treatments and the Psychology of Dogs,Nicholas Dodman,1997
Barack Obama: Working to Make a Difference,Marlene Targ Brill/Lerner Publishing Group,2006
Great Speeches by African Americans: Frederick Douglass  Sojourner Truth  Dr. Martin Luther King  Jr.  Barack Obama  and Others,James Daley/Barack Obama/Martin Luther King Jr.,2006
The Heart of a Leader,Kenneth H. Blanchard,1999
Mission Possible,Kenneth H. Blanchard,1999
Lead Like Jesus: Lessons from the Greatest Leadership Role Model of All Time,Kenneth H. Blanchard/Phil Hodges,2007
The Little Book of Coaching: Motivating People to Be Winners,Kenneth H. Blanchard/Don Shula,2001
Full Steam Ahead!: Unleash the Power of Vision in Your Work and Your Life,Kenneth H. Blanchard/Jesse Stoner,2004
The Servant Leader,Kenneth H. Blanchard,2003
Down Under,Bill Bryson,2001
A Walk in the Woods: Rediscovering America on the Appalachian Trail,Bill Bryson,1998
Bizarre World,Bill  Bryson/Kathryn Lamb,2001
The Life and Times of the Thunderbolt Kid: A Memoir,Bill Bryson,2007
Bill Bryson: The Complete Notes,Bill Bryson,2000
Motel Blues,Bill Bryson/David B. Ellis,2003
Journeys in English,Bill Bryson,2004
Lover Revealed (Black Dagger Brotherhood  #4),J.R. Ward,2007
Dark Lover (Black Dagger Brotherhood  #1),J.R. Ward,2005
Lover Awakened (Black Dagger Brotherhood  #3),J.R. Ward,2006
All Things Wise and Wonderful,James Herriot,2004
CliffsNotes on Remarque's All Quiet on the Western Front,Susan Van Kirk/CliffsNotes/Erich Maria Remarque,2000
All Quiet on the Western Front,Erich Maria Remarque,1987
The Nightingale's Song,Kathleen Eschenburg,2001
Nightingale's Song,Kate Pennington,2006
Gai-Jin (Asian Saga  #3),James Clavell,1994
Whirlwind (Asian Saga  #6),James Clavell,1999
Tai-Pan (Asian Saga  #2),James Clavell,2009
Escape: The Love Story from Whirlwind,James Clavell,1999
Alaska,James A. Michener,2002
The Drifters,James A. Michener,1986
Sayonara,James A. Michener,1983
The Bridge at Andau,James A. Michener,1985
Caribbean,James A. Michener,2005
War and Remembrance (The Henry Family  #2),Herman Wouk,2002
Don't Stop the Carnival,Herman Wouk,1992
The Hope (The Hope and the Glory  #1),Herman Wouk,2002
Youngblood Hawke,Herman Wouk,1992
Aurora Dawn,Herman Wouk,1992
The Curious Incident of the Dog in the Night-Time,Mark Haddon,2006
A Long Way Gone: Memoirs of a Boy Soldier,Ishmael Beah,2007
Yellow Back Radio Broke-Down,Ishmael Reed,2000
Anthem,Ayn Rand,2004
Sorrow's Anthem (Lincoln Perry  #2),Michael Koryta,2007
White Fang,Jack London,2001
The Call of the Wild  White Fang and Other Stories,Jack London,1998
White Fang,Kathleen Olmstead/Jack London/Dan Andreasen/Arthur Pober,2006
The Sea-Wolf and Selected Stories,Jack London/Ben Bova,2004
The Death of an Irish Sea Wolf (Peter McGarr  #12),Bartholomew Gill,1997
Jack London Illustrated: The Call of the Wild/White Fang/The Sea-Wolf/40 Short Stories,Jack London,1993
The Sea Wolf,Jack London,2005
Kilo Class (Admiral Arnold Morgan  #2),Patrick Robinson,1999
Barracuda 945 (Admiral Arnold Morgan  #6),Patrick Robinson,2004
H.M.S. Unseen (Admiral Arnold Morgan  #3),Patrick Robinson/Sandler/David McCallum,2000
Slider,Patrick Robinson,2004
U.S.S. Seawolf (Admiral Arnold Morgan  #4),Patrick Robinson,2001
Menace Invisible (Admiral Arnold Morgan  #3),Patrick Robinson,2000
True Blue: The Oxford Boat Race Mutiny,Daniel Topolski/Patrick Robinson,1990
A Picture Book of Anne Frank,David A. Adler/Karen Ritz,1993
Who Was Anne Frank?,Ann Abramson/Nancy Harrison,2007
Enslaved by Ducks,Bob Tarte,2004
Ice Castles,Leonore Fleischer,1982
Marching Powder: A True Story of Friendship  Cocaine  and South America's Strangest Jail,Rusty Young/Thomas McFadden,2004
Marching Powder,Rusty Young,2004
Nations and Nationalism since 1780: Programme  Myth  Reality,Eric Hobsbawm,1992
Interesting Times: A Twentieth-Century Life,Eric Hobsbawm,2005
Industry and Empire: The Birth of the Industrial Revolution,Eric Hobsbawm/Chris Wrigley,1999
The Communist Manifesto,Karl Marx/Friedrich Engels/Eric Hobsbawm,1998
On the Edge of the New Century,Eric Hobsbawm/Allan Cameron/Antonio Polito,2001
The Age of Extremes: The Short Twentieth Century  1914-1991,Eric Hobsbawm,1995
Echoes of the Marseillaise: Two Centuries Look Back on the French Revolution,Eric Hobsbawm,1990
Winter Is the Warmest Season,Lauren Stringer,2006
It's Winter,Linda Glaser/Glaser Linda/Susan Swan,2002
Winter Season: A Dancer's Journal,Toni Bentley,2003
Twilight of the Idols/The Anti-Christ,Friedrich Nietzsche/Michael Tanner,1990
Practical DV Filmmaking,Russell Evans,2005
Diana Vreeland,Eleanor Dwight,2002
Inventive Paris clothes: 1909-1939 - a photographic essay,Diana Vreeland/Irving Penn,1978
Brown V. Board of Education: A Civil Rights Milestone and Its Troubled Legacy,James T. Patterson,2002
Henry V,William Shakespeare/Stephen Orgel/A.R. Braunmuller/Claire McEachern,1999
Hegemony and Socialist Strategy: Towards a Radical Democratic Politics,Ernesto Laclau/Chantal Mouffe,2001
On Populist Reason,Ernesto Laclau,2005
The Meaning of Life,Terry Eagleton,2007
Sweet Violence: The Idea of the Tragic,Terry Eagleton,2002
The English Novel: An Introduction,Terry Eagleton,2004
MySQL Cookbook,Paul DuBois,2006
High Performance MySQL: Optimization  Backups  Replication & Load Balancing,Jeremy D. Zawodny/Derek J. Balling,2004
Not Without My Daughter,Betty Mahmoody,2004
Aman: The Story of a Somali Girl,Virginia Lee Barnes,1995
Amanda's Story (The Girls of Lighthouse Lane #4),Thomas Kinkade/Erika Tamar,2006
Lizabeth's Story (The Girls of Lighthouse Lane #3),Thomas Kinkade/Erika Tamar,2005
Kids Are Worth It!: Giving Your Child the Gift of Inner Discipline,Barbara Coloroso,2002
Creating a Life Worth Living,Carol Lloyd,1997
Happy Endings: Finishing the Edges of Your Quilts,Mimi Dietrich,2013
Unspeakable Truths and Happy Endings: Human Cruelty and the New Trauma Therapy,Rebecca Coffey,2005
Year's Happy Ending,Betty Neels,2001
Trail of Tears: The Rise and Fall of the Cherokee Nation,John Ehle,1997
The Trail of Tears,Joseph Bruchac/Diana Magnuson,1999
Are You Afraid of the Dark?,Sidney Sheldon,2005
Nothing Lasts Forever,Sidney Sheldon,1995
Rage of Angels,Sidney Sheldon,1999
He Sees You When You're Sleeping,Mary Higgins Clark/Carol Higgins Clark,2002
My Gal Sunday,Mary Higgins Clark,2003
We'll Meet Again,Mary Higgins Clark,2004
All Through the Night,Mary Higgins Clark,1999
The Night Awakens: A Mystery Writers of America Anthology,Mary Higgins Clark/Angela Zeman/Noreen Ayres/Sally Cabot Gunning/Joseph Hansen/Sarah Shankman/Nancy Pickard/Eleanor Taylor Bland/Brendan DuBois/Edward D. Hoch/Loren D. Estleman,2000
Where Are the Children?,Mary Higgins Clark,2005
The Second Time Around,Mary Higgins Clark,2004
You Belong To Me,Mary Higgins Clark,1999
Stowaway and Milk Run: Two Unabridged Stories From Mary Higgins Clark,Mary Higgins Clark/Jan Maxwell,1999
The Christmas Thief (Regan Reilly Mysteries  #9),Mary Higgins Clark/Carol Higgins Clark,2004
Kitchen Privileges: A Memoir,Mary Higgins Clark,2002
I'll Be Seeing You,Mary Higgins Clark,1994
Mount Vernon Love Story: A Novel of George and Martha Washington,Mary Higgins Clark,2003
Inventing the People: The Rise of Popular Sovereignty in England and America,Edmund S. Morgan,1989
Benjamin Franklin,Edmund S. Morgan,2003
American Slavery  American Freedom,Edmund S. Morgan,2003
The Puritan Dilemma: The Story of John Winthrop,Edmund S. Morgan,2006
Thomas Jefferson: Author of America,Christopher Hitchens,2005
No One Left to Lie to: The Values of the Worst Family,Christopher Hitchens,2000
The Missionary Position: Mother Teresa in Theory and Practice,Christopher Hitchens,1997
Unacknowledged Legislation: Writers in the Public Sphere,Christopher Hitchens,2002
For the Sake of Argument: Essays and Minority Reports,Christopher Hitchens,1994
The Trial of Henry Kissinger,Christopher Hitchens,2002
A Long Short War: The Postponed Liberation of Iraq,Christopher Hitchens,2003
Blaming the Victims: Spurious Scholarship and the Palestinian Question,Edward W. Said/Christopher Hitchens,2001
Unacknowledged Legislation: Writers in the Public Sphere,Christopher Hitchens,2001
1968: War and Democracy,Eugene J. McCarthy/Christopher Hitchens,2000
Orwell in Spain: The Full Text of Homage to Catalonia  with Associated Articles  Reviews and Letters from the Complete Works of George Orwell,George Orwell/Christopher Hitchens,2001
Prepared for the Worst: Selected Essays and Minority Reports,Christopher Hitchens,1988
Hons and Rebels,Jessica Mitford/Christopher Hitchens,2004
Alles ist erleuchtet,Jonathan Safran Foer/Dirk van Gunsteren,2003
How to Be Lost,Amanda Eyre Ward,2005
The Complete Stories of Theodore Sturgeon  Volume 7: A Saucer of Loneliness,Theodore Sturgeon/Paul Williams/Kurt Vonnegut Jr.,2002
Surviving Justice: America's Wrongfully Convicted and Exonerated,Scott Turow/Lola Vollen/Dave Eggers,2005
McSweeney's #14,Dave Eggers,2004
The Best of McSweeney's  Vol. 2,Dave Eggers,2005
The Tenants of Moonbloom,Edward Lewis Wallant/Dave Eggers,2003
McSweeney's #18,Dave Eggers,2005
McSweeney's #19,Dave Eggers/T. Coraghessan Boyle/Adam Golaski/Sean Casey/Brendan Connell,2006
McSweeney's #11,Dave Eggers/A.G. Pasquella/Brent Hoff/Stephen Elliott/Daphne Beal/Denis Johnson/Tom Bissell/Sean Warren/Samantha Hunt/Robert Olmstead/T. Coraghessan Boyle/David Means/Doug Dorst/Joyce Carol Oates/McSweeney's Publishing,2003
Forty Stories,Donald Barthelme,2005
A Tramp Abroad,Mark Twain/Dave Eggers,2003
Black Cat (Gemini  #2),V.C. Andrews,2004
Shooting Stars (Shooting Stars  #1-4),V.C. Andrews,2002
Scattered Leaves (Early Spring  #2),V.C. Andrews,2007
Rose (Shooting Stars  #3),V.C. Andrews,2001
Ice (Shooting Stars  #2),V.C. Andrews,2001
Into the Woods (De Beers  #4),V.C. Andrews,2003
Ruby (Landry  #1),V.C. Andrews,1994
Criss Cross,Lynne Rae Perkins,2005
The Criss Cross,Crystal Lacey Winslow,2004
Honey (Shooting Stars  #4),V.C. Andrews,2001
Raven (Orphans  #4),V.C. Andrews,1999
Fulgor oculto (Landry  #3),V.C. Andrews/Elisa Cerdan,2002
Hidden Leaves (De Beers  #5),V.C. Andrews,2003
Music in the Night (Logan  #4),V.C. Andrews,1998
Runaways (Orphans  #5),V.C. Andrews,1998
Child of Darkness (Gemini  #3),V.C. Andrews,2005
Die Flucht der Waisen (Die Orphan-Saga  #5),V.C. Andrews/Susanne Althoetmar-Smarczyk,2002
Harry Potter and the Philosopher's Stone (Harry Potter  #1),J.K. Rowling,2010
Harry Potter and the Goblet of Fire (Harry Potter  #4),J.K. Rowling,2000
Sun-Kissed (The Au Pairs #3),Melissa de la Cruz,2006
Crazy Hot (The Au Pairs  #4),Melissa de la Cruz,2007
The Au Pairs (The Au Pairs #1),Melissa de la Cruz,2005
Wooden: A Lifetime of Observations and Reflections On and Off the Court,John Wooden/Steve Jamison,1997
The Strange Case of Dr. Jekyll and Mr. Hyde and Other Stories,Robert Louis Stevenson/Jenny Davidson,2003
The Once and Future King (The Once and Future King  #1-4),T.H. White,1987
Rose of No Man's Land,Michelle Tea,2007
The Roses of No Man's Land,Lyn Macdonald,1993
The Quitter,Harvey Pekar/Dean Haspiel,2006
The New American Splendor Anthology: From Off the Streets of Cleveland,Harvey Pekar,1993
American Splendor: Another Day,Harvey Pekar/Ty Templeton/Eddie Campbell/Hilary Barta,2007
Face Off: How to Draw Amazing Caricatures & Comic Portraits,Harry Hamernik,2006
David Boring,Daniel Clowes,2005
Lout Rampage!,Daniel Clowes,1992
The Campfire Collection: Spine-tingling Tales to Tell in the Dark,Eric B. Martin/George R. Stewart/Peter Matthiessen/Robert W. Service/Judith M. Brueske/Anthony Boucher/Tobias Wolff/John Long/Frank Norris/Beryl Bainbridge/Greg Child/Marc Reisner/Haruki Murakami/Jack London/Edgar Allan Poe/Paul Bowles/Larry Kanuit,2000
The People of Paper,Salvador Plascencia,2006
The Gunslinger's Bride (Montana Mavericks: Historicals #1),Cheryl St. John,2001
Two Brothers: The Lawman / The Gunslinger (Two Brothers  #1-2),Linda Lael Miller,2001
The Gunslinger (Two Brothers  #2),Linda Lael Miller,1999
The Gunslinger,Mary McBride,1994
Gunslinger and Nine Other Action-Packed Stories of the Wild West,Ed Gorman/Bill Pronzini,1995
Leadership and the One Minute Manager: Increasing Effectiveness Through Situational Leadership,Kenneth H. Blanchard/Drea Zigarmi/Patricia Zigarmi,1999
Atlantic Shift,Emily Barr,2005
Water for Elephants,Sara Gruen,2007
Something Borrowed,Rebecca Hagan Lee,1995
Double-Cross (Athena Force #4),Meredith Fletcher,2004
McNally's Alibi (Archy McNally Novels),Vincent Lardo/Lawrence Sanders,2003
McNally's Puzzle (Archy McNally  #6),Lawrence Sanders,1997
McNally's Caper (Archy McNally  #4),Lawrence Sanders,1995
The First Deadly Sin (Deadly Sins  #2),Lawrence Sanders,1987
First Deadly Sin,Lawrence Sanders,1989
The Anderson Tapes (Deadly Sins #1),Lawrence Sanders,1987
A Garden Of Vipers (Carson Ryder  #3),Jack Kerley,2007
The Death Collectors (Carson Ryder  #2),Jack Kerley,2006
Through the Arc of the Rain Forest,Karen Tei Yamashita,1990
Tropic of Orange,Karen Tei Yamashita,1997
Structure and Interpretation of Computer Programs (MIT Electrical Engineering and Computer Science),Harold Abelson/Gerald Jay Sussman/Julie Sussman,1996
Crooked Little Vein,Warren Ellis,2007
Fell,Warren Ellis/Ben Templesmith,2007
NextWave: Agents of H.A.T.E.  Vol. 1: This is What They Want,Warren Ellis/Stuart Immonen/Wade Von Grawbadger/Dave McCaig,2006
Desolation Jones: Made in England,Warren Ellis/J.H. Williams III,2006
Iron Man: Extremis,Warren Ellis/Adi Granov,2007
The Authority  Vol. 2: Under New Management,Warren Ellis/Mark Millar/Bryan Hitch/Frank Quitely,2000
The Queen of the Damned (The Vampire Chronicles  #3),Anne Rice,1997
La regina dei dannati,Anne Rice/Roberta Rambelli,1997
Interview with the Vampire (The Vampire Chronicles  #1),Anne Rice,2004
Vampire Chronicles: Interview with the Vampire  The Vampire Lestat  The Queen of the Damned (Anne Rice),Anne Rice/Robert O'Keefe/F. Murray Abraham/Michael York/Kate Nelligan/David Purdham,1992
Merrick (The Vampire Chronicles #7),Anne Rice,2001
The Vampire Companion,Katherine Ramsland/Anne Rice,1995
The Feast of All Saints,Anne Rice,1992
Exit to Eden,Anne Rampling/Anne Rice,1998
The Vampire Lestat (The Vampire Chronicles  #2),Anne Rice,2004
Anne Rice Value Collection: Mayfair Witches (Lives of the Mayfair Witches #1-3),Anne Rice/Joe Morton/Tim Curry/Lindsay Crouse,2000
Vittorio the Vampire (New Tales of the Vampires  #2),Anne Rice,1999
The Feast Of All Saints,Anne Rice,1997
The Unauthorized Anne Rice Companion,George Beahm,1996
When Christ and His Saints Slept  (Henry II and Eleanor of Aquitaine  #1),Sharon Kay Penman,1996
The Monk Who Sold His Ferrari: A Fable About Fulfilling Your Dreams and Reaching Your Destiny,Robin S. Sharma,1999
The Monk Who Sold His Ferrari: A Fable about Fulfilling Your Dreams and Reaching Your Destiny (Revised),Robin S. Sharma,2015
Phantom (Sword of Truth  #10),Terry Goodkind,2006
The Sword of Truth  Boxed Set I: Wizard's First Rule  Blood of the Fold  Stone of Tears (Sword of Truth  #1-3),Terry Goodkind,1998
Wizard's First Rule (Sword of Truth  #1),Terry Goodkind,2003
Naked Empire (Sword of Truth  #8),Terry Goodkind,2004
Legends 2 (Legends 1  Volume 2of3),Robert Silverberg/Terry Goodkind/George R.R. Martin/Anne McCaffrey,1999
Naked Empire (Sword of Truth  #8),Terry Goodkind,2004
The Wood Boy / The Burning Man,Raymond E. Feist/Tad Williams/Mat Broome/Robin Gillespie/Sean J. Jordan/Brett Booth,2005
The King's Buccaneer (Krondor's Sons  #2),Raymond E. Feist,1992
Magician: Apprentice Volume 1  (Raymond E. Feist's Magician: Apprentice #1),Raymond E. Feist/Michael Avon Oeming/Bryan J.L. Glass/Ryan Stegman,2007
Magician (The Riftwar Saga  #1-2),Raymond E. Feist,1982
Faerie Tale,Raymond E. Feist,1989
Promise Me (Myron Bolitar  #8),Harlan Coben,2007
The Final Detail (Myron Bolitar  #6),Harlan Coben,2005
The Innocent,Harlan Coben,2006
No Second Chance,Harlan Coben,2004
Darkest Fear (Myron Bolitar  #7),Harlan Coben,2008
Gone for Good,Harlan Coben,2003
Drop Shot (Myron Bolitar  #2),Harlan Coben/Martine Leconte,1996
Tell No One,Harlan Coben,2009
The Aeneid: A New Prose Translation,Virgil/David   West,1991
The Complete Odes and Epodes,Horace/David   West,2000
Object Thinking,David      West,2019
Left Foot Forward: A Year in the Life of a Journeyman Footballer,Garry Nelson,1996
Apologia Pro Vita Sua (A Defense of One's Life),John Henry Newman,2005
Margherita Dolce Vita,Stefano Benni/Antony Shugaar,2006
Living La Dolce Vita: Bring the Passion  Laughter  and Serenity of Italy Into Your Daily Life,Raeleen D'Agostino Mautner,2003
The Letters of Vita Sackville-West and Virginia Woolf,Louise DeSalvo/Mitchell Alexander Leaska/Vita Sackville-West/Virginia Woolf,2004
Vita,Melania G. Mazzucco/Virginia Jewiss,2006
The Church in Emerging Culture: Five Perspectives,Leonard Sweet/Brian D. McLaren/Erwin Raphael McManus/Michael S. Horton/Frederica Matthewes-Green/Andy Crouch,2003
True Evil,Greg Iles,2006
The Quiet Game (Penn Cage #1),Greg Iles,2000
Trapped (Mississippi #2),Greg Iles,2002
The Footprints of God,Greg Iles,2004
Dead Sleep,Greg Iles,2002
Small Island,Andrea Levy,2005
Never Far From Nowhere,Andrea Levy,1996
Shield of Thunder (Troy  #2),David Gemmell,2007
Looking East,Steve McCurry,2006
Masters of Small Worlds: Yeoman Households  Gender Relations  and the Political Culture of the Antebellum South Carolina Low Country,Stephanie McCurry,1997
Borges and The Eternal Orangutans,Luis Fernando Verissimo/Margaret Jull Costa,2005
A Universal History of Iniquity,Jorge Luis Borges/Andrew Hurley,2004
Jorge Luis Borges,Nextext/McDougal Publishing Staff,2000
Odes to Common Things,Pablo Neruda/Ferris Cook/Ken Krabbenhoft,1994
Full Woman  Fleshly Apple  Hot Moon: Selected Poems,Pablo Neruda/Stephen Mitchell,1998
Maps for Lost Lovers,Nadeem Aslam,2006
Phantom Pain,Arnon Grunberg/Sam Garrett,2004
The Ethics and Politics of Asylum: Liberal Democracy and the Response to Refugees,Matthew J. Gibney,2004
Arkham Asylum: Living Hell,Dan Slott/Ryan Sook/Wade Von Grawbadger/Jim Royal,2004
Blackout (Kat Bronsky #2),John J. Nance,2000
Design Like You Give a Damn: Architectural Responses to Humanitarian Crises,Architecture For Humanity/Cameron Sinclair,2006
The Winter's Tale,William Shakespeare/Susan Snyder/Deborah T. Curren-Aquino,2007
The Bar on the Seine,Georges Simenon/David Watson,2006
Maigret in Holland,Georges Simenon,2003
The Man Who Watched Trains Go By,Georges Simenon/Marc Romano/D. Thin/Luc Sante,2005
Maigret and the Killer,Georges Simenon/Lyn Moir,2003
Lock 14,Georges Simenon/Robert Baldick,2006
The Madman of Bergerac,Georges Simenon,2003
Dirty Snow,Georges Simenon/Marc Romano/William T. Vollmann,2003
The Man Who Wasn't Maigret: A Portrait of Georges Simenon,Patrick Marnham,1994
The Engagement,Georges Simenon/Anna Moschovakis/John N. Gray,2007
Mon Ami Maigret,Georges Simenon,2003
Maigret and the Headless Corpse,Georges Simenon/Eileen Ellenbogen,1985
Maigret Loses His Temper (Maigret  #61),Georges Simenon,2003
The Looking Glass Wars,Frank Beddor,2006
Rash,Pete Hautman,2006
Saints at the River,Ron Rash,2005
The World Made Straight,Ron Rash,2007
Eureka Mill,Ron Rash,2001
Chemistry and Other Stories,Ron Rash,2000
Monster,Walter Dean Myers,2019
The Gospel of the Flying Spaghetti Monster,Bobby Henderson,2006
The Monster at the End of this Book,Jon Stone/Michael J. Smollin,2004
The Sea of Monsters (Percy Jackson and the Olympians  #2),Rick Riordan,2007
Monster: The Autobiography of an L.A. Gang Member,Sanyika Shakur,2004
Monster Island (Monster Island  #1),David Wellington,2006
The Frog King,Frank McConnell,1990
I Should Be Extremely Happy in Your Company: A Novel of Lewis and Clark,Brian Hall,2003
D.B.,Elwood Reid,2005
Lincoln,Gore Vidal,2006
Lincoln (Narratives of a Golden Age),Gore Vidal,1994
The Silver Pigs (Marcus Didius Falco  #1),Lindsey Davis,1991
The Silver Pigs (Marcus Didius Falco  #1),Lindsey Davis,2006
The Silver Pigs,Lindsey Davis/Mary Cutler/Anton Lesser/Fritha Goodey,2005
Judas Pig,Horace  Silver,2004
The Civil War  Vol. 1: Fort Sumter to Perryville,Shelby Foote,1986
The Beleaguered City: The Vicksburg Campaign,Shelby Foote,2000
Stars in Their Courses: The Gettysburg Campaign  June-July 1863,Shelby Foote,1994
Toujours Provence,Peter Mayle,1992
The American Heritage New History of the Civil War,Bruce Catton/James M. McPherson,2001
The Confident Child,Terri Apter,1997
Your Child's Self-Esteem: Step-by-Step Guidelines for Raising Responsible  Productive  Happy Children,Dorothy Corkille Briggs,1988
Smart Discipline: Fast  Lasting Solutions for Your Child's Self-Esteem and Your Peace of Mind,Larry J. Koenig,2004
Reading in the Dark,Seamus Deane,1998
Alphabet Weekends,Elizabeth Noble,2007
A Cargo of Women: Susannah Watson and the Convicts of the Princess Royal,Babette Smith,2005
The Rose and the Beast: Fairy Tales Retold,Francesca Lia Block,2001
I Was a Teenage Fairy,Francesca Lia Block,2000
Firebirds Rising: An Anthology of Original Science Fiction and Fantasy,Sharyn November/Francesca Lia Block/Diana Wynne Jones/Ellen Klages/Sharon Shinn/Patricia A. McKillip/Emma Bull/Kelly Link/Tamora Pierce/Nina Kiriki Hoffman/Alison Goodman/Charles de Lint/Kara Dalkey/Alan Dean Foster/Carol Emshwiller/Tanith Lee/Pamela Dean,2006
Witch Baby (Weetzie Bat  #2),Francesca Lia Block,1992
Goat Girls (Weetzie Bat  #2-3),Francesca Lia Block,2004
Beautiful Boys (Weetzie Bat  #4-5),Francesca Lia Block,2004
Weetzie Bat (Weetzie Bat  #1),Francesca Lia Block,2004
Velvet Elvis: Repainting the Christian Faith,Rob Bell,2005
Man Walks Into a Room,Nicole Krauss,2003
Too Busy Not to Pray: Slowing Down to Be With God,Bill Hybels/Lavonne Neff,1998
Becoming a Contagious Christian,Bill Hybels/Mark Mittelberg,1996
Courageous Faith Through the Year,Bill Hybels/Keri Wyatt Kent,2004
Becoming a Contagious Christian Leader's Guide: Communicating Your Faith in a Style That Fits You,Mark Mittelberg/Lee Strobel,2007
A Is for Abductive : The Language of the Emerging Church,Leonard Sweet/Brian D. McLaren,2002
The Church on the Other Side: Doing Ministry in the Postmodern Matrix,Brian D. McLaren,2003
Great Russian Short Stories,Paul Negri/Alexander Pushkin/Maxim Gorky/Aleksandr Ivanovich Kuprin/Leonid Andreyev/Nikolai Gogol/Ivan Turgenev/Fyodor Dostoyevsky/Leo Tolstoy/Nicholay Leskov/Vsevolod Garshin/Anton Chekhov/Theodor Sologub,2003
The Portable Dorothy Parker,Dorothy Parker/Marion Meade/Seth,2006
Not Much Fun: The Lost Poems of Dorothy Parker,Dorothy Parker/Stuart Y. Silverstein,2001
The Collected Dorothy Parker,Dorothy Parker/Brendan Gill,2001
The Killer Angels: A Novel of the Civil War (The Civil War Trilogy  #2),Michael Shaara,2004
The Killer Angels,Michael Shaara/Stephen Hoye,2004
The Killer Angels (The Civil War Trilogy  #2),Michael Shaara,2001
Architecture and Tourism: Perception  Performance and Place,D. Medina Lasansky,2004
The Last Eyewitness: The Final Week,Chris Seay/Rob Pepper/Brian D. McLaren,2006
The Best American Essays 2006,Lauren Slater/Robert Atwan,2006
The Best American Spiritual Writing 2006,Philip Zaleski/Peter J. Gomes,2006
The Best American Travel Writing 2006,Tim Cahill,2006
The Best American Crime Writing 2006,Mark Bowden/Otto Penzler/Thomas H. Cook/S.C. Gwynne/Paige Williams/Mary Battiata/Howard Blum/John Connolly/Richard Rubin/Chuck Hustmyre/David Friedman/Denise Grollmus/Deanne Stillman/Jeffrey Toobin/Skip Hollandsworth/Jimmy Breslin/John Heilemann/Mark Jacobson/Robert Nelson,2006
How Democratic Is the American Constitution?,Robert A. Dahl,2003
The Roald Dahl Omnibus: Perfect Bedtime Stories for Sleepless Nights,Roald Dahl,1993
A Preface to Democratic Theory,Robert A. Dahl,2006
Matilda,Roald Dahl/Joely Richardson,2004
Kiss Kiss,Roald Dahl,1987
Roald Dahl: A Biography,Jeremy Treglown,1995
Matilda,Roald Dahl/Rula Lenska/Sian Thomas/Christopher Timothy,2005
The Adventures of Charlie and Mr. Willy Wonka: A Fully Dramatized Recording,Roald Dahl,2004
Fantastic Mr Fox and Other Animal Stories,Roald Dahl,2004
Hood,Emma Donoghue,1998
Landing,Emma Donoghue,2007
Touchy Subjects,Emma Donoghue,2007
Kissing the Witch: Old Tales in New Skins,Emma Donoghue,1999
Life Mask,Emma Donoghue,2005
Stir-Fry,Emma Donoghue,2006
Poems Between Women: Four Centuries of Love  Romantic Friendship  and Desire,Emma Donoghue,1999
What Sappho Would Have Said,Emma Donoghue,1997
Mammoth Book Of Lesbian Short Stories (Mammoth Books),Emma Donoghue,1999
Slammerkin,Emma Donoghue,2002
We Are Michael Field,Emma Donoghue/Nick Drake,1998
Life is Elsewhere,Milan Kundera/Aaron Asher,2000
Hart's Hope,Orson Scott Card,1992
Firefighters in the Dark,Dashka Slater/Nicoletta Ceccoli,2006
Wide Sargasso Sea,Jean Rhys,2001
Wide Sargasso Sea,Jean Rhys,1998
Marcel Proust: On Art and Literature 1896-1919,Marcel Proust/Sylvia Townsend Warner,1997
Remembrance of Things Past (Boxed Set),Marcel Proust/C.K. Scott Moncrieff/Frederick A. Blossom/Joseph Wood Crutch,1981
The Complete Green Letters,Miles J. Stanford,1984
Naked,David Sedaris/Amy Sedaris,2001
The Last Shot: City Streets  Basketball Dreams,Darcy Frey,2004
The Inner Sanctum,Stephen W. Frey,1998
Life on Planet Rock: From Guns N' Roses to NIRVana  a Backstage Journey Through Rock's Most Debauched Decade,Lonn M. Friend,2006
Principle-Centered Leadership,Stephen R. Covey,1992
Fablehaven (Fablehaven  #1),Brandon Mull,2006
Queen of Sorcery (The Belgariad  #2),David Eddings,2000
Castle of Wizardry (The Belgariad  #4),David Eddings,1984
The Leadership Challenge: Skills for Taking Charge,Warren G. Bennis,1985
Fullmetal Alchemist  Vol. 6 (Fullmetal Alchemist  #6),Hiromu Arakawa/Akira Watanabe,2006
The Elements of Typographic Style,Robert Bringhurst,2004
The Elements of Visual Style: The Basics of Print Design for Every PC and Mac User,Robert W. Harris,2007
Graphic Design Solutions,Robin Landa,2005
The Mask of the Enchantress,Victoria Holt,1981
Secret for a Nightingale,Victoria Holt,1987
The Silk Vendetta,Victoria Holt,1988
Curse Of The Kings,Victoria Holt,1985
Purple Cane Road (Dave Robicheaux  #11),James Lee Burke,2001
Parliament of Whores: A Lone Humorist Attempts to Explain the Entire U.S. Government,P.J. O'Rourke,2003
Monkeewrench (Monkeewrench  #1),P.J. Tracy,2004
P. J. Funnybunny Camps Out,Marilyn Sadler/Roger Bollen,1994
The Moon And Sixpence,W. Somerset Maugham,1999
De profundis,Oscar Wilde,2004
Serious Girls,Maxine Swann,2004
Deadly Love (Francesca Cahill Deadly  #1),Brenda Joyce,2001
Exiled in Paris: Richard Wright  James Baldwin  Samuel Beckett and Others on the Left Bank,James    Campbell,2003
The Price of the Ticket: Collected Nonfiction  1948-1985,James Baldwin,1985
2006 International Building Code,International Code Council (ICC),2006
Einstein's Monsters,Martin Amis/Erroll McDonald,2011
Code Check Electrical: An Illustrated Guide to Wiring a Safe House,Michael      Casey/Redwood Kardon/Douglas Hansen,2005
International Building Code 2003,International Code Council (ICC),2003
The Major Works,Alexander Pope/Pat Rogers,2006
Poetry and Prose of Alexander Pope (Riverside Editions),Alexander Pope/Aubrey Williams,1968
Illustrated Guide to the NEC: Based on the 2005 National Electric Code,Charles R. Miller,2004
Surfer's Code: Twelve Simple Lessons For Riding Through Life,Shaun Tomson/Patrick Moser,2006
Code Orange,Caroline B. Cooney,2005
Code,Charles Petzold,2000
Brando Unzipped: A Revisionist and Very Private Look at America's Greatest Actor,Darwin Porter,2006
The Kid Stays in the Picture,Robert  Evans,2004
Measle and the Dragodon,Ian Ogilvy,2006
The Unpublished David Ogilvy,David Ogilvy/Joel Raphaelson,1987
Writing Down the Bones: Freeing the Writer Within,Natalie Goldberg,2006
Black Hawk Down: A Story of Modern War,Mark Bowden,2002
Writing Secure Code,Michael  Howard/David LeBlanc,2002
Working Effectively with Legacy Code,Michael C. Feathers,2004
Explode the Code 1,Nancy Hall,2001
Down the Long Hills,Louis L'Amour,1984
The Glass Books of the Dream Eaters (Miss Temple  Doctor Svenson  and Cardinal Chang  #1),Gordon Dahlquist,2006
Breaking the Maya Code,Michael D. Coe,1999
Refactoring: Improving the Design of Existing Code,Martin Fowler/Kent Beck/Don Roberts/Erich Gamma,1999
The Heart's Code: Tapping the Wisdom and Power of Our Heart Energy,Paul Pearsall/Gary E. Schwartz/Linda G. Russek,1999
Write Great Code: Volume 1: Understanding the Machine,Randall Hyde,2004
Code: And Other Laws of Cyberspace,Lawrence Lessig,2000
Landscape Within: Insights and Inspirations for Photographers,David   Ward/Joe Cornish,2004
Bob Marley - Songs of Freedom,Bob Marley,1995
Such a Good Girl and Other Crime Stories,Ed Gorman/Richard Laymon,2001
Howards End,E.M. Forster/Nadia May,2007
Three Complete Novels: Howards End  A Room with a View  Where Angels Fear to Tread,E.M. Forster/Neil Felshman,1993
Kim,Rudyard Kipling,2005
Kim,Rudyard Kipling/Pankaj Mishra,2004
The Island at the Center of the World: The Epic Story of Dutch Manhattan and the Forgotten Colony That Shaped America,Russell Shorto,2005
The Bard's Tale: Prima's Official Strategy Guide,Craig Keller,2004
The Free Bards (Bardic Voices  #1-3),Mercedes Lackey,1997
Insurgency and Terrorism: From Revolution to Apocalypse,Bard E. O'Neill,2005
Shakespeare's Landlord (Lily Bard  #1),Charlaine Harris,2005
Liturgies of the Western Church,Bard Thompson,1980
Bedlam's Bard (Bedlam Bard  #1-2),Mercedes Lackey/Ellen Guon,2006
Mansfield Park,Jane Austen/James Kinsley/Jane Stabler,2003
Walking the Rez Road,Jim Northrup,1995
Mansfield Park,Jane Austen/Carol Shields,2001
Mansfield Park,Jane Austen,2006
Mansfield Park,Jane Austen,1994
The Mini Zen Gardening Kit,Daniel Abdal-Hayy Moore,2000
The Zen Gardening Kit/Book and Japanese Rock Garden,Daniel Abdal-Hayy Moore,1992
Stalky & Co.,Rudyard Kipling,2005
The Mill on the Floss,George Eliot/Carol T. Christ,1993
Zen in Your Garden,Jenny Hendy,2003
The Mad Ship (Liveship Traders  #2),Robin Hobb,2008
Ship of Destiny (Liveship Traders  #3),Robin Hobb,2001
Forest Mage (Soldier Son  #2),Robin Hobb,2006
Assassin's Quest (Farseer Trilogy  #3),Robin Hobb,1998
Der lohfarbene Mann (Die zweiten Chroniken von Fitz  dem Weitseher  #1),Robin Hobb,2003
Disordered Minds,Minette Walters,2004
The Scold's Bridle,Minette Walters,1995
Fox Evil,Minette Walters,2006
The Devil's Feather,Minette Walters,2006
The Breaker,Minette Walters,2000
The Echo,Minette Walters,1998
A Painted House,John Grisham,2002
D is for Dahl: A gloriumptious A-Z guide to the world of Roald Dahl,Wendy Cooling/Quentin Blake/Roald Dahl,2005
The Roald Dahl Audio Collection,Roald Dahl,2007
Step on a Crack (Michael Bennett  #1),James Patterson/Michael Ledwidge,2007
The Railway Children,E. Nesbit,1995
Five Children and It (Five Children #1),E. Nesbit,1996
Five Children and It,E. Nesbit/Gillian Avery,2004
The Enchanted Castle,E. Nesbit/H.R. Millar,1994
Treasure Island #2: Off to Sea (Easy Reader Classics),Catherine Nichols/Sally Wern Comport/Robert Louis Stevenson,2006
A Passage to India: A Reader's Guide to Essential Criticism,Betty Jay,2003
A Passage to India,E.M. Forster/Oliver Stallybrass/Pankaj Mishra,2005
A Passage to India,E.M. Forster,1998
No Name,Wilkie Collins/Virginia Blain,1998
Miss or Mrs?/ The Haunted Hotel/ The Guilty River,Wilkie Collins/Norman Page/Toru Sasaki,1999
The Law and the Lady,Wilkie Collins/David Skilton,1998
The Woman In White,Wilkie Collins,1991
Armadale,Wilkie Collins/Catharine Peters,1999
I Never Promised You a Rose Garden,Hannah  Green/Joanne Greenberg,1989
I Never Promised You a Rose Garden,Hannah  Green/Joanne Greenberg,1965
The Gun Seller,Hugh Laurie,1998
A Quantum Murder (Greg Mandel  #2),Peter F. Hamilton,1998
Judas Unchained (Commonwealth Saga  #2),Peter F. Hamilton,2007
Pandora's Star,Peter F. Hamilton,2005
Mindstar Rising (Greg Mandel  #1),Peter F. Hamilton,1997
The Reality Dysfunction Part 2: Expansion (Night's Dawn 1),Peter F. Hamilton,1997
Anthony Thwaite: In Conversation With Peter Dale and Ian Hamilton,Peter  Dale/Ian          Hamilton/Anthony Thwaite,1999
Doisneau,Peter Hamilton/Robert Doisneau/David    Elliott,2000
Quicksilver (The Baroque Cycle  #1),Neal Stephenson,2003
The Portable Walt Whitman,Walt Whitman/Michael Warner,2003
Walt Whitman's America,David S. Reynolds,1996
Walt Whitman: A Life,Justin Kaplan,2003
Walt Whitman: Words for America,Barbara Kerley/Brian Selznick,2004
Love  Hate and Everything in Between: Expressing Emotions in Japanese,Mamiko Murakami/Ernest Reiss,2002
Blind Willow  Sleeping Woman,Haruki Murakami/Jay Rubin/Philip Gabriel,2007
Haruki Murakami and the Music of Words,Jay Rubin,2005
Hard-Boiled Wonderland and the End of the World,Haruki Murakami/Alfred Birnbaum,1991
The Wind-Up Bird Chronicle,Haruki Murakami/Jay Rubin,1997
After the Quake,Haruki Murakami/Jay Rubin,2002
Kafka on the Shore,Haruki Murakami/Philip Gabriel,2005
Sputnik Sweetheart,Haruki Murakami/Philip Gabriel,2001
Joseph Cornell: Secrets in a Box (Adventures in Art),Alison Baverstock/Joseph Cornell/Christopher Wynne,2003
Mandala: Luminous Symbols for Healing (with a New CD of Meditations and Exercises!),Judith Cornell/Joan Borysenko/Miron Borysenko,2006
Dime-Store Alchemy: The Art of Joseph Cornell,Charles Simic,2006
Night Has a Thousand Eyes,Cornell Woolrich,2007
Rendezvous in Black,Cornell Woolrich/Richard Dooling,2004
The Nixie's Song (Beyond the Spiderwick Chronicles  #1),Tony DiTerlizzi/Holly Black,2007
Desiring God: Meditations of a Christian Hedonist,John Piper,2004
Suffering and the Sovereignty of God,John Piper/Justin Taylor/Mark Talbot/David A. Powlison/Steve Saint/Dustin Shramek/Carl Ellis,2006
When I Don't Desire God: How to Fight for Joy,John Piper,2004
The Legacy of Sovereign Joy: God's Triumphant Grace in the Lives of Augustine  Luther  and Calvin (The Swans Are Not Silent  #1),John Piper,2006
The Hidden Smile of God: The Fruit of Affliction in the Lives of John Bunyan  William Cowper  and David Brainerd (The Swans Are Not Silent  #2),John Piper,2001
The Passion of Jesus Christ,John Piper,2004
Arthur & George,Julian Barnes,2007
Wartime Lies,Louis Begley,1997
Schmidt Delivered (Schmidt  #2),Louis Begley,2001
The Brave Women of the Gulf Wars: Operation Desert Storm and Operation Iraqi Freedom,Karen Zeinert/Mary Miller,2005
The Classic Ten: The True Story of the Little Black Dress and Nine Other Fashion Favorites,Nancy MacDonell Smith/Nancy MacDonell,2003
The Locked Room (The New York Trilogy  #3),Paul Auster,1988
The Home Front,Brian Braithwaite/Noelle Walsh/Glyn Davies,1989
Half Moon Investigations,Eoin Colfer,2007
The Supernaturalist,Eoin Colfer,2005
The Wish List,Eoin Colfer,2004
Legend of the Worst Boy in the World,Eoin Colfer/Glenn McCoy,2007
The Legend of Spud Murphy,Eoin Colfer/Glenn McCoy,2004
La venganza de Opal (Artemis Fowl  #4),Eoin Colfer/Ana Alcaina,2005
Going Potty,Eoin Colfer,1999
Artemis Fowl (Artemis Fowl  #1),Eoin Colfer/Claudia Feldmann,2003
Artemis Fowl (Artemis Fowl  #1),Eoin Colfer/Ana Alcaina,2006
La venganza de opal (Artemis Fowl  #4),Eoin Colfer,2005
Artemis Fowl (Artemis Fowl  #1),Eoin Colfer/Nathaniel Parker,2004
Treasury of American Tall Tales: Volume 1: Davy Crockett  Rip Van Winkle  Johnny Appleseed  Paul Bunyan (Rabbit Ears),David Bromberg/Jay Ungar/Molly Mason/Garrison Keillor/Mark O'Connor/Jonathan Winters/Duck Baker/Washington Irving/Anjelica Huston/Nicolas Cage/Leo Kottke,2006
The Subtle Knife (His Dark Materials  #2),Philip Pullman/Ian Beck,2007
The Amber Spyglass (His Dark Materials  #3),Philip Pullman/Ian Beck,2007
The Subtle Knife (His Dark Materials  #2),Philip Pullman,2000
His Dark Materials (His Dark Materials  #1-3),Philip Pullman,2007
El catalejo lacado (La Materia Oscura  #3),Philip Pullman,2005
His Dark Materials Omnibus (His Dark Materials),Philip Pullman,2007
Northern Lights (His Dark Materials  #1),Philip Pullman,2001
El Alquimista: Edicion Illustrada: Edicion Illustrada,Paulo Coelho,2007
The Call of the Mall: How we shop,Paco Underhill,2004
Die Broke: A Radical Four-Part Financial Plan,Stephen M. Pollan/Mark LeVine,1998
Live Rich  Die Broke,Stephen M. Pollan,2005
The Die Broke Financial Problem Solver,Stephen M. Pollan/Mark LeVine,2000
Montaillou: The Promised Land of Error,Emmanuel Le Roy Ladurie/Barbara Bray,1979
Montaillou: Cathars and Catholics in a French Village 1294-1324,Emmanuel Le Roy Ladurie/Barbara Bray,2002
Montaillou: Cathars and Catholics in a French Village  1294-1324,Emmanuel Le Roy Ladurie/Barbara Bray,1980
On the Road,Jack Kerouac/Ann Charters,2006
Undaunted Courage: The Pioneering First Mission to Explore America's Wild Frontier,Stephen E. Ambrose,2003
Undaunted Courage,Stephen E. Ambrose/Barrett Whitener,2005
Co. Aytch: A Confederate Memoir of the Civil War,Sam R. Watkins,1997
Jonny Reb & Billy Yank,Alexander Hunter,1998
El Superzorro,Roald Dahl/Horacio Elena,2000
Fantastic Mr Fox,David Wood/Roald Dahl,2011
Fantastic Mr. Fox (Cover to Cover),Roald Dahl,1995
Ajax in Action,Dave Crane/Eric Pascarello/Darren James,2005
Historia del rey transparente,Rosa Montero,2006
Bella y oscura,Rosa Montero,2006
Narraciones Extraordinarias,Edgar Allan Poe,2004
Whores for Gloria,William T. Vollmann,1994
Expelled from Eden: A William T. Vollmann Reader,William T. Vollmann/Larry McCaffery/Michael Hemmingson,2004
You Bright and Risen Angels,William T. Vollmann,1988
The Ice-Shirt (Seven Dreams #1),William T. Vollmann,1993
Poor People,William T. Vollmann,2007
Las aventuras de Tom Sawyer,Mark Twain,2006
